[multi] 已启动 huya_shuoshuo https://www.huya.com/323444 -> /Users/ad/Documents/polymarket/docs/data/danmu/huya/2026-08-28_huya_shuoshuo.jsonl (pid 93558)
[multi] 聚合情报页：/Users/ad/Documents/polymarket/reports/intel_danmu_live_lck_bro_bfx_2026-08-28.html (pid 93559)
监控启动：1 个数据源 -> /Users/ad/Documents/polymarket/reports/intel_danmu_live_lck_bro_bfx_2026-08-28.html，每 60s 刷新一次
[2026-08-28 17:01:45] 已刷新 /Users/ad/Documents/polymarket/reports/intel_danmu_live_lck_bro_bfx_2026-08-28.html（984 条弹幕）
[1] DeepFxxker: 孙宇晨想揉景甜奶，景甜让他修指甲，修完随便摸
[2] 我真的要减肥: 玩加里奥没赢过
[3] 鸡飞蛋打蛋蛋疼: 真的假的
[4] 鳞郝蔚丽芋: 1-1了
[5] 未来暖阳之吻: 女人都是谁有钱跟谁走的
[2026-08-28 17:02:45] 已刷新 /Users/ad/Documents/polymarket/reports/intel_danmu_live_lck_bro_bfx_2026-08-28.html（991 条弹幕）
[6] 浩酱: v克拉有点像刊用
[7] Jacobzhu: 冰鸟没了
[8] 一个名字: 给你几千万，跟狗玩都行
[9] 嗨呀: 右边阵容好实话
[10] 一个名字: 钱到位了就可以了
[11] 邓先森: 地图上随便画个圈 飞机就直接去了 比小说还小说
[12] 征帆去棹带吴钩: 高手阵容
[13] 鳞郝蔚丽芋: 1-1了
[14] 我是一颗小虎牙: 可以摇摆
[15] 鸡飞蛋打蛋蛋疼: 不是说景的背景很好吗
[16] 脚踢霸哥拳打三桂: 右边是人？
[17] Ou滴个神Zzz: LPl这环境，解说都遭殃。以前一起解说多热闹
[18] 好是忽成行: 阿卡丽
[19] hiohoiuhgiguiig: 张神我来了
[20] 小虎牙-qoxVIGddDs: 高手
[21] 霖: 两边怎么都这么脆啊
[22] 鸿7: 什么几把阵容啊
[23] 脚踢霸哥拳打三桂: 右边想赢？
[24] 李轩: 右边这阵容
[2026-08-28 17:03:46] 已刷新 /Users/ad/Documents/polymarket/reports/intel_danmu_live_lck_bro_bfx_2026-08-28.html（1010 条弹幕）
[25] 神之右手66: 全是脆皮
[26] 未来暖阳之吻: 年纪大了，后面金主走了呗
[27] 电子神: 2-0
[28] 玉人尖尾: 1：1
[29] 蓝小胖: 景的背景早就给他踹了
[30] 李轩: 臭啊
[31] 黄公子z: 右边不配赢的
[32] 李轩: 败笔卡牌
[33] 鸿7: bro是人啊
[34] 诗成假仁者霸: 麻痹。上了第二局bro跟我选这阵容
[35] 骑盲鱼探路丶: 我压左边五十个深蹲
[36] 黄公子z: bro 最恶心的队伍，没有之一
[37] Jacobzhu: 2-0
[38] 只狼: 看好右边稳住能赢
[39] 鸡飞蛋打蛋蛋疼: 右边这阵容打反手不挺好的吗
[40] 蓝小胖: 他们还说景的背景是果郡王级别
[2026-08-28 17:04:46] 已刷新 /Users/ad/Documents/polymarket/reports/intel_danmu_live_lck_bro_bfx_2026-08-28.html（1026 条弹幕）
[41] 守门员在中场进攻: 1-1了
[42] 鸡飞蛋打蛋蛋疼: 景很早就再说背景多屌了
[43] DeepFxxker: 景的金主爸爸早换几批人了，现在在娱乐圈都没资源了
[44] kobe业务部高级: 你们老公
[45] 嗨呀: 卡莉斯塔一死就没了，这把有梦魇不好活
[46] 防愁之人乎: 背景在广东
[47] DeepFxxker: 以前资源好的时候金主爸爸还在
[48] 总有小人想害我: 刚子被kilin乱抽
[49] 我是一颗小虎牙: 有远古龙跟大龙都不敢上的龟队能赢我吃[臭臭]
[50] DeepFxxker: 现在都快40了，金主爸爸早玩腻了
[51] 鸡飞蛋打蛋蛋疼: 那就不清楚了，娱乐圈这些都不看的
[2026-08-28 17:05:46] 已刷新 /Users/ad/Documents/polymarket/reports/intel_danmu_live_lck_bro_bfx_2026-08-28.html（1037 条弹幕）
[52] Mickey: 勇哥的卡列昨天才展示的数值
[53] 未来暖阳之吻: 景不知道被多少男人玩过了都
[54] 吾儿孟德何在: 孙要是有张神一半颜值都花不了那么多钱
[55] 断云依: 浪费自己时间
[56] 上小嘲: 梦魇有人跟么
[57] 防愁之人乎: 普通人看高不可攀，在天宫还好吧，一般般都不算
[58] 看东方4年了: 2比0稳如马蓉出gui
[59] 满园竹影狐: 穷坤还操富比的心
[60] 浩酱: 景后背是不是有个运动员名字纹身
[2026-08-28 17:06:46] 已刷新 /Users/ad/Documents/polymarket/reports/intel_danmu_live_lck_bro_bfx_2026-08-28.html（1046 条弹幕）
[61] L: 为什么不是上单兔子啊
[62] 看东方4年了: 2比0稳如马蓉出gui
[63] 骑盲鱼探路丶: 这卡牌不如草鞋出门这么喜欢吃技能的
[64] 未来暖阳之吻: 她是真爱过张继科，只是张是赌狗
[65] 骑盲鱼探路丶: 真不如草鞋出门
[66] 烟火更完美: 她只是借张要流量而已
[67] 下一頁詩篇: 张是赌徒，卖了景的照片
[2026-08-28 17:07:46] 已刷新 /Users/ad/Documents/polymarket/reports/intel_danmu_live_lck_bro_bfx_2026-08-28.html（1053 条弹幕）
[68] 嗨呀: 左边练阵容
[69] DeepFxxker: 孙宇晨这人贼狠，景甜这次玩脱了要，官司必输
[70] 无之与我并生: 这么卡？
[71] lupo: 不看姜爷?
[72] 挽狂澜于击倒: 这么卡
[73] 开朗的羊Sir: ？？？
[74] Chooooooooovy: 卡了
[75] 鶠鸒: ？？
[76] 蟹老板儿你在抓子: ？
[77] 禁忌强哥: 卡卡卡卡
[78] 开朗的羊Sir: 卡了。
[79] 奈何负了蒹葭: 卡比
[80] 断云依: 卡比
[81] ZwGR: 好卡
[82] RS丶60KG: ???
[83] 摇了摇头吖: 卡了
[84] Persue77: 这么卡播啥呢
[85] 鶠鸒: 卡飞
[86] Dark: 卡卡卡卡
[87] _______L: 华为不卡
[88] 挽狂澜于击倒: 你直播间回放都卡，
[89] Derek: 没卖，抵押而已
[90] 摇了摇头吖: 干几把呢卡
[91] 小虎牙-26NiQ52cUW: 播你吗呢
[92] Xskywalker741: 她配不上我孙割
[93] 摇了摇头吖: 卡
[94] 骑盲鱼探路丶: 太仓什么破网这么卡
[95] 看东方4年了: 妈的我还以为我卡了
[96] 让我粤玉啊帅克: 华为不卡
[97] 蟹老板儿你在抓子: 能不能播
[98] 玛丽i: 卡逼
[99] 小虎牙-26NiQ52cUW: 播你吗呢播你吗呢
[100] 防愁之人乎: 张是个出生，是个人都干不出这事
[101] 未来暖阳之吻: 能播？
[102] 许许如牲: 能播播
[103] ZwGR: 一卡一卡的
[104] L: 卡死了，张处
[105] 下一頁詩篇: 能不能播
[106] SDN的拖: 不能播滚
[107] 姜姜的姜姜: 播？
[108] L: 不能播就滚
[109] 展千晴: 不卡
[110] 荭茗: 没卡啊
[111] 姜姜的姜姜: 能不能播
[112] 陌凉: 张处，快播关了
[113] 沫沫: 老张有人骂你出生[奸笑]
[2026-08-28 17:08:46] 已刷新 /Users/ad/Documents/polymarket/reports/intel_danmu_live_lck_bro_bfx_2026-08-28.html（1099 条弹幕）
[114] 骑盲鱼探路丶: 能播就播，不能播就下播
[115] 挽狂澜于击倒: 你的回放你都卡
[116] L: 我还以为就我网络有问题
[117] 小老弟: 2～0
[118] Derek: 结束
[119] 刘珂蒙恬马西西妲己吧: 2-0犯法？
[120] 姜姜的姜姜: 卡死
[121] 荭茗: 没有卡
[122] 暮色轻寒露: 好了
[123] 高考状元马xixi: 卡得要死
[124] 被庄家盯上的人: 冰鸟没赢过
[125] 姜姜的姜姜: 无限月读
[126] ZwGR: 现在好了
[127] 摇了摇头吖: 肯定几把真卡啊
[128] 我是一颗小虎牙: 你发现其他人没声音了吗？
[129] 我是一颗小虎牙: 你发现其他人没声音了吗？
[130] Derek: 去看shy哥进世界赛了
[131] Chooooooooovy: 刚刚卡了
[132] Hx: 是的 伊邪那美
[133] ZwGR: 前面一卡一卡的
[134] TolltollA: 不卡
[135] 我是一颗小虎牙: 你发现其他人没声音了吗？
[136] 许许如牲: 不得不否认是真卡
[137] 辛酸乙酯银鱼: 真卡
[138] 荭茗: 说卡的都是乱带节奏的
[139] 有点小困丶丶: 华为不卡
[140] 姜姜的姜姜: 哈哈哈早好了
[141] 挽狂澜于击倒: 你自己不卡，你下播自己看
[142] 蕉下觅诗客: 开局就开送咯
[143] 一个名字: bo5   2-0又怎么样
[144] 喜欢看炸姐直播效果: 不卡你就好好播  ， 我刚还以为是我卡了
[145] Mickey: 说卡的滚出去
[146] 烟Buff光环: 卡针
[2026-08-28 17:09:46] 已刷新 /Users/ad/Documents/polymarket/reports/intel_danmu_live_lck_bro_bfx_2026-08-28.html（1132 条弹幕）
[147] ポИцi: 我还以为是我wifi 问题
[148] 拍老弟: 卡牌前期有毛伤害，这卡牌硬搞
[149] 我是一颗小虎牙: 说好的狗王呢
[150] 哈工刘德华1: 卡的一笔
[151] kpl小迷叔: 卡
[152] 下一頁詩篇: 张是赌狗，为了还钱，卖景私照
[153] 蟹老板儿你在抓子: ？
[154] 香辣干子798: 卡卡卡卡
[155] 蕉下觅诗客: 开局就开送 水位明显不对啊
[156] 荭茗: 笋干包嘎
[157] 爱的就是超威: 卡的一笔
[158] ZwGR: 又开始了
[159] 梦不湿行云: 卡死了
[160] 烟Buff光环: 还有谁转播的 我换个直播间
[161] 日出前抵达: 好卡啊
[162] 猪队友小N: 卡
[163] 未来暖阳之吻: 卡
[164] 海森堡格: 卡的批
[165] 雪意凝香蕊: 这么卡？
[166] 狂攻警报: 卡
[167] 老虎醉汉: 又卡了
[168] 我是一颗小虎牙: 一直在掉帧。
[169] 12月的告别FarewellinDecember: TT用京东和BLG那一套
[170] 安心: 卡！！！
[171] 李轩: 受不了了，一卡一卡的
[172] 轻描＆淡写: 卡的发昏
[173] 腾飞: 打野直接交闪啥事没有
[174] ✦.磊   磊: 卡
[175] 我是小明啊Zz: 一卡一卡的
[176] 又何蹇骥足: 佧
[177] 山高出天山: 卡
[178] 12月的告别FarewellinDecember: Tt
[179] 孤独的多: 卡
[180] 三鼎柠檬乳酪饼: 我以前我卡了
[181] 梦不湿行云: 能不能播
[182] 金凯瑟琳: 好卡啊
[183] 小半: 中野联动一死一送
[184] 高进123: 好卡
[185] 姜姜的姜姜: 这下真卡了
[186] Rosegirl: 啦咔咔咔咔
[187] 我是一颗小虎牙: 卡
[188] 明天的太阳: 又卡了
[189] 观千秋雨余: 这卡的
[190] 我是一颗小虎牙: 卡
[191] 李轩: 咋回事，张总
[192] 荭茗: 是有点卡针好像
[193] Hx: 卡爆了
[194] 75621: 你不播就滚啊
[195] 轻描＆淡写: 你在播你大坝
[196] 小虎牙-NOf2Nv1DZA: 卡爆了
[197] 骑马的感觉爽: 卡
[198] Kody999: 就是你卡了 老张
[199] 李轩: 卡死了
[200] 许许如牲: 中路只有一个人能呼风唤雨，那就是我李相赫
[201] 呵呵嘿嘿拔萝卜: 我还以为我卡
[202] 幽九瑾: 讲话会电音
[203] 亿凡-陈阿雷: 卡
[204] 开朗的羊Sir: 能不能播
[205] 低调但实力: 卡得流汤
[206] 小麦当当当: 卡比了
[207] L: 能不能播
[208] Chooooooooovy: 一卡一卡的
[209] DeepFxxker: bro经典让一追二，就看四五把bfx能不能再追回来了
[210] 吾儿孟德何在: 你抽个奖就不卡了
[211] 小虎牙-NOf2Nv1DZA: 卡卡爆了
[212] ポИцi: 电音都出来了
[213] 吴尘: 小米不会卡啊
[214] 小虎牙-7w3gtmvI5Y: 换直播间
[215] 亿凡-陈阿雷: 我以为我卡
[216] 幽九瑾: 画面不会
[217] 哈工刘德华1: 换了线路五好了
[218] 小湘: 能播播，不能播滚
[219] 演员请准备: 你自己用手机看下是不是真卡
[220] 高考状元马xixi: 就是你个逼直播间真的卡
[221] 䮽: 卡死
[222] 烟Buff光环: 破电脑没钱换？
[223] Rosegirl: 就是你卡
[224] 哈工刘德华1: 线路五好的
[2026-08-28 17:10:47] 已刷新 /Users/ad/Documents/polymarket/reports/intel_danmu_live_lck_bro_bfx_2026-08-28.html（1210 条弹幕）
[225] 我是一颗小虎牙: 老张卡B,马铁踢了他
[226] 小虎牙-NOf2Nv1DZA: 能不能播
[227] 七七【会飞】: 能不能播，卡
[228] 我是一颗小虎牙: 老张卡B,马铁踢了他
[229] 哈工刘德华1: 我刚也卡了
[230] 日出前抵达: 大家都卡就不是刷一下的问题
[231] 拍老弟: 你好几把卡
[232] 土鸡鱼藓林: 经济差不大
[233] Xskywalker741: 狗在LCK很难赢
[234] 我的现任男友A: 5分钟卡三次了
[235] 我是一颗小虎牙: 老张卡B,马铁踢了他
[236] 铁树长青枝: 我还以为我网卡了
[237] 举言已兴叹: 好卡
[238] 我是一颗小虎牙: 华为不卡
[239] 演员请准备: 是不是套餐快到期了
[240] 每一天都一样: 能播
[241] 硕硕是帅哥: 确实卡了
[242] 小海: 能不能播了？
[243] 魔影风雨: 卡死了，卡死了
[244] 荭茗: 现在又好了
[245] 息我君兮陫侧: 太卡了
[246] 云雾妇: 卡的发昏
[247] 幽九瑾: 画面不会，说话卡
[248] 1234567: 不卡啊
[249] 重本有台: 该学米神换个600的网了
[250] 许许如牲: 你闹麻了还人太多了
[251] 遗忘2580: 换个线路五
[252] 旅途: 不卡
[253] 谈笑盈盈宫观平: 换苹果手机就不卡了
[254] Albert: 是主播卡了。  我们跟着卡的
[255] 1349787092yy: 不会卡
[256] 下一頁詩篇: ？？？？？？？？？？？？？？？
[257] Xskywalker741: 卡了
[258] 下一頁詩篇: ？？？？？？？？？？？？？？？
[259] 下一頁詩篇: ？？？？？？？？？？？？？？？
[260] Xskywalker741: ？？？
[261] 旅途: 卡了
[262] L: 曹
[263] josk: 卡
[264] 小虎牙-HF4DMpHm7T: 卡
[265] A00冬天来了: 卡死了
[266] Albert: 一直在卡
[267] 喜欢看炸姐直播效果: ？
[268] 图书馆: 人太多了 大家换个直播间看吧
[269] 旅途: ？
[270] 虚无中的真言: 确实卡
[271] 7: 又卡
[272] ZwGR: ？
[273] 我是一颗小虎牙: ？？
[274] 防愁之人乎: 代表别人说不卡的，都是中专结晶
[275] 狂攻警报: 直接卡住了
[276] L: 张处
[277] ZwGR: ？
[278] TolltollA: 这次真卡了
[279] 旅途: ？？？
[280] Chooooooooovy: ？？
[281] 摇了摇头吖: 卡
[282] 梦不湿行云: 直接不动了
[283] 魔影风雨: 卡的人都不动了
[284] 呵呵嘿嘿拔萝卜: 直接卡死了
[285] 橙话: 超级卡
[286] 小方格丶ting: 为什么现在不连麦了，连麦有意思点
[287] 牙膏: ????
[288] 物有嗜欲肥: 卡死了
[289] 你真好看丶: 卡飞了
[290] kobe业务部高级: ？？
[291] 吾儿孟德何在: 这下真卡了
[292] 执子之手～: 又卡了能不能播了
[293] 一切安好: 卡
[294] 照吾一山门: 没啥问题
[295] 旅途: 真卡了
[296] 飞哥哥3: ？？？？
[297] 长沙翟子路: 超级卡
[298] 河道蟹蟹蟹蟹: 都他么卡爆了还没问题
[299] GavinJason: 又卡了
[300] 摇了摇头吖: 卡
[301] 阿飞在路上: 就是卡
[302] Hx: 尼玛 换了更卡
[303] 人生茫路: 老是一卡一卡的
[304] 丶糊涂虫: 人太多了 大家换个直播间看吧
[305] A00冬天来了: 又卡了
[306] 照吾一山门: 哈哈
[307] CS2-彭亦晨: 真卡
[308] 土鸡鱼藓林: ???
[309] 星夜: 卡了
[310] 浩酱: 华为不卡
[311] 不知柳梢歸: 卡到爆炸
[312] Xskywalker741: 不动了
[313] Gnls行歌: ???
[314] ZwGR: 能好好播了嘛
[315] 爱喝矿泉水的猫: 卡的要命
[316] CS2-彭亦晨: 太卡了
[317] Rosegirl: 你卡成啥了
[318] 枫叶落入雪: ???
[319] 一切安好: ???
[320] 共郎登楼寝: 倒闭倒闭倒闭
[321] 蟪蛄江之无穷: 不能播 滚
[2026-08-28 17:11:47] 已刷新 /Users/ad/Documents/polymarket/reports/intel_danmu_live_lck_bro_bfx_2026-08-28.html（1307 条弹幕）
[322] 挽狂澜于击倒: 能播播，不播就下
[323] 筱柒ioi: ???
[324] 解哾米勒: 华为不卡
[325] 兔树: 卡死了
[326] 重本有台: ???
[327] 独来独往: 走去其他人直播，卡死了
[328] 筱柒ioi: ???
[329] 峻哥泽弟: 卡成这样，还没问题
[330] 禁忌强哥: 能不能播啊
[331] 一切安好: 卡了
[332] 小虎牙-NOf2Nv1DZA: 好个毛也是卡
[333] 唐朝下小雨: ???
[334] 重本有台: 太没问题了
[335] Kevin17: 太卡
[336] 晚风: 卡就下播
[337] 下一次ォ记得: 有点卡
[338] 7: ???
[339] 爆ぜろリアル💥: 换个线路就好了
[340] L: 滚，不能播就滚
[341] 虎黑: ???
[342] 开朗的羊Sir: 顿卡
[343] 清溪丹阳: zhen de
[344] 敢把我禁言打开吗: 确实卡
[345] 蟹老板儿你在抓子: 卡啊
[346] 小虎牙-NOf2Nv1DZA: 两个线路都卡
[347] 1349787092yy: 我都不会
[348] 旅途: 一会卡一会不卡
[349] 豆豆90: 卡了
[350] 我是一颗小虎牙: 别重复了
[351] 开朗的羊Sir: 顿卡 顿卡
[352] 熟悉的陌生人: 一万人都没有，卡成这逼样
[353] 分野霸者行: 就30m的卡
[354] 蟹老板儿你在抓子: ???
[355] 小虎牙-sSbPiKFXAS: 没卡啊
[356] 浩酱: 华为不卡
[357] 幽九瑾: 越来越炸了
[358] 断云依: 卡
[359] 鸡飞蛋打蛋蛋疼: 还真的假的，我们卡还用骗你？
[360] 斋藤秀: 对弹幕都是骗你的
[361] Aurevoir: ？？？卡死了
[362] 阿飞在路上: 换了更卡
[363] 1234567: 真的
[364] 幸免朱仙鎮: 卡死
[365] 我是一颗小虎牙: ???
[366] 梦不湿行云: 都卡半天了啊
[367] 最爱哈迪: 没卡，他们乱搞的
[368] 礼寻欢e: 刚才线路14卡了
[369] L: 卡爆了
[370] Gemela: 真卡
[371] 我是一颗小虎牙: 复读机啊你是
[372] Kevin17: 5G网络，就是卡啊
[373] Bcbhd: 好卡
[374] 晚风: 不能播就关掉
[375] 我是一颗小虎牙: 华为不卡
[376] Albert: 主播的问题， 不要在质疑了。主播的问题， 不要在质疑了。主播
[377] SF: 逗你呢没卡
[378] 楠楠: 很卡，我以为是我网络问题
[379] 筱柒ioi: 真卡
[380] Albert: 主播的问题， 不要在质疑了。主播的问题， 不要在质疑了。主播
[381] 陈大爷的: ？？？？？？
[382] 欧巴你起个名字好不好: 真的卡
[383] Albert: 主播的问题， 不要在质疑了。主播的问题， 不要在质疑了。主播
[384] 我是一颗小虎牙: 不卡啊
[385] Albert: 主播的问题， 不要在质疑了。主播的问题， 不要在质疑了。主播
[386] Gemela: 都要卡爆了
[387] 丶糊涂虫: 5G网络，就是卡啊
[388] 蟹老板儿你在抓子: gg
[389] Hx: 炸了
[390] 我是一颗小虎牙: 步步高不卡
[391] 蕉下觅诗客: 这样子送啊
[392] 张怡1: 疯了bfx
[393] 深夜中的我: 是很卡
[394] 辛酸乙酯银鱼: 一团就卡
[395] 好手烟消火冷: 这狗子疯了啊
[396] 硕硕是帅哥: 卡
[397] 兔树: 真卡，有时候一顿一顿的，有时候直接卡黑屏
[398] 花落: 你说话都卡
[399] 3、1415926等等: 不是   这脑壳发昏这么打？
[400] 我是一颗小虎牙: 不想打就滚
[401] Kevin17: 很卡！
[402] Joker: 我还以为我的问题呢哈哈
[403] 猪小弟变红小弟: 笑死了，这不是明送
[404] Bcbhd: 拉丝了
[405] SF: 逗你呢没卡
[406] SF: 逗你呢没卡
[407] Shenguobing: 一人一吧
[408] SF: 逗你呢没卡
[409] 宝贝宝宝开心快乐健康: 左边在干什么东西脑子没有啊
[410] 骑马的感觉爽: 完全看不懂，进人家野区干嘛
[411] 电竞黄磊1234: 是有点卡
[412] 贼青青: 卡的有些频繁
[413] SF: 逗你呢没卡
[414] 阿飞在路上: 总算正常点了
[415] 斯潘历史: 送疯了
[2026-08-28 17:12:47] 已刷新 /Users/ad/Documents/polymarket/reports/intel_danmu_live_lck_bro_bfx_2026-08-28.html（1401 条弹幕）
[416] Joker: 看来大家都卡我就放心了
[417] 浩酱: 华为不卡
[418] SF: 逗你呢没卡
[419] 竹举年: 我还以为是我网的问题
[420] 猪小弟变红小弟: 在夜区看半天
[421] Hx: OK
[422] 小老弟: 送疯了
[423] 梦不湿行云: 你没问题那是谁的问题
[424] 权Vi: 1-1了
[425] 兔树: 现在没问题，一会就不知道了
[426] 清溪丹阳: 这个解释 合理
[427] 我是一颗小虎牙: 后期阵容。领先2000？
[428] 75621: 抽你大坝
[429] 哈米吉多顿大战: 不会又打满了吧
[430] 我的现任男友A: 还怪上ig了
[431] Lucia7: 心虚了
[432] 之Zzzzzzz: 又卡了
[433] 梦不湿行云: 又骗我一毛钱
[434] L: 别卡就行
[435] 狂鸟丶9夜-90327: 硕硕不看ig吗
[436] 小方格丶ting: 张神为啥不连麦了
[437] Lucia7: 心虚了
[438] 斋藤秀: 一毛钱不是钱
[439] 公子世無双丶: 癌鸡害人精
[440] 我是一颗小虎牙: 想骗我一毛钱
[2026-08-28 17:13:47] 已刷新 /Users/ad/Documents/polymarket/reports/intel_danmu_live_lck_bro_bfx_2026-08-28.html（1426 条弹幕）
[441] 人在Notion: 还在卡啊
[442] 金凯瑟琳: 这打野，不去控龙，硬进去反野，死人
[443] 兔树: 又小卡了一下
[444] 哈米吉多顿大战: 虎牙服务器的问题？
[445] Xskywalker741: 你是怪我门了
[446] T1小虎: 一毛钱才抽50，直播间这么多人这钱不就是大家出了？
[447] Chooooooooovy: 张哥一个月网费多少
[448] 吴尘: 网费按小时交的？
[449] 清溪丹阳: 真处 啊 一毛都不放过
[450] 梦不湿行云: 算不算聚众赌博
[451] T1小虎: 抽不起别抽
[452] T1小虎: 抽不起别抽
[453] 梦不湿行云: 卡卡卡卡卡
[454] 断云依: 卡
[455] 哈米吉多顿大战: ？
[456] 我是一颗小虎牙: 涅槃 姜爷
[457] 1234567: 确实卡
[458] 哈米吉多顿大战: 我不卡啊
[459] 3、1415926等等: ？？？？？？？
[460] 晨风-ly: 真的有点卡，时不时
[461] 骑马的感觉爽: 搞笑
[462] 梦不湿行云: 又卡了
[463] 風雲: 卡车PPT了
[464] 一人守一城一生爱一人: 还是人吗
[465] ♥灰小超ิิ: 能不能播了
[466] 風雲: 卡成PPT了
[467] 梦不湿行云: 你都卡出电音了
[468] 浅汐-: 下一把了
[469] 哈米吉多顿大战: 送
[470] 梦不湿行云: ppt啊
[471] 上小嘲: 直接掏死
[472] 永不言败: 看不到了
[473] skt1加油: 套上也是死
[474] 社山索尔: 又要让一追三
[475] 哈米吉多顿大战: 前期狂送6个
[476] 兔树: 一会卡一会不卡的
[2026-08-28 17:14:47] 已刷新 /Users/ad/Documents/polymarket/reports/intel_danmu_live_lck_bro_bfx_2026-08-28.html（1462 条弹幕）
[477] 梦不湿行云: 一直卡
[478] 上小嘲: gg
[479] KEating: g了啊
[480] 面包小子v: 图三了
[481] 浩酱: 华为不卡
[482] 3、1415926等等: 不是
[483] 我是一颗小虎牙: 疯狂送，太假了
[484] 🐑🐑: 送疯了
[485] 旷兮无花果: 爆炸了
[486] TenderTree: 人机啊
[487] 我是一颗小虎牙: 狗队
[488] Xskywalker741: 现在不卡了
[489] 🔫陈sir: 66666
[490] Chooooooooovy: 虐了啊
[491] 我是一颗小虎牙: 纯人机
[492] 开朗的羊Sir: 无限送
[493] 1234567: 换台
[494] 骑马的感觉爽: 这狐狸打的什么鬼东西
[495] 蕉下觅诗客: 明着送啊
[496] 刘珂蒙恬马西西妲己吧: 2-0犯法？
[497] 斯潘历史: 不想玩点了呗
[498] 光辉岁月: 打个毛线
[499] 1234567: 换台
[500] 我是一颗小虎牙life: 碾压
[501] sask是我大哥: 我想问一下  这个够  为什么不R
[502] 3、1415926等等: 这不是送吗
[503] 75621: 点了
[504] 杂沓星初落: 这尼玛
[505] 1234567: 换台
[506] 小虎牙-CYhiFD1drB: 一人一把经典lck
[507] Hx: 换台了可以
[508] 城北小雷: bfx干啥啊。。
[509] 75621: 点了下一吧
[510] 哈米吉多顿大战: 右边这阵容 能7比0领先
[511] 永不言败: 毛处，能不能播？
[512] 一人守一城一生爱一人: 入侵野区那波就不想玩了
[513] 宝贝宝宝开心快乐健康: 在玩什么东西都不知道天才
[514] 领跑: 真精彩
[515] 爱慕有法责: 这不能被翻吧
[516] 吴尘: 没了，可以去看涅槃姜爷的比赛了
[517] 蕉下觅诗客: 排队送
[518] 爱始终年轻: 狗是演员
[519] 杂沓星初落: 上把卡0.5
[520] 蟹老板儿你在抓子: 结束了
[521] 哈米吉多顿大战: 想加速了吗
[522] 金凯瑟琳: 打野带崩3路了
[523] 杂沓星初落: 真尼玛是人
[524] 下一頁詩篇: ？？？？？？？？？？？？？？？
[525] 梦不湿行云: 卡卡卡卡卡卡
[526] 断云依: 卡
[527] 吴尘: 卡比
[528] 我是一颗小虎牙: 卡死了
[2026-08-28 17:15:47] 已刷新 /Users/ad/Documents/polymarket/reports/intel_danmu_live_lck_bro_bfx_2026-08-28.html（1514 条弹幕）
[529] 梦不湿行云: 卡卡卡卡卡
[530] 明天的太阳: 又卡了
[531] 老虎醉汉: 卡卡卡
[532] 环球心灵捕手南汐: 中野辅每一个是人
[533] 好峰古时丹: ？
[534] Chooooooooovy: 卡啊
[535] KZZZ: 卡死了
[536] 下一頁詩篇: ？？？？？？？？？？？？？？？
[537] viper727: 辅助的及时救难呢
[538] ♥灰小超ิิ: 能不能播啊？
[539] 激活冰露: 卡卡
[540] 浅汐-: 卡死了
[541] _______L: 确实卡
[542] 梦不湿行云: 无限卡
[543] 小虎牙-NOf2Nv1DZA: 又来卡
[544] 鸿7: 你他妈播不播
[545] Xskywalker741: 卡了
[546] 成兵君穗: 好卡
[547] 虚无中的真言: 卡
[548] 斯潘历史: 又来了？
[549] KEating: 好卡哦
[550] Chooooooooovy: 换线路5还是卡
[551] 我是一颗小虎牙: 老张真业余
[552] Bcbhd: 卡
[553] 香酥凤腿肥肉: 卡死了
[554] 开朗的羊Sir: ？？？
[555] ♥灰小超ิิ: 不能播就滚
[556] 花絮柳飘雪: 好卡
[557] 我是一颗小虎牙: 卡死了，滚吧
[558] 下一頁詩篇: ？？？？？？？？？？？？？？？
[559] 长沙翟子路: 卡了
[560] KZZZ: 好卡
[561] 山高出天山: 你是真的卡我换台了
[562] 人在Notion: 又卡了
[563] 敢把我禁言打开吗: 不能播别播了
[564] viper727: 辅助的及时救难去那了
[565] ZwGR: 他妈的 崩溃了啊
[566] Xskywalker741: 卡了
[567] 梦不湿行云: 你能不能滚
[568] 林夕游走: 卡死了
[569] 黄公子z: LCK的假赛还是厉害
[570] 蟹老板儿你在抓子: 卡卡卡卡
[571] Bcbhd: 还是卡
[572] 长沙翟子路: 卡
[573] 阿飞在路上: 又开始了
[574] 曹不遇: 卡卡卡卡
[575] viper727: 兄弟们撤退
[576] 薄荷小静: 不会卡
[577] 哈米吉多顿大战: 这比赛 还有这么多赌徒吗
[578] 则君百重衣: 卡成这样没办法看
[579] 摇了摇头吖: 卡的一比卧槽了
[580] 梦不湿行云: 你能不能下播
[581] 蕉下觅诗客: 这把就是资本进场了
[582] SF: 哈哈哈哈哈哈哈哈哈哈
[583] josk: 卡
[584] 断云依: 你是不是在下片啊
[585] 橡树恶作剧之吻: 太可怜
[586] 看东方4年了: 这你不看隔壁！
[587] 长沙翟子路: 超清都卡
[588] 我是一颗小虎牙: 卡死了卡比
[589] 貣脼㬥: 能不能播
[590] 林夕游走: 你他妈太卡了
[591] 落叶知秋情谊如酒: 0封？
[592] 橡树恶作剧之吻: 太卡了
[593] 林深时见鹿: 卡的换下线路就可以了
[594] 小虎牙-nTlqKy2q90: 你能不能下播
[595] Xskywalker741: 卡的滑板鞋都跳不动
[596] 北慕亨亨: 这直播也太流畅了
[597] 1234567: 你不会自己打开个直播间看看？
[598] 橡树恶作剧之吻: 下播吧
[599] 吾儿孟德何在: ？？？
[600] 守望街头: 一人一把龙魂吗
[601] 高考状元马xixi: 我服了 你个逼直播间也太卡了
[602] KEating: 你能不能别下电影了
[603] 出身就在罗马: 看个蛋啊
[604] 1: 哥 卡死了
[605] 峻哥泽弟: 能不能播了？
[606] 木木不哭: 能播播不能播滚
[607] 小虎牙-NOf2Nv1DZA: 直接定住了
[608] 小虎牙-CYhiFD1drB: 赶紧滚吧
[609] 龙翔第一深情: 不能播滚啊
[610] 果汁纯8纯: 老张重启一下直播间吧
[611] 鸡蹄花鸡蹄花: 卡得要命！走了
[612] Chooooooooovy: 别下东西啊，张哥
[613] 低调但实力: 别下了
[614] Tony: 卡死
[615] 我是一颗小虎牙: 不动了都
[616] 舟逸心: 卡
[617] 橡树恶作剧之吻: 下播吃饭去吧
[618] 小虎牙-2KV7HJQqyz: 左边这阵容居然可以这么大劣势
[619] 1234567: 你不会自己打开个直播间看看？
[620] 梦不湿行云: 你网炸了
[621] 下一頁詩篇: ？？？？？？？？？？？？？？？
[622] 貣脼㬥: 能不能播
[623] Gnls行歌: 换了也卡啊
[624] 橡树恶作剧之吻: 别播了
[625] 1234567: 你不会自己打开个直播间看看？
[626] 黄金时代: 设备都不好 开锤子直播
[627] 1234567: 你不会自己打开个直播间看看？
[628] 我是一颗小虎牙: 你自己拿你手机看，真卡啊，沃日了
[629] 我是一颗小虎牙: 能不能播
[630] 守望街头: 龙魂一人一把
[631] 哈米吉多顿大战: 看看有什么占上传的
[632] 香酥凤腿肥肉: 又卡定住了
[633] 1234567: 你不会自己打开个直播间看看？
[634] 保西将军格列兹曼: 不用华为活该你们卡！！！
[2026-08-28 17:16:47] 已刷新 /Users/ad/Documents/polymarket/reports/intel_danmu_live_lck_bro_bfx_2026-08-28.html（1620 条弹幕）
[635] Calm: 不能播就下吧
[636] 别风烛火: 一顿一顿的，有时顿久一点
[637] 我是一颗小虎牙: 你自己拿你手机看，真卡啊，沃日了
[638] 下一頁詩篇: ？？？？？？？？？？？？？？？
[639] 别风烛火: 一顿一顿的，有时顿久一点
[640] 下一頁詩篇: ？？？？？？？？？？？？？？？
[641] 老是吃不到撑: 卡死了
[642] 下一頁詩篇: ？？？？？？？？？？？？？？？
[643] 香酥凤腿肥肉: 我开的超清也卡住
[644] L: ？？？？
[645] 你姑爹的爱人: 能不能播
[646] 秦岚是我的: 就是你卡
[647] 我是一颗小虎牙: ？？？
[648] 无极星辰: 好卡
[649] 贼青青: 幻灯片放映
[650] 哈米吉多顿大战: 换个流试试
[651] 小姐姐、别害羞: 卡的很
[652] 小心小鲨鱼鱼: 真是你卡
[653] 旧梦丶南城: 重复三次了
[654] 没有良心吗: 能不能播
[655] Carol: 卡的一笔
[656] Chooooooooovy: 就是你啊，我们都卡
[657] 我是一颗小虎牙: 观看体验0分
[658] 梅亭村大桥: 没法看，去看I G了，看死了
[659] 小湘: 飞你大坝
[660] l: 不动哦
[661] L: 能不能播
[662] 暑日好兄弟: 11分钟4k，是人？
[663] 忧忧大王Ouo【小麻瓜】: 能播吗，不能播下播
[664] 十字路口: 真的卡
[665] 我是一颗小虎牙: ？？？
[666] 微小姿势: 太卡了，先去看僵哥比赛了
[667] 无极星辰: 咔咔咔
[668] GavinJason: 又卡了
[669] because you: 太卡了哥们
[670] 豆豆90: 卡爆了
[671] 1234567: 你不会自己打开个直播间看看？卡死了
[672] 薄荷小静: 应该是平台的问题，另一场比赛太多人了
[673] l: 不动了
[674] 忧忧大王Ouo【小麻瓜】: 能播吗，不能播下播，自己拿手机看看啊
[675] 75621: 我服了 你弄几把
[676] 廖成兵: 你自己手机进直播间看看不就知道了吗？
[677] 小小的双马尾: 今天是有点卡
[678] 震雷电狮: 真的卡
[679] 似花山水好: 卡死了
[680] 我是一颗小虎牙: 太卡了吧
[681] GyL丶过客: 溜了溜了
[682] TolltollA: 就你一个人播，没办法
[683] 由奢平山堂上: 卡蒙了
[684] 成: 虎牙问题
[685] 斯潘历史: 我超清都卡
[686] 吾儿孟德何在: 我敲你哇你给我播好了呀
[687] L: 卡比
[688] 我是一颗小虎牙: 你的摄像头都卡了 肯定你的设备问题
[689] 浅汐-: 不能播下播
[690] 咖喱味的酒: 说话像过减速带一样
[691] L: 又卡了
[692] 下一頁詩篇: ？？？？？？？？？？？？？？？
[693] killallidiots: ？？
[694] 忧忧大王Ouo【小麻瓜】: 能播吗，不能播下播，自己拿手机看看啊
[695] KZZZ: 卡了
[696] 蜕变: 卡死了
[697] 依然韩流乀: 卡爆了
[698] 怀旧游戏小鱼: 送成狗了左边这群菜逼
[699] 梦不湿行云: 打团就卡
[700] Chooooooooovy: 。。。。。。。。。。
[701] 吾儿孟德何在: 我敲你哇你给我播好了呀
[702] 豆豆90: 卡了
[703] 马行蓝仙: 操
[704] 兔树: 卡到黑屏了
[705] viper727: 不能播就滚呐
[706] 照吾一山门: 梦魇关灯直接卡
[707] 虎黑: 不能播赶紧滚
[708] Xskywalker741: 姜爷单杀了
[709] KZZZ: 又卡了
[710] 小坏人: ？？？？？？？？？？？？？？
[711] 小虎牙-sSbPiKFXAS: 好卡啊
[712] 清溪丹阳: ？
[713] 哈米吉多顿大战: 循环播放
[714] Wy: 播不了就别播
[715] 梁隐: 能不能播
[716] 赋箐: 卡死了
[717] 我是一颗小虎牙: 你这说话一顿一顿的，像看动画片一样
[718] 梦不湿行云: 闹麻了
[2026-08-28 17:17:48] 已刷新 /Users/ad/Documents/polymarket/reports/intel_danmu_live_lck_bro_bfx_2026-08-28.html（1704 条弹幕）
[719] 无双-双双: 确实卡了硕硕。
[720] 咖喱味的酒: 卡得像过减速带一样
[721] 小红枫vx: 卡飞了，能不能播
[722] 禁忌强哥: 能不能播啊 卡死啦
[723] FML-Theodore3: 能不能播能不能播能不能播能不能播
[724] 水润花枝: NIKANBA
[725] PipLup: 卡卡卡卡卡
[726] 明天的太阳: 能不能播放
[727] の)、久醉绕心弦ゝ: 卡逼 能不能播
[728] 怀旧游戏小鱼: 不懂就问，bro在虐狗嘛
[729] 雾谷橙子雾: 能播步
[730] 苏州汽贸王龙: 卡死了播不播
[731] 色静堪咨嗟: 确实卡
[732] 小虎牙-iVGlV2DyQy: 你们都卡吗
[733] cJ: 都卡
[734] 小红枫vx: 不能播下班
[735] 小湘: 没问题你大坝
[736] 1234567: 你用网页打开直播间看看 还没问题
[737] 我爱我家: 卡死了你搞鸡毛啊
[738] 虚无中的真言: 我看大吧，怎么看
[739] 兔树: 梦魇把弹幕的屏都关了
[740] 哈米吉多顿大战: ？
[741] 浮生若水: 卡啊 我以为我的问题呢 下片没限速
[742] Xskywalker741: 老张今天可以下班了
[743] GavinJason: 一开团又卡[扶额]
[744] 旧人: 爆炸了
[745] 康康至尊: 卡死了
[746] 小虎牙-sSbPiKFXAS: 卡死了
[747] 咖喱味的酒: 我用流量看的我流量也不卡啊
[748] 1234567: 你用网页打开直播间看看 还没问题
[749] 浮生若水: 卡啊 我以为我的问题呢 下片没限速
[750] 浮生若水: 卡啊 我以为我的问题呢 下片没限速
[751] L: 尼玛的张处
[752] 1234567: 你用网页打开直播间看看 还没问题
[753] 浮生若水: 卡啊 我以为我的问题呢 下片没限速
[754] 浮生若水: 卡啊 我以为我的问题呢 下片没限速
[755] zzzxx丶丶丶: 不是你是我
[756] l: 卡死人了
[757] 哈米吉多顿大战: 你用手机看下你直播
[758] PipLup: 卡卡卡卡卡卡
[759] 1234567: 你用网页打开直播间看看 还没问题
[760] TolltollA: 不出意外0-20
[761] zzzxx丶丶丶: 卡成这样还一直嘴硬
[762] 猪小弟变红小弟: 选这样的真不要脸明着送
[763] L: 可以鸡毛
[764] 旷兮无花果: 卡死了
[765] 蟹老板儿你在抓子: 你是不是在下欧美区
[766] 出身就在罗马: app都卡
[767] 涂游踏看日落: 怎么这么夸张啊第一局怎么赢的
[768] Gemela: 卡到受不了了要
[769] G丶dog: 这么多人说你卡。难道还是我们的问题？
[770] 我是一颗小虎牙: 还是卡
[771] 我是一颗小虎牙: 太真了这个bfx
[772] 啦哥97: 还是卡
[773] 六月别困: 现在这比赛真神奇
[774] 小虎牙-sSbPiKFXAS: 卡顿的
[775] 浩酱: 姜王拿一血了
[776] 兔树: 4兆太糊了吧
[777] 拼音书: 卡
[778] 浮生若水: 卡啊 我以为我的问题呢 下片没限速
[779] 我爱我家: 水果手机用什么4m啊
[780] 1234567: 8m也卡
[781] 小虎牙-qkuRIl0yDM: 卡死了
[782] 青春赋予给她: 卡比
[783] PipLup: 卡卡卡卡卡卡卡卡卡卡卡卡卡
[784] 哈米吉多顿大战: 不是清晰度 的问题 哪个清晰度都卡顿
[785] 无双-双双: 还是会有断断续续的
[786] 我是一颗小虎牙: 迅雷关了
[787] 舟逸心: 为什么其他人不卡
[788] 我是一颗小虎牙: 又开始了
[789] 小虎牙-NOf2Nv1DZA: 一顿一顿的播毛线啊
[790] 小虎牙-sSbPiKFXAS: 你拿手机看下啊
[791] 梁隐: 卡难免 不要嘴硬
[792] 1: 哥 我超清都卡的不行不行的
[793] 吾儿孟德何在: 我敲你哇你给我播好了呀
[794] goldIU: 卡
[795] 兔树: 又尼玛卡了
[796] 蟹老板儿你在抓子: 用网页看不卡 大家都换网页
[797] 我是一颗小虎牙: 卡没了直接
[798] KEating: 卡起来就是超清也卡啊
[799] 1161427948yy: 你真卡阿，我负了
[800] mkfoyw: 卡死了
[801] 我是一颗小虎牙: 搞什么啊
[802] SDN的拖: 能不能播
[803] 豆豆90: 刚说完就卡
[2026-08-28 17:18:48] 已刷新 /Users/ad/Documents/polymarket/reports/intel_danmu_live_lck_bro_bfx_2026-08-28.html（1789 条弹幕）
[804] goldIU: 卡爆了
[805] 虚无中的真言: 还是卡
[806] 恶魔: 主播别下东西了
[807] 梦不湿行云: 你下播吧
[808] 雾谷橙子雾: 不能播赶紧下班，卡死了
[809] 晚安晚安: 好卡
[810] viper727: 不能播就滚呐
[811] newqq_jb9tud6q9: 超清都卡
[812] 果汁纯8纯: 给我播好了呀老张
[813] 豆豆90: 还是超清
[814] 兔树: 网页不能投屏
[815] goldIU: 别看片子
[816] 晚风轻拂时: 不看了真卡
[817] 晚安晚安: 卡死了
[818] ZwGR: 别看hp了
[819] 扬小七: 卡翻翻了！
[820] 青春赋予给她: 200的网也就这样
[821] PipLup: 卡卡卡卡卡卡卡卡卡卡卡卡卡卡卡卡卡卡卡卡卡卡卡
[822] 我是一颗小虎牙: 不看了
[823] 蟹老板儿你在抓子: 流畅都卡
[824] 吾儿孟德何在: 我敲你哇你给我播好了呀
[825] 断云依: 你电脑有问题啊
[826] 1161427948yy: 能不能把下载关了
[827] A few hours: 一卡一卡的
[828] 苍山2024: 都卡成张畜了
[829] A few hours: 能不能播 到底 卡死了
[830] A few hours: 能不能播 到底 卡死了
[831] 林深时见鹿: 流畅都卡了 张神
[832] 兔树: 你电脑不行
[833] 我是一颗小虎牙: 线路5好了 目前不卡
[834] Chooooooooovy: 你重启下吧，张哥
[835] 照吾一山门: 那是大家的问题
[836] 怀旧游戏小鱼: 右边虐狗虐的太狠了吧
[837] A few hours: 能不能播 到底 卡死了
[838] 清溪丹阳: 你的意思是 我们有问题 ？？？
[839] 香榭丶: 真能演啊，15分钟落后5k
[840] 昊凯我想你了: 卡死了
[841] 茅堂弃秽兮: 华为不华为不卡
[842] 半空中正好、: 卡成ppt了
[843] 茅堂弃秽兮: 华为不卡
[844] 半空中正好、: 卡成ppt了
[845] 比利海灵顿: 直播专用猫的问题
[846] 东子的小迷弟: 指甲剪的问题
[847] 半空中正好、: 卡成ppt了
[2026-08-28 17:19:48] 已刷新 /Users/ad/Documents/polymarket/reports/intel_danmu_live_lck_bro_bfx_2026-08-28.html（1833 条弹幕）
[848] 浅怅: 有卡牌肯定卡的啊
[849] 半空中正好、: 卡成ppt了
[850] 符文法师伊泽瑞尔: 华为不卡
[851] 半空中正好、: 苹果垃圾最卡
[852] 風雲: 华为也卡
[853] 梁隐: 你该检查电脑了
[854] 浩酱: 华为不卡
[855] T1把对手踢完: 买个直播专用猫
[856] 小老鼠jerry: 苹果确实不卡
[857] 巫山不是瑜: 卡死了
[858] 陌凉: 跳帧了
[859] Hx: 诺基亚不开
[860] 豆豆90: 苹果卡
[861] 哈米吉多顿大战: 10多分钟落后几千的局不是挺多的嘛，前期被滚雪球了
[862] 楠楠: 我的就是苹果一样卡
[863] 到处挂疏桐: Xiaomi
[864] 我是一颗小虎牙: 华为是真卡
[865] 1161427948yy: 女警也太肥了吧
[866] 我有一剑可搬山倒海: 苹果卡的最厉害
[867] 茅堂弃秽兮: 华为不卡你们换华为手机就行
[868] 十年饮冰难凉热血: 诺基亚卡了
[869] LLLLLLQi: 网页也卡 啊
[870] 商业观众: 尼寇熟练度不错
[871] 雾谷橙子雾: led卡爆了
[872] 鸿7: 完美大啊
[873] 早秋田园杂兴: 尊界不卡
[874] Yolo: ？？
[875] 虎黑: 魅族开了
[876] 哈米吉多顿大战: 最近难得看到这么顺的妮蔻
[877] 怀旧游戏小鱼: 虐左边这群菜狗虐的太狠了
[878] 杨阿扬: 投降吧。
[879] 我家柴柴最乖啦: 卡牌什么意思
[880] 梁隐: 卡牌闪现想干嘛
[2026-08-28 17:20:48] 已刷新 /Users/ad/Documents/polymarket/reports/intel_danmu_live_lck_bro_bfx_2026-08-28.html（1866 条弹幕）
[881] 1161427948yy: 威客拉牛逼
[882] 风在吹故事再继续: 卡牌明着来了？
[883] 感谢金克丝送来火箭: 以后你就是解说一哥 你代替管泽元了
[884] 好手烟消火冷: 兰博不在，怎么敢打的
[885] 哈米吉多顿大战: 卡牌劣势 没啥用啊 没伤害 也飞不了
[886] 梁隐: 啥意思这样闪现
[887] sask是我大哥: 这个狗  开过R吗
[888] 谁在为难谁: 333
[889] 梦如随心: 这卡牌菜麻了
[890] 黑张说话: 大光
[891] 南方: 废物
[892] 许诺: 下路双人组死八次 玩p
[893] 我是一个梦圆圆: 卡列没优势已经G了
[894] 梁隐: 翻译翻译 卡牌闪现想干嘛
[2026-08-28 17:21:48] 已刷新 /Users/ad/Documents/polymarket/reports/intel_danmu_live_lck_bro_bfx_2026-08-28.html（1880 条弹幕）
[895] 小虎牙-sSbPiKFXAS: 好像是好了，先观察一下
[896] 改名只为中电视666: 一人虐一把？
[897] 坑头村后: 翻了哥进场
[898] 哈米吉多顿大战: 卡牌着急 啊
[899] 虎黑: 小米禄7不开
[900] 茅堂弃秽兮: 我换华为手机 不卡了
[901] 旧人: 上把哪里算虐
[902] 浅怅: 这不一波？
[903] 下一頁詩篇: ？？？？？？？？？？？？？？？
[904] 下一頁詩篇: ？？？？？？？？？？？？？？？
[905] 哈米吉多顿大战: 卡牌 加里奥 都属于伤害不够的 胜率也不高
[906] 下一頁詩篇: ？？？？？？？？？？？？？？？
[907] 杨阿扬: 20分钟。1万。
[908] 黑白皆有道: 这把游戏被一个打野把队友带崩了
[909] 虎黑: 用米车卡了
[2026-08-28 17:22:49] 已刷新 /Users/ad/Documents/polymarket/reports/intel_danmu_live_lck_bro_bfx_2026-08-28.html（1895 条弹幕）
[910] 哈米吉多顿大战: 女警无敌了
[911] 云淡风轻: 这把已经没了吧！
[912] little bai: 换台！
[913] 黑张说话: 好飞
[914] 梁隐: ？？？
[915] 我是一颗小虎牙: 自己踩夹子
[916] 哈米吉多顿大战: 女警无敌了
[917] viper727: 这不一波？
[918] 蟹老板儿你在抓子: 废物大光
[919] 浅汐-: 笑了
[920] little bai: 赶紧一波换台了
[921] 坑头村后: 这不一波？
[922] 低调但实力: 这不一波？
[923] 香榭丶: 逆天大光
[924] 浅汐-: 卡牌玩的一坨
[925] viper727: 这不一波？ 假赛吧
[926] Leon李斯汀: 这部一波？
[927] 旧人: 人头这么大吗
[928] 守望街头: 一人一把龙魂
[929] 康康至尊: 这不一波
[930] 哈米吉多顿大战: bro 之前的bo5 最后一把 是怎么输的？还一波呢
[931] 我是一颗小虎牙: 双C诗人啊
[932] 梁隐: 卡牌不愿独活
[933] 家家家家家家庭: 18分钟上高地了？？
[934] 我是一个梦圆圆: 卡牌……
[2026-08-28 17:23:49] 已刷新 /Users/ad/Documents/polymarket/reports/intel_danmu_live_lck_bro_bfx_2026-08-28.html（1920 条弹幕）
[935] 成兵君穗: 这不一波 还有任务
[936] 谁在为难谁: 666
[937] 环球心灵捕手南汐: 21分钟一波了，大头难了
[938] 云淡风轻: 这一炮！！
[939] Leon李斯汀: 假赛 不一波
[940] 黑白皆有道: 这把狗一波f6一波蛤蟆直接把游戏带没了
[941] 金凯瑟琳: 左边假赛，送疯了
[942] KEating: 这冰鸟k头啊
[943] 家家家家家家庭: 先锋撞门牙都见过啊
[944] 梁隐: 无所谓了 再死能死到哪去
[2026-08-28 17:24:49] 已刷新 /Users/ad/Documents/polymarket/reports/intel_danmu_live_lck_bro_bfx_2026-08-28.html（1930 条弹幕）
[945] ♥灰小超ิิ: 撞基地都见过
[946] 黑白皆有道: 一波f6害死卡牌一波蛤蟆害死下路双人组
[947] 哈米吉多顿大战: 就只能杀个妮蔻
[948] 懂哥的哥: bigbig
[949] cruel-yi: 小人头这样就死了，无限送
[950] 懂哥的哥: 大踏马的
[951] rooooopzz: 大龙啊
[952] 哈米吉多顿大战: 女警速度饮血 轻语
[953] 蟹老板儿你在抓子: 送疯了
[954] 小虎牙-9P36ajofSd: 蛤蟆挡一下
[955] 我是一颗小虎牙: 这不打大龙？
[956] 梁隐: 冰鸟都追着人点了
[957] 小时候太帅: 又特么打架 马的
[958] 低调但实力: 哪吒无敌了
[959] 璟神: 真尼玛能送。。佩服。
[960] 我是一颗小虎牙: 为什么还选卡牌 都没赢过
[2026-08-28 17:25:49] 已刷新 /Users/ad/Documents/polymarket/reports/intel_danmu_live_lck_bro_bfx_2026-08-28.html（1946 条弹幕）
[961] 环球心灵捕手南汐: 小头急什么，马上零换五一波了
[962] viper727: 这么久了还不一波？ 我玩王者早一波了
[963] 懂哥的哥: 大时间，再撑20分钟
[964] 家家家家家家庭: 超前发育的百里守约太恐怖了
[965] 无奈: 这不打大龙什么意思
[966] 接汉服严刑: 大头小时间
[967] 守望街头: 还要等龙魂
[968] 刘珂蒙恬马西西妲己吧: 2-0犯法吗
[969] TTBY: 这把乱杀
[970] 有杀酒肆留别: 28.5稳不稳
[971] A同: 这他吗不去大龙？
[972] 黑白皆有道: 这把跟卡牌没啥大关系，主要是打野两波操作把游戏整没了
[973] 低调但实力: 哪吒随便飞
[974] 哈米吉多顿大战: 22分钟女警准备第四大件了
[975] 花落: 520
[976] 梁隐: 比谁能死是吧
[2026-08-28 17:26:49] 已刷新 /Users/ad/Documents/polymarket/reports/intel_danmu_live_lck_bro_bfx_2026-08-28.html（1962 条弹幕）
[977] 守望街头: 领先这么多随便大龙的
[978] 有杀酒肆留别: 我想知道大28.5稳不稳
[979] 小虎牙-sSbPiKFXAS: 为啥不打大龙
[980] 那年电竞: BFX这个队伍说实话
[981] 矛形柏螅红烧鱼骨: 汉化来就能翻
[982] 哈米吉多顿大战: 还是水  还有回复 打不了一点
[983] 环球心灵捕手南汐: 右边做个任务吧，拖到32分钟
[984] 而绝思其树: 不是泰勇很勇的吗？怎么被抽了
[985] 懂哥的哥: 偷塔偷塔
[986] 守望街头: 就是要等龙魂
[987] A同: 为了演大头，也是没谁了
[988] 春风吹大地: 为啥不打大龙的
[989] 那年电竞: 演员队
[990] 抠脚大汉流星: 右边就像在做任务一样，大龙不去打
[991] 懂哥的哥: 做任务32分钟
[992] 环球心灵捕手南汐: 给我拖到32分钟
[993] 山昏弄轻柔: 机长去KT挺好啊。
[994] pen: 怎么还在玩
[995] 那年电竞: 这跟第一把是一个队我我真不信
[996] A同: 对面没了4个，不大龙？
[997] 低调但实力: 一波啦
[998] 一人守一城一生爱一人: 娱乐局
[999] 而绝思其树: 不是泰勇很勇的吗？怎么被抽了
[2026-08-28 17:27:50] 已刷新 /Users/ad/Documents/polymarket/reports/intel_danmu_live_lck_bro_bfx_2026-08-28.html（1985 条弹幕）
[1000] 抠脚大汉流星: 做任务
[1001] cruel-yi: 这能大人头，侮辱智商
[1002] 坑头村后: 这不一波？
[1003] 天使的剑贱: 大光负作用啊
[1004] 好运必赢: 不打daoon
[1005] 我是一颗小虎牙: 就为了大头在这演，刚才就能打大龙，不打
[1006] 哈米吉多顿大战: 左边只能杀一个肉身开团的辅助 没的玩了
[1007] kk: 这不一波？
[1008] 懂哥的哥: bigbig
[1009] 人生如戏: 这畜牲，这样送
[1010] 喜欢吃低保: 大大大大大大大大
[1011] 守望街头: 随便一波的
[1012] KEating: 这不一波？还打大龙？
[1013] 西瓜太阳: 这死吗BR O没赢过是吗
[1014] 波兰李文哲丶TAZ: 收汁儿
[1015] 而绝思其树: 不是泰勇很勇的吗？怎么被抽了
[1016] 浅汐-: 昨天打大根打出自信了
[1017] 一人守一城一生爱一人: 三个人进对面野区不肯走就送的很明显了
[1018] 守望街头: 随便一波还要等龙魂吗
[1019] 哈米吉多顿大战: 没男爵buff 怎么一波呢
[1020] 梁隐: 打兵败如山倒 具象化了
[1021] 人在Notion: 一波一波
[1022] 山行依旧枕: 泰勇真能送啊
[1023] 哈米吉多顿大战: 这动不动说一波的是串还是真不懂游戏
[1024] 未来暖阳之吻: 不一波？
[2026-08-28 17:28:50] 已刷新 /Users/ad/Documents/polymarket/reports/intel_danmu_live_lck_bro_bfx_2026-08-28.html（2010 条弹幕）
[2026-08-28 17:54:33] 已刷新 /Users/ad/Documents/polymarket/reports/intel_danmu_live_lck_bro_bfx_2026-08-28.html（2010 条弹幕）
[1025] 没有一棵小虎牙: 翻了翻了
[1026] 轻盈谷雨曲: 左边没什么开团啊
[1027] 众生皆苦: 这把左边还有林动
[2026-08-28 17:58:54] 已刷新 /Users/ad/Documents/polymarket/reports/intel_danmu_live_lck_bro_bfx_2026-08-28.html（2013 条弹幕）
[2026-08-28 17:59:54] 已刷新 /Users/ad/Documents/polymarket/reports/intel_danmu_live_lck_bro_bfx_2026-08-28.html（2013 条弹幕）
[1028] 惨叫鸡的哭声QAQ: 维克拉的加里奥没赢过，0胜率，懂不懂啊
[1029] 小虎牙-iVGlV2DyQy: LOL的马瑶组合
[1030] 余萌芽: 早说了凯南没用
[1031] 下一頁詩篇: 张是赌狗，为了还钱
[1032] *佳~园丶恋#人: 大光加里奥本来就一坨，这把还打杰斯要被抽昏
[1033] 下一頁詩篇: 卖照片
[1034] Ttt、、: 中路杰斯卧槽
[1035] 众生皆苦: 待会大荒囚天指把vn指晕
[1036] 父老36282: 左边德莱文开团啊
[1037] 蚀月至冕: 老张lck是不休息连着打吗
[1038] 换季的色彩丶: 加里奥10%的胜率1-9
[1039] HZcsysm: 左边零前排打团一秒躺
[1040] Legendary゛: t1比赛开了
[1041] 下一頁詩篇: 明天才有直播
[1042] rooooopzz: 十个人全看猴子开团
[1043] Ttt、、: 朴实无华
[1044] 火书来了: 选德莱文不保下路
[1045] 黄飞鸿会画粉红凤凰、: 说了泰迪德莱文不行
[1046] 火书来了: 有饼说是
[1047] HZcsysm: 肯定选BRO啊
[1048] 萍水相逢户外: 什么睿智弹幕，被抓了就说不行。
[1049] 下一頁詩篇: kt吧
[1050] Lcnb: 肯定选这俩个啊
[1051] GED丶稳稳的幸福: t1肯定选kt啊，bdd稳定尽孝
[1052] 保罗熊: 0-4的加里奥
[1053] 穿过海的微光: 肯定选这两个啊
[1054] 下一頁詩篇: 充电宝
[1055] 纯黑: 大光的加里奥一坨
[1056] 我是小明啊Zz: BRO还没赢呢
[1057] 小虎牙-XEnKugW6xm: 希望选KT
[1058] 呵呵嘿嘿拔萝卜: bro阵容太拼了
[1059] 演员请准备: t1 肯定不敢选kt
[1060] 众生皆苦: 小光今天状态不行
[1061] 骑盲鱼探路丶: 0-4的加里奥吗？
[1062] 小虎牙-XEnKugW6xm: 别去世界赛丢人了
[1063] 猥琐发育我来c: 猴子带猫是不是无敌？
[1064] 南枫寂夜: kt也不强啊
[1065] Ray、: KT选T1怎么说哈哈
[1066] Lcnb: 选kt怕dd哥爆种
[1067] 举直者敬人: 这麦炸得
[1068] 你的名字叫: t1是不是连赢两场bo5就进世界赛了
[1069] 黄飞鸿会画粉红凤凰、: 复刻去年 kt 就选强的
[1070] 演员请准备: t1捏捏软柿子还是可以的
[1071] 保罗熊: 那vn不敢压了
[1072] GED丶稳稳的幸福: bdd打大飞就萎靡不振
[1073] 西野七濑的小迷弟: 这vn差点被单杀
[1074] 被庄家盯上的人: 放心吧，杰斯没赢过
[1075] 猥琐发育我来c: kt真不强
[1076] Soeren: 弹幕喜欢认爹没办法
[1077] 火书来了: 下路打不过
[1078] 火书来了: 神了
[1079] 西野七濑的小迷弟: @被庄家盯上的人 杰斯不是一直在赢吗
[1080] 流年: 这德莱文太菜了吧
[1081] 倚楼听风雨m: 德子这么打没了啊
[1082] &WE: 左边没了
[1083] 咖喱牛腩面: 卧槽太勇
[1084] 骑马的感觉爽: 66666666666
[1085] Jasonvin: 哇，下路炸了
[1086] 众生皆苦: 感觉德莱文待会被洗晕有没有感觉
[1087] 世无双寒羽丶: dk只能剩下的呗
[1088] 水發海參子萝卜汤: 下路玩不了了
[1089] 3+1: 明天比赛有复活甲吗
[1090] HZcsysm: 德莱文是怎么选的出来的
[1091] Tout-An: 下个月就给你拉黑名单
[1092] 我是小明啊Zz: 杰斯中比上路好一些  不容易被抓
[1093] 一人守一城一生爱一人: 第三局又会玩了！
[1094] 追风1123: 瑶？
[1095] ꧁ৡৢ✾清   玖✾ৡ꧂: 波罗是什么鬼
[1096] 倚楼听风雨m: 张处会玩王者？
[1097] 血色-宇清蓝: 假假假
[1098] 咖喱牛腩面: 马可波罗加瑶确实
[1099] 旷兮无花果: 飞舞bro敢这样选
[1100] 一人守一城一生爱一人: 第二局送的莫名其妙
[1101] 才南澳: 一边选一把不当人的阵容
[1102] 磊磊xhxb: bro已经GG
[1103] 阿鱼: 马克加瑤前面有优势不得了
[1104] 我c位出道: 菠萝仔有说法的
[1105] 牢大别肘啊: 马克加瑶很强的组合啊
[1106] zl: 教练偷王者组合
[1107] 倚楼听风雨m: 张处用王者视角解说这把？
[1108] &WE: 这阵容中单杰斯有卵用啊
[1109] 林深时见鹿: 之前有个弹幕说的好 300塞纳不敢a还选德子
[1110] 旷兮无花果: 马可配瑶怎么输
[1111] 肉鸡: 大光的加里奥就是送对面一分的
[1112] 下一頁詩篇: 马可波罗加瑶无敌
[1113] KEating: 这把打完2-1了
[1114] 旧人: 上路也烂了
[1115] TenderTree: 下路炸了
[1116] 小样: 下路德莱文打奥巴马猫.前期没优势后期被吊打
[1117] 尖沙咀梁朝伟: 懂英雄名字吗
[1118] 玄心: 左边五个人凑不出一个位移教练怎么选
[1119] M: 不是 就真的一人一局
[1120] 烂好人: 司空震对线孙尚香
[1121] 街岚辉: 解说里面谁打王者最厉害
[1122] 我c位出道: vn是蒜香
[1123] 大超老师: 你只玩LOL和PUG吗
[1124] 1234567: 选德莱文是什么意思呢
[1125] TenderTree: 翻了翻了
[1126] 蓝色: 一波了
[1127] TenderTree: 一波了
[1128] 牢大别肘啊: 米利欧是桑启
[1129] 1234567: 选德莱文是什么意思啊？
[1130] 没意义军师: 喜欢德莱文
[1131] M: 喜欢玩德莱文？？
[1132] 咖喱牛腩面: 德子废了
[1133] 黄飞鸿会画粉红凤凰、: 虐了
[1134] 未来暖阳之吻: 巨魔还在逛
[2026-08-28 18:00:55] 已刷新 /Users/ad/Documents/polymarket/reports/intel_danmu_live_lck_bro_bfx_2026-08-28.html（2120 条弹幕）
[1135] 96lineFaker: 快控龙啊
[1136] Chooooooooovy: 这德莱文有啥用
[1137] 小虎牙-XEnKugW6xm: J
[1138] Chooooooooovy: 闹麻了
[1139] TenderTree: 一波了
[1140] viper727: 喜欢玩德莱文
[1141] 小虎牙-XEnKugW6xm: 没了吧，这把
[1142] 一直洋: 打野完爆
[1143] 杨家台八秒: 真的垃圾，不会了
[1144] 西野七濑的小迷弟: 也没多少被动 无所谓的
[1145] 迁就: 巨魔做点事啊
[1146] 火斤女粉丝: 一波了
[1147] 硕硕今夜有点甜丶: 硕子我是农批配看你直播吗
[1148] 愿你: 人机玩德莱文 装傻呢
[1149] 没有一棵小虎牙: 选个德莱文，巨魔不看下路
[1150] 洪西羿学: 经济没多少领先，一个头就翻
[1151] 大师我真的悟了: 巨魔在干嘛
[1152] 咖喱牛腩面: 米利欧可以叫桑启
[1153] MZr: 闪现屏障干嘛不用
[1154] 未来暖阳之吻: 巨魔不抓人有啥用
[1155] 杨家台八秒: 真的垃圾
[1156] TenderTree: 下路炸了
[1157] lOrDs: 德莱文需要照顾，但是被照顾就没了
[1158] TenderTree: 翻了翻了
[1159] 1234567: 这把巨魔有啥用啊  被克制了
[1160] TenderTree: 翻了翻了
[1161] 尖沙咀梁朝伟: 爆尼玛，你自己看发育领先二十个兵，ling xian的
[1162] TenderTree: 翻了翻了
[1163] 洪西羿学: 翻了吧
[1164] 96lineFaker: 终于哦
[1165] 火斤女粉丝: 翻了
[1166] TenderTree: 翻了翻了
[1167] 保罗熊: 一波打回来了
[1168] 1234567: 补了一大口
[1169] 尖沙咀梁朝伟: 说你吗 一直领先
[1170] 蓝色: 我早说了 翻了
[1171] 没意义军师: 早说了德莱文有说法
[1172] 十怃: 早说狐狸没了
[1173] M: 这不给德莱文吗
[1174] 福临: 干嘛呢，还不回
[1175] 恶魔: 为什么自己偷偷吃一个头
[1176] 寒露葡萄宝石: 早说哥
[1177] 没有一棵小虎牙: 早该来了
[1178] 人在Notion: 翻了翻了二维码翻了
[1179] TenderTree: 翻了翻了
[2026-08-28 18:01:55] 已刷新 /Users/ad/Documents/polymarket/reports/intel_danmu_live_lck_bro_bfx_2026-08-28.html（2165 条弹幕）
[1180] 小虎牙-iVGlV2DyQy: 说了哥
[1181] 辣椒呦西: 早说哥
[1182] 96lineFaker: 巨魔早点帮不就OK了
[1183] 天涯尾翼: 早说哥进场了
[1184] .: 你在鬼叫尼玛呢
[1185] 牢大别肘啊: 嘉里奥是廉颇
[1186] 果汁纯8纯: 早说哥老张
[1187] 福临: 下路太浪了吧
[1188] 云天: 瑶、猴子、吕布、马可波罗
[1189] 未来暖阳之吻: 很好抓的有柱子，早不来，奥巴马没闪现
[1190] 小虎牙-FutLIKPrwa: 他的巨魔有说法的
[1191] 纯黑: 早说哥出来
[1192] 旧人: 上路vn 也被爆
[1193] &WE: 加里奥大招不救
[1194] TenderTree: 翻了翻了
[1195] 保罗熊: 其他线都优势
[1196] 1234567: 吃一个没问题
[1197] 尖沙咀梁朝伟: 吃你吗 帮就是帮
[1198] M: 团战还是打不过 这阵容
[1199] clearlike: 张神想听你从42数到48
[1200] 尖沙咀梁朝伟: 自私的要死
[1201] 西野七濑的小迷弟: 被动都提了。吃个人头没问题
[1202] 96lineFaker: 单杀
[1203] 【冬马和纱】: 为什么要延迟啊
[1204] TenderTree: 翻了翻了
[1205] 旧人: 右边点了吧
[1206] ℡遺忘ゞ: ？？？？
[1207] 保罗熊: vn闹麻了
[1208] 骑马的感觉爽: 这狐狸打的什么鬼东西
[1209] 大师我真的悟了: 这vn？
[1210] TenderTree: 翻了翻了
[1211] 不坠终日不食: 喜欢玩VN
[1212] 呵呵嘿嘿拔萝卜: 好起来了啊
[1213] 源神丶: VN不是有虚弱吗
[1214] 尖沙咀梁朝伟: 还叫吗主播
[1215] 1234567: 让2追3
[1216] Chooooooooovy: 凯南就是好打VN
[1217] 人在Notion: 早说了翻了翻了
[2026-08-28 18:02:55] 已刷新 /Users/ad/Documents/polymarket/reports/intel_danmu_live_lck_bro_bfx_2026-08-28.html（2203 条弹幕）
[1218] 保罗熊: 等下卢要吃天雷了
[1219] 众生皆苦: 我去这小光
[1220] 十怃: 早说狐狸没了
[1221] 福临: 上下都在浪，牛逼
[1222] 众生皆苦: 汽车人
[1223] 96lineFaker: 何意味
[1224] TenderTree: 一波了
[1225] 尖沙咀梁朝伟: 主播喜欢看好右边？
[1226] 骑盲鱼探路丶: 这加里奥炮车能不补的啊？
[1227] 这水不同啊: 但是德莱文会越来越费啊
[1228] TenderTree: 翻了翻了
[1229] 轻盈谷雨曲: 盯着大招跟他打？
[1230] 肉鸡: 跟昨天的剧本一样，让一追三
[1231] qnmnen: 奇葩 这个bfx
[1232] 旧人: 凯南肥起来怎么玩
[1233] 我是一颗小虎牙: 凯南现在有点超模的
[1234] M: 但是是杰斯阵容 杰斯阵容没赢过
[1235] 牢大别肘啊: vn是孙尚香吗
[1236] 福临: 这VN太浪了
[1237] 未来暖阳之吻: 有点燃隐身没用
[1238] 一言横满天: 故意换头大头
[1239] 一言横满天: 这帮棒子
[1240] 赤瓷引花【祝梦】: 虚弱给慢了
[1241] 一言横满天: 有什么可能不走 这样换血
[1242] qnmnen: 真恶心 这个bfx
[1243] 保罗熊: 大光加里奥0-4你说怎么赢
[1244] 1234567: 右边再死几次直接被平推
[1245] 96lineFaker: 乐了
[1246] 郢路行穹跨: 这周种垃圾，还敢选VN上单
[1247] 你不吃飯嗎: Vn补刀被压这么多？
[1248] 谎言丷: 海威叛变lck了吗
[1249] M: 小龙刷新，巨魔上去了
[2026-08-28 18:03:55] 已刷新 /Users/ad/Documents/polymarket/reports/intel_danmu_live_lck_bro_bfx_2026-08-28.html（2235 条弹幕）
[1250] 一言横满天: 棒子任务多
[1251] KunAgero: 左边稳了，因为云顶s18中有两个奕子在，右边没有
[1252] 1234567: 这什么VN
[1253] 1234567: 往前滚？
[1254] 家家家家家家庭: 右边只有三个是人，猫咪等于少一个，家里奥被巨魔一吸又少一个
[1255] 1234567: 吃E
[1256] HZcsysm: 右边两个虚弱，打团凯能没用的
[1257] 寒雪未来宫: 左边稳了，因为云顶s18中有两个奕子在，右边没有
[1258] 小虎牙-qOj0qT8g9N: 左边手也长
[1259] 尖沙咀梁朝伟: 主播去的右边还叫吗
[1260] KunAgero: 左边两个五费卡
[1261] donk121: 对，打吧！！！尽情的打架互换人头吧！！！
[1262] 福临: 下路送了一波大的，两个人
[1263] 萍水相逢户外: 说白了，右边没想赢。
[1264] Chooooooooovy: 优在哪，凯南挺克制VN的
[1265] 保罗熊: 凯南本质和石头人差不多，搞你一套残了就没法打了
[1266] 一言横满天: 明知道主动换血了 还衣上去
[1267] 不想说话214: 厄斐琉斯
[1268] 福临: 右边已经输咯
[2026-08-28 18:04:55] 已刷新 /Users/ad/Documents/polymarket/reports/intel_danmu_live_lck_bro_bfx_2026-08-28.html（2254 条弹幕）
[1269] L: 中单不出女神？
[1270] HZcsysm: 凯南不带雪球怎么开团
[1271] 迷茫的星宙: 有加里奥一点不管上路？
[1272] 轻盈谷雨曲: 盯着大招跟他换血？
[1273] 馕包肉羊肉粥: 裸水银鞋的vn还玩什么
[1274] 😘曾小涵😍: vn吃不了线
[1275] KunAgero: 左边两个五费卡右边怎么玩
[1276] Avengers: 今年还有区王杯吗
[1277] 保罗熊: 加里奥没线怎么帮其他路
[1278] 姑娘你先穿上: 张神解说杯再冲一次可以吗
[1279] 旧人: 上路14分钟要掉一塔
[1280] 汝幸来时新社: 上路被压三十刀还单杀
[1281] 轻盈谷雨曲: 上路领先1000？？
[1282] 骑马的感觉爽: 这右边选的什么鬼阵容
[1283] 未来暖阳之吻: 加里奥支援，中路塔要没
[1284] Nstkg: 硕硕怎么给你LPL版权也不播啊，以后不打算播LPL了吗
[1285] 福临: 右边全炸
[1286] 斯潘历史: ？
[1287] two、: ？
[2026-08-28 18:05:55] 已刷新 /Users/ad/Documents/polymarket/reports/intel_danmu_live_lck_bro_bfx_2026-08-28.html（2273 条弹幕）
[1288] 1234567: 左边也毒啊
[1289] 牢大别肘啊: 马可波罗加瑶
[1290] 根株凭跃动: 看见这种菜狗队选薇恩就知道得死
[1291] 21Sava9e: 马可波罗？
[1292] 扫黄队大sir: 瑶？
[1293] 傲颜Sunny: 报告 没有发现农活
[1294] 回眸: 马可波罗都来了
[1295] 高手话不多: 马可波罗加瑶都来了
[1296] .: 笔画能少点吗？
[1297] 1234567: 左边也都是瘤啊
[1298] 随身携带小米辣: ？？？？马可波罗加瑶是什么
[1299] 保罗熊: 本质单杀
[1300] Chooooooooovy: 下班了VN
[1301] 小虎牙-qOj0qT8g9N: VN只能欺负一下短手上单，打其它上单比走下路还弱
[1302] 寒雪未来宫: 马克不是萨米拉？？？
[1303] 西野七濑的小迷弟: 下班了
[1304] 96lineFaker: vn炸线喽
[1305] 骑马的感觉爽: 又是让一追三的剧本
[1306] 浩酱: 这马瑶不如王者一根
[1307] 果汁纯8纯: 结束哥老张
[1308] 😘曾小涵😍: 凯南领先两千 这天雷
[1309] 回眸: 跑题了
[1310] 香榭丶: bfx这个勾八
[1311] 你不吃飯嗎: 这vn选出来是干嘛的？
[1312] 硕硕今夜有点甜丶: 后期后面有的打的
[1313] 行人-小布: 喜欢玩VN  喜欢点菜 该！！
[1314] 旧人: 11分钟上路压2千
[1315] 保罗熊: 凯南这么肥等下卢猫要遭重
[1316] M: 下路是德莱文 随便被压，只需一个人头
[1317] 西野七濑的小迷弟: 马克是萨米啦。老张搞错了
[1318] 我是一颗小虎牙: 菜逼还选vn
[1319] 谎言丷: vn只能最后出
[1320] 坑头村后: ？？？？
[1321] 牢大别肘啊: 上路孙尚香下路马克加瑶，团战谁是前排啊
[1322] HZcsysm: 杰斯不去下路帮忙？
[1323] 咖喱牛腩面: VN是怎么完成这样的
[1324] 福临: 右边这狗完全瞎打
[1325] two、: 压50刀
[1326] 一世双日: 崩了
[1327] 浩酱: 疯狂啃咬
[1328] 1234567: 速推了
[1329] 旧人: 等下凯南打团不电嘛了
[1330] 十怃: 老老实实玩个肉不就行了，还玩v n
[1331] Avengers: T1一会不选KT还好说，
[2026-08-28 18:06:56] 已刷新 /Users/ad/Documents/polymarket/reports/intel_danmu_live_lck_bro_bfx_2026-08-28.html（2317 条弹幕）
[1332] 我是一颗小虎牙: 右边去死啦
[1333] 骑马的感觉爽: 狐狸不想赢直接点了吧
[1334] 卧室的秘密: 翻了，翻了
[1335] 大师我真的悟了: ？？？二塔都没了
[1336] 血色-宇清蓝: 变态的比赛！！！
[1337] 南山社区魔腾: 发狂
[1338] 福临: 下路打的不带脑子
[1339] 甜心爱你: 这个就是VN
[1340] 一世双日: 右边崩了，没有一个能守塔的
[1341] 骑马的感觉爽: 恶心至极
[1342] 一言横满天: 尼玛故意跟人家打 故意送 任务 ， ，
[1343] 小虎牙-iVGlV2DyQy: 12分钟破二塔
[1344] 轻盈谷雨曲: 上路差距太大了
[1345] 鱼鲜夜排档贾克斯: 昨天的加里奥就不
[1346] Chooooooooovy: 12分钟高地补刀
[1347] 汪汪汪星人呐呐呐: 薇恩少个人了
[1348] 火书来了: 马克顶得住凯南电一套吗
[1349] 肉鸡: 让一追三昨天的剧本。
[1350] 爱比心情比时间: 人机
[1351] 家家家家家家庭: 今天巨魔全胜，选出来就是赢
[1352] 雪漫欢笑如梦: 考考考你们 LPL 和 LCK 登场率最高的英雄分别是谁
[1353] 852-有料到: 人坤
[1354] 悲伤的夜猫: 说了右边很菜的，不过ns上辅ad太菜了送进来罢了
[1355] 我是一颗小虎牙: 3-1结束。
[1356] M: 这阵容打团战啊 打团战感觉有优势呢
[1357] 香榭丶: 喜欢玩薇恩？
[1358] 一世双日: vn落后40刀，这他妈有脸选？
[1359] 六月别困: 昨天剧本，弱队让一追三
[1360] 爱比心情比时间: 玩不明白就不要选
[1361] TokyoLll: 这个vn就是败笔
[1362] 21Sava9e: 但是左边德莱文也没用
[2026-08-28 18:07:56] 已刷新 /Users/ad/Documents/polymarket/reports/intel_danmu_live_lck_bro_bfx_2026-08-28.html（2348 条弹幕）
[1363] 一世双日: 完全没输出
[1364] 1234567: 卢锡安迷路了
[1365] 1234567: 这波敢出来打？
[1366] 😘曾小涵😍: 买一送一
[1367] 旧人: 可以点了
[1368] 1234567: VN明牌来不来
[1369] 1234567: 了
[1370] 小老弟: 速度淘汰这个队
[1371] 保罗熊: 说了卢要被凯南电嘛
[1372] 我是一颗小虎牙: Gg
[1373] M: 太肥了凯南
[1374] TokyoLll: 加里奥忘记学大了？
[1375] 十怃: 简直就是非人哉
[1376] 喜欢吃低保: 双招不用
[1377] 96lineFaker: 谁养的爹
[1378] 解哾米勒: 米醋养的
[1379] 骑盲鱼探路丶: 中上太坑了
[1380] Choooooooooooovy: 塔斯汀神了
[1381] Eun: 电麻
[1382] 斯潘历史: 绝了
[1383] 幻梦1丶: 🤣
[1384] 悲伤的夜猫: bro先五如喝水般轻松
[1385] 我是一颗小虎牙: 枪对钻头
[1386] 旧人: 右边打团少2只
[1387] 1234567: 这波敢出来打就是送啊，VN明牌来不了 猴子干嘛呢？
[1388] BrandonLowe: 太勇不指脑袋了？
[1389] Chriswag-iwnl-: 喜欢玩vn
[1390] 一世双日: 右边现在谁有输出啊
[1391] 风在吹故事再继续: 张生神了
[1392] 浩酱: 笑死我了
[1393] 咖喱牛腩面: 米哥配养了一个约德尔神
[1394] 巢倾与金钱: 这加里奥早不给大
[1395] 1234567: 这波敢出来打就是送啊，VN明牌来不了 猴子干嘛呢？
[1396] 悲伤的夜猫: 左边差点赢kt，右边什么路边也够
[1397] BrandonLowe: 太勇不指脑袋了？
[1398] Lcnb: 卡丝汀有点猛
[1399] 葬爱我猪猪怪: 好一个钻头
[1400] 回眸: 塔斯丁汉堡吗
[1401] 根株凭跃动: 有多鬼畜才有勇气拿薇恩？？
[1402] donk121: 对了，打吧！！！尽情的互换人头吧！！！！！！！！！！
[2026-08-28 18:08:56] 已刷新 /Users/ad/Documents/polymarket/reports/intel_danmu_live_lck_bro_bfx_2026-08-28.html（2388 条弹幕）
[1403] 小虎牙-iVGlV2DyQy: 凯南泉水五杀
[1404] 六月别困: 上次我就看过右边这上单玩过一把VN，菜的流脓
[1405] zl: 玩vn就得狠狠惩罚
[1406] 姑娘你先穿上: 右边的选人好臭啊
[1407] M: 杰斯不闪现杀猴是伏笔
[1408] 小梗: 有虚弱也是三个人打他啊 太夸张了也
[1409] 小咪醉酒: 0-3=20-3
[1410] Eun: 15分钟5K 牛逼
[1411] 哈米吉多顿大战: 猫加卢锡安都来了
[1412] 爱比心情比时间: 人机
[1413] LAAX: 这个clear昨天不是躺赢的吗，怎么还敢选vn
[1414] 轻盈谷雨曲: VN只能打纳尔
[1415] 举直者敬人: 被摇摆了，不能怪选手吧
[1416] HZcsysm: 德莱文出狂妄比饮血好吧
[1417] 后人黄鱼: 猴子从来不帮薇恩
[1418] Lling: 泰迪说这把躺赢
[1419] 幸免朱仙鎮: ig被虐了
[1420] Chriswag-iwnl-: 那为啥vn不能摇去中路
[1421] 家家家家家家庭: 这把有进步了，刚才12分钟就5千了，现在15分钟才5千
[1422] 香榭丶: 再次15分钟落后5k
[1423] 保罗熊: vn对位落后3k也是没谁了
[1424] 迷茫的星宙: 上路就是没人管而已，就死两次
[1425] 改名只为中电视666: 我感觉鸡窝好打啊
[1426] 弘树q: 换台
[1427] 轻盈谷雨曲: 怎么帮？？上路差距这么大
[1428] 行人-小布: T1不是 稳进世界赛了吗
[1429] 茶食刀切肠儿: Bro现在这么强的吗
[1430] 哈米吉多顿大战: 一件攻速装没有的vn
[1431] M: IG第二局被虐不很正常吗，虐一局 玩一局
[1432] 丨南云丨: t1随便进啊，lck就四个强队
[1433] Avengers: 然后三星和HLE都不输就行了，
[2026-08-28 18:09:56] 已刷新 /Users/ad/Documents/polymarket/reports/intel_danmu_live_lck_bro_bfx_2026-08-28.html（2419 条弹幕）
[1434] 绿水青刍色: 0-3 6-3
[1435] 海克斯科技有限公司: 搞不好今年又四号
[1436] 保罗熊: 狐狸这队只要看死大光基本赢不了的
[1437] 大王请吃鱼: 那一定要滚啊
[1438] ℡遺忘ゞ: 选个VN，养个爹
[1439] 讨饶大王: 拿头输？
[1440] 逗逼和BILL的爸爸: BFX赢农心是因为农心区，并不是自己强
[1441] 许诺下一年冬: 怎么可能连输两个呢
[1442] 我是一颗小虎牙: 有多烂在，还不如不进
[1443] Eun: 赢一个就够了
[1444] 大王请吃鱼: 一定要滚啊
[1445] lOrDs: 可能是说t1的瓦吧
[1446] 大师我真的悟了: 现在这状态怎么稳进？
[1447] Fly: T1定制冠军闹麻了
[1448] 锦里去不还: 先把明天那个bo5拿下再谈其他的吧
[1449] HZcsysm: 很多人不信，今年T1是一号种子
[1450] 大王请吃鱼: 那最好了 别进了
[1451] 幸免朱仙鎮: 又提前开香槟？
[1452] 西瓜切不动: 主播，请教下，如果这把bro最后输了，是不是直接放假回家了？
[1453] 博山炉野牛: kt啥时候打
[1454] 浩酱: t1能进
[1455] 馕包肉羊肉粥: 这不闪现留他？
[1456] 轻盈谷雨曲: 大光没了狐狸真不行了
[1457] 大师我真的悟了: 输了就换人备战S17吧
[1458] 邓总小秘: 这个猴子啥用没有啊
[1459] 保罗熊: 不让大光玩c基本赢不了
[1460] 举直者敬人: T1这状态进不了我就信
[1461] 海克斯科技有限公司: 弹幕是今年才出狱么？年年状态不好 然后三连冠了
[1462] Legendary゛: T1多久没拿过联赛冠军了？
[1463] 博山炉野牛: kt哪天打
[1464] 你给我熄佛: 好区的加里奥张哥
[1465] 斋藤秀: 为什么还玩加里奥
[1466] 轻盈谷雨曲: 谁输都滚
[2026-08-28 18:10:56] 已刷新 /Users/ad/Documents/polymarket/reports/intel_danmu_live_lck_bro_bfx_2026-08-28.html（2452 条弹幕）
[1467] 未来暖阳之吻: T.1进不了，不办了世界赛
[1468] no做nodie: t1区王杯，第一届冠军
[1469] 迷茫的星宙: 这加里奥选的还不如整个维克托
[1470] 😘曾小涵😍: vn吸血
[1471] 我不爱吃鲨鱼: 许哥能进吧今年
[1472] mikie: 为什么不玩薇恩中？加里奥走上？
[1473] *佳~园丶恋#人: 输了去打区王杯
[1474] Ray、: 那BFX 放假吧
[1475] 兮若白: 输的打区王杯
[1476] 黑色幽默: 季后赛是双败吗
[1477] 回首转渌水青眸: 进不进多兰都滚吧
[1478] 我是一颗小虎牙: bro谢谢bfx赢了ns
[1479] ✦° 御风- 亮 阿【2８6７】: Ns已经放假了吗
[1480] ℡遺忘ゞ: 输的备战区王杯
[1481] 簡簡單單: T1是不是选kt充电了
[1482] 幸免朱仙鎮: 不放假 备战区王👑杯
[1483] *佳~园丶恋#人: 输了去打区王杯
[1484] BrandonLowe: 暗示IG离放假不远了
[1485] wi1d丶: T1选谁好啊，感觉BRO比KT强
[1486] TokyoLll: bfx也是装模作样
[1487] 亚洲精神病250号: 放不了假  还有区王杯
[1488] 哈工刘德华1: 今天直播间怎么没有黄⭕
[1489] TokyoLll: 也就是ns太垃圾啦
[1490] 小海: 0-3怎么打成6-3了？
[1491] 轻盈谷雨曲: 把把10几分几千的差距
[1492] 硕硕今夜有点甜丶: 这把怎么感觉能翻
[1493] 1349787092yy: 又是3:1
[1494] 劉濤: 不是，T1选KT，怎么可能输？
[1495] 改名只为中电视666: 上一届的蛆王不是bfx
[1496] 保罗熊: vn没地方打钱了，永远少一只
[1497] donk121: 不对啊，怎么不打架啦
[1498] 馕包肉羊肉粥: 卢锡安加里奥的双c怎么翻啊
[2026-08-28 18:11:57] 已刷新 /Users/ad/Documents/polymarket/reports/intel_danmu_live_lck_bro_bfx_2026-08-28.html（2484 条弹幕）
[1499] 轻盈谷雨曲: 选谁都输不了
[1500] 下尾鳞盲: 拆迁大队的
[1501] 改名只为中电视666: 蛆王bfx
[1502] 不屑于解释: 咋感觉凯南是季后赛上单真神
[1503] 邓总小秘: 左边输出太高了
[1504] Kaguya: 选bfx复刻第一赛段了万一
[1505] 我是一颗小虎牙: 单一个钢比有什么输出
[1506] 迷茫的星宙: 顶着巨魔选个加里奥
[1507] TenderTree: 来波奇迹团
[1508] 轻盈谷雨曲: 把把上路少一个人？
[1509] 幸免朱仙鎮: 冲击二连蛆 👑王
[1510] 斯潘历史: 左边推土机
[1511] TenderTree: 奇迹团翻盘
[1512] 保罗熊: 估计今天lpl6-0了
[1513] 哈工刘德华1: 主播，这马可波罗为啥不带眩晕？
[1514] Nick: 弱队就不要玩加里奥
[1515] 日乃匚: 请问主播，现在LCK是六进四，进世界赛吗
[1516] 旧人: 已经没得打了
[1517] 簡簡單單: 今天下早班
[1518] rooooopzz: 晚上有lec
[1519] 邓总小秘: 周五低保天堂啊
[2026-08-28 18:12:57] 已刷新 /Users/ad/Documents/polymarket/reports/intel_danmu_live_lck_bro_bfx_2026-08-28.html（2505 条弹幕）
[1520] 不羁: 这狐狸太垃圾了，不会被让1追三吧
[1521] VIT-Kevster: 本质登封打本质涅槃
[1522] 萌叔昊: Edg是不是放假了？
[1523] 空白: 打个tt闹嘛了
[1524] 腰暖深树鸣: 没在虐就领先一千多而已
[1525] 改名只为中电视666: 老张藏宝图有了
[1526] *佳~园丶恋#人: 还好吧，目前ig 领先2千
[1527] 腰暖深树鸣: 没在虐就领先一千多而已
[1528] M: 杰斯阵容就在今天？
[1529] rooooopzz: 健身去吧
[1530] BrandonLowe: 这是不是TT队史最后一场比赛了
[1531] 一眼瞬间: ig 估计先结束
[1532] 姑娘你先穿上: 你搁这许愿呢
[1533] 我是一颗小虎牙: edg真的是低保的救星
[1534] 低调但实力: 隔壁翻了
[1535] 我毛出就是卡笔: 被单杀了
[1536] 南墙: BRO送一波吧
[1537] 我是一颗小虎牙: 马头干了
[1538] 我蚌埠住: 为啥lpl提早打完要下播？
[1539] 我毛出就是卡笔: 僵尸被单杀了
[1540] 暮色醉逍遥: 那你还不如指望这边打满
[1541] M: 被单吃哈哈
[1542] 辣椒呦西: 黑米狂欢
[1543] M: IG要杀减号了
[1544] 寒风夏梦: edg太菜了
[1545] 似花山水好: 也给毛处偷到了
[1546] 菜菜的小可爱: bo3跟bo5工资一样吗
[1547] 轻盈谷雨曲: 提姆既然输过EDG
[2026-08-28 18:13:57] 已刷新 /Users/ad/Documents/polymarket/reports/intel_danmu_live_lck_bro_bfx_2026-08-28.html（2533 条弹幕）
[1548] AAFFKK: EDG瓦现在怎么样。撸是放弃了
[1549] 斯潘历史: 毛➗自己预测的3:2你敢信吗
[1550] 小虎牙-qOj0qT8g9N: 这边包打满的一眼胶粘的bo5
[1551] 金凯瑟琳: WBG什么时候打
[1552] dzh: 不会玩选什么vn
[1553] 蓝色: 被打了个6:0
[1554] 邓总小秘: 这个EDG早点解散
[1555] KB.酷本: 一波一波
[1556] 迷茫的星宙: 右边就猴子卢锡安还能看看，加里奥也废了
[1557] 丶Big猪蹄子: 杰杰进多少次涅槃了？
[1558] 高桥凉介24: 那天we打edg  但凡看比赛的都知道那个打野有多送多夸张
[1559] 轻盈谷雨曲: EDG换一个礼物还能玩
[1560] 海克斯科技有限公司: edg又滚去涅槃了么？？
[1561] A . 盼盼: 这么龟[流汗]
[1562] *佳~园丶恋#人: Bfx 这把要是输了下球给勇哥，给他选大核ad吧
[1563] VIT-Kevster: edg一群菜而不自知的人
[2026-08-28 18:14:57] 已刷新 /Users/ad/Documents/polymarket/reports/intel_danmu_live_lck_bro_bfx_2026-08-28.html（2549 条弹幕）
[1564] 迷茫的星宙: 薇恩线不能带团不能打。还搞啥
[1565] 阿花: 这个BFX不能干起来啊
[1566] 未来暖阳之吻: 懦夫也不敢打架
[1567] Avengers: IG不会去区王杯狙击T1了吧
[1568] 蟹老板儿你在抓子: 大光的加里奥没赢过
[1569] 众生皆苦: edg明年是去涅槃还是？
[1570] 空岛旅馆: 这不就是英雄联盟版欧联嘛
[1571] 不羁: 右边废了，完全不敢打了
[1572] 你给我熄佛: 不会加里奥真别硬整吧
[1573] AAFFKK: BFX让最菜的玩C就是想滚了
[1574] 幸免朱仙鎮: 说马瑶无敌？闹麻了
[1575] 低调但实力: 拉开拉开打架犯法要坐牢的
[1576] 行人-小布: 凯南在正面 怎么赢啊？？
[1577] Ciuzon: 不打架玩尼玛
[1578] 十月月十: 右边又等死
[1579] 海克斯科技有限公司: 没有17强拿了 我IG不去
[2026-08-28 18:15:58] 已刷新 /Users/ad/Documents/polymarket/reports/intel_danmu_live_lck_bro_bfx_2026-08-28.html（2565 条弹幕）
[1580] 家家家家家家庭: 世界赛什么时候打？
[1581] 我是一颗小虎牙: edg去涅槃感觉都打不过
[1582] 赠元逐湍流: 又不打架了
[1583] デ ビル: 想看t1当区王
[1584] Ray、: 你串gui串  带什么T1啊
[1585] 强龙不压地头蛇: 张神我牙齿掉了，可以亲我一口吗？
[1586] HZcsysm: T1进不去拳头比你们还急，放心看
[1587] 迷茫的星宙: 下路有优势，自己浪回去了
[1588] 公子世無双丶: 去了 17 强创造历史？
[1589] TokyoLll: 这把就是上单gap
[1590] 保罗熊: 马瑶遇到个天雷怎么打
[1591] ℡遺忘ゞ: 我说实话T1去区王杯，还不如跑商务呢
[1592] 六月别困: IG赢的LPL垫底一二名队伍，你想多了
[1593] 这水不同啊: 左边不想打 右边留不住人
[1594] 这水不同啊: 左边不想打 右边留不住人
[1595] 低调但实力: 拉开啊
[1596] 中来黑头: 打架可以不
[1597] 好驰巢鹦鹉: 不敢打等慢性死亡？
[1598] Zambie: 想看T1去商k
[1599] 中来黑头: 乱斗呀
[1600] VIT-Kevster: clear中毒了，昨天豹女今天vn
[1601] 轻盈谷雨曲: 巨魔盯在前面怎么玩？
[1602] 我是一颗小虎牙: t1不去拿了s冠别人会说没含金量的
[1603] 保罗熊: 右边打团也不厉害哦
[1604] 往事皆是昨夜: 司空震无敌了
[1605] 老宋今年两冠: 小头大表任务
[1606] 六月别困: 那天打个潲强点的NIP不就被虐了，你可真能想
[1607] 劉濤: 怎么想的？明天T1选KT，你告诉我怎么输？
[2026-08-28 18:16:58] 已刷新 /Users/ad/Documents/polymarket/reports/intel_danmu_live_lck_bro_bfx_2026-08-28.html（2593 条弹幕）
[1608] Dae樱木: 3-0开局，发生了啥？
[1609] 众生皆苦: 杰杰明年去登峰组继续带队
[1610] 1234567: 提款
[1611] 不羁: 这加里奥。。。。
[1612] 坏人: G
[1613] 时过境迁: 泰迪的德莱文
[1614] Nick: 弱队不要玩加里奥
[1615] TokyoLll: 提款了舒服
[1616] &WE: 闪现不交
[1617] 寒风夏梦: 游戏结束
[1618] 保罗熊: 0-4的加里奥是有说法的
[1619] 幻梦1丶: 一个头好多💰
[1620] Avengers: BRO要不是二B的话，前几天就赢KT了
[1621] two、: 大光 加里奥一吧没赢
[1622] 余萌芽: 怎么一刀就没了？
[1623] 帅帅帅欧洲人: 发财了德莱文
[1624] KZZZ: 1000
[1625] 不羁: 队友没一个帮忙的
[1626] HideOndeadLove: 按照lck登峰组的情况，t1一般还是能蠕动进s赛的
[1627] *佳~园丶恋#人: 240多层的被动
[1628] 幸免朱仙鎮: 杰杰去滔博 带哥哥冲一次吧
[1629] 张硕想你从后面紧紧我: 小张硕。有你的大吗？
[1630] 余萌芽: 我靠不是，一下就没了？？
[1631] 低调但实力: 隔壁翻了
[1632] 骑马的感觉爽: 狐狸想回家了
[1633] 😘曾小涵😍: 1000块
[1634] 晚风轻拂时: 1500
[1635] 南墙: 二百多层的德莱文
[1636] 头上有犄角的小满: 500多➕人头钱
[1637] no做nodie: 不会3-1结束吧
[1638] 傲娇追猎者: 就不反抗，对面要啥给啥
[1639] VIT-Kevster: t1现在已经里外不是人了
[1640] 骑马的感觉爽: 让一追三剧本
[1641] Ttt、、: 右边都没人能站塔下
[1642] 斯潘历史: 大光是猪饲料
[1643] Eun: .大光加里奥0胜率
[1644] 保罗熊: bro看透狐狸了，锁死大光随便赢
[1645] 图书馆: 这把跟大光没关系 躺输了
[2026-08-28 18:17:58] 已刷新 /Users/ad/Documents/polymarket/reports/intel_danmu_live_lck_bro_bfx_2026-08-28.html（2631 条弹幕）
[1646] 幸免朱仙鎮: 离大满贯就差一个区王👑杯冠军了
[1647] 保罗熊: 这凯南还不死哈哈
[1648] *佳~园丶恋#人: 刚才是差不多250左右的被动
[1649] Yang21: 这波打好了好像有机会
[1650] 96lineFaker: 蚌
[1651] we蓝莓: gg
[1652] 不羁: 这卢锡安也是废物
[1653] 心之所向: 翻了翻了
[1654] 骑马的感觉爽: 下一把
[1655] 一路向冬: 这不一波？
[1656] 图书馆: 大光很尽力啊
[1657] Zambie: 塔斯丁神了
[1658] 斋藤秀: 南宫亮we什么意思
[1659] 坑头村后: 翻了
[1660] 寒风夏梦: 发疯了
[1661] Ttt、、: 卢锡安急了
[1662] AAFFKK: LCK等级森严涅槃之王
[1663] KB.酷本: 一波一波
[1664] 天书黎明前: 卢锡安好流脓
[1665] 今沛生残夜: gg
[1666] Nick: 老张你在一路的时候基地爆炸能说句GG吗
[1667] 迷茫的星宙: 卢锡安有个果子不是能拉开？
[1668] 随便: 20分钟复活这么快拿你一波？
[1669] 你说什么？七夕搞事情！: 弱悲
[2026-08-28 18:18:58] 已刷新 /Users/ad/Documents/polymarket/reports/intel_danmu_live_lck_bro_bfx_2026-08-28.html（2655 条弹幕）
[1670] 克神的肥婆初恋: ？
[1671] 咸鱼太咸x: 这卢看不懂在干什么
[1672] 克神的肥婆初恋: 这卢只会打NS？
[1673] 邓总小秘: 卢锡安去死吧啊
[1674] 保罗熊: 不给大光玩输出的基本没节奏，一潭死水
[1675] 寒风夏梦: 差点伤害
[1676] 你不吃飯嗎: 加里奥屁股都让大棒顶飞起来了
[1677] 克神的肥婆初恋: 发现了他们只会打NS
[1678] 邓总小秘: 这个卢锡安的伤害呢
[1679] 心事都在心里: 这波团vn有用的话炸了
[1680] 巢倾与金钱: 猫咪没用呀
[1681] 你说什么？七夕搞事情！: 不会又要打满吧
[1682] 😘曾小涵😍: 都没伤害的
[1683] 欧巴欧巴: 会玩卢夕安吗
[1684] 独品鱼肉水饺: 德子直接无尽了
[1685] 迷茫的星宙: 刚才拉开等猴子不是能打的，都残血了
[1686] 山山而川: 打不满了
[1687] 你说什么？七夕搞事情！: 一人一把，打满放心看
[1688] 林间夏光细: 拖下去感觉有点机会
[1689] 旧人: 翻不了一点
[1690] 奈落yolo: 卢锡安有点卡
[1691] 斋藤秀: id一遮还以为右边上野是多兰oner
[1692] rooooopzz: 等级森严啊
[1693] 阵容怪赢得快: 也不看看 ns 大菠萝现在多菜，真当是他猛啊…
[2026-08-28 18:19:58] 已刷新 /Users/ad/Documents/polymarket/reports/intel_danmu_live_lck_bro_bfx_2026-08-28.html（2679 条弹幕）
[1694] M: IG也打假赛
[1695] NiangLeHippie: 刺客型英雄还行
[1696] fishingman: 打野选个猴子跟死人一样
[1697] 好驰巢鹦鹉: 拖到40才能有机会
[1698] 马冰卡布奇诺: 隔壁tt发火了  翻了
[1699] *佳~园丶恋#人: 15杀的狐狸
[1700] 1349787092yy: lpl全是3:0这个全是3:1安排好啦
[1701] 好驰巢鹦鹉: 猴子拿了人头一点B用没有
[1702] 菊花古剑和酒: 杀那么多是因为对面送
[1703] 肉鸡: 大光的加里奥选出来就是负一分
[1704] 保罗熊: ns没看懂狐狸队，以为学弟能硬钢大光
[1705] 空岛旅馆: tt翻了
[1706] 一直洋: 他功能性中单玩不明白
[1707] 寒风夏梦: 左边不开大龙等什么
[1708] 你说什么？七夕搞事情！: 三轮太超模了
[1709] 腰暖深树鸣: 码头牛笔
[1710] 海克斯科技有限公司: 阿一古
[1711] 小老弟: 想放假了，教练会不知道不会玩
[1712] 守望者11: 在等龙魂
[1713] 沁: VN机会
[2026-08-28 18:20:59] 已刷新 /Users/ad/Documents/polymarket/reports/intel_danmu_live_lck_bro_bfx_2026-08-28.html（2699 条弹幕）
[1714] 我是一颗小虎牙: 这把就vn问题
[1715] 保罗熊: 猴子没毛，vn真的出生被单杀
[1716] 我是一颗小虎牙: 码头杀疯了
[1717] 😘曾小涵😍: 火龙魂杰斯一炮vn就残血
[1718] 腰暖深树鸣: 傻鸟弹幕说ig虐人
[1719] 逗逼和BILL的爸爸: 猴子野区开巨魔那波还没问题？他自己跑了，
[1720] blockheading: 凯南辐射队友了
[1721] 巴西球星内马尔: 不是KT赢了吗？怎么bro还有比赛打？
[1722] 举直者敬人: 那不是bp问题吗？
[1723] 菜菜的小可爱: 那不该怪教练么
[1724] 腰暖深树鸣: 码头牛笔
[1725] Smorin: 一股翻盘的味道
[1726] 寒风夏梦: 左边还不开大龙壁对面过来送吗
[1727] TenderTree: 怪教练
[1728] 弃毛毡: vn正常，刚才那波就打赢了
[ALERT] huya_shuoshuo 采集器退出（code=2），10s 后自动重启；完整性记为受影响
[multi] 已启动 huya_shuoshuo https://www.huya.com/323444 -> /Users/ad/Documents/polymarket/docs/data/danmu/huya/2026-08-28_huya_shuoshuo.jsonl (pid 21600)
[1] 甜心爱你: 法穿都不出了
[2] ℡遺忘ゞ: ？？？？
[2026-08-28 18:21:59] 已刷新 /Users/ad/Documents/polymarket/reports/intel_danmu_live_lck_bro_bfx_2026-08-28.html（2716 条弹幕）
[3] 我是一颗小虎牙: 差距在打野，巨魔推了五座塔
[4] Ming: ns不要这种ad是有道理的
[5] 😘曾小涵😍: 凯南开个大bfx直接吓尿了
[6] ℡遺忘ゞ: 27分钟大帽？
[7] 守望者11: 又要等龙魂了吗
[8] TenderTree: 翻了翻了
[9] 丫丫呸磊磊: 菜鸟都这样线上打不过 打野的锅
[10] Isolation: 凯南还是杨永信皮肤
[11] 巴西球星内马尔: KT回家了吗？
[12] 簡簡單單: 凯南缅甸回来的，电起来
[13] TenderTree: 要翻了翻了
[14] 迷茫的星宙: 太勇也就和爱希云啊那还行，其他真的一般
[15] 幸免朱仙鎮: 兄弟们等下准备叫麻麻了
[16] 1234567: 我感觉是教练想点子的 把自己选手摇晕了
[17] 保罗熊: 凯南在耍猴
[18] 低调但实力: 拉开拉开打架犯法要坐牢的
[19] 斯潘历史: 遛昏
[20] 蓝色: 又菜又怂的队伍
[21] 一觉睡到小时候: 挺住
[22] 迷茫的星宙: 这加里奥顶着巨魔选
[23] 名字这个东西就是个念想: 大龙直接放了
[24] 傲娇追猎者: 要啥给啥，纯等死
[25] 热心小将: 大光
[26] 不羁: 右边真的废了
[27] 名字这个东西就是个念想: 右边这个懦夫
[28] 坑头村后: 这不一波？
[29] 开心溜溜球: 打不过卡斯汀的不多了
[30] 不羁: 让1追三了
[2026-08-28 18:22:59] 已刷新 /Users/ad/Documents/polymarket/reports/intel_danmu_live_lck_bro_bfx_2026-08-28.html（2744 条弹幕）
[31] 迷茫的星宙: 不如搞个安妮
[32] *佳~园丶恋#人: 真耍猴
[33] 保罗熊: 等下火龙魂的凯南我不敢想象了
[34] 可爱大肥羊: 早说了塔斯丁无敌了
[35] 流萤的小辫子: 不行啊，去不了世界赛
[36] 中华汪小宝: 38分钟才有机会
[37] 晨曦点点: 下路那波，卢锡安不等队友，能打的
[38] 听懂你的心: 大头没了
[39] 守望者11: 估计等龙魂然后一波
[40] 听懂你的心: 大头没了
[41] 第一解说马海威: 卡卡卡
[42] 寒风夏梦: 还龙魂 马上一波
[43] 先: 二路怎么不一起播了？？吵架了
[44] 75621: vn只是爱睡觉有什么错
[45] 寒风夏梦: 还龙魂 对面守不住线
[46] 迷茫的星宙: 右边都清不了线了，还打啥
[47] *佳~园丶恋#人: 挂虚弱也没用，2 3斧子就砍死了
[48] Mata?: 感觉都不用火龙魂
[2026-08-28 18:23:59] 已刷新 /Users/ad/Documents/polymarket/reports/intel_danmu_live_lck_bro_bfx_2026-08-28.html（2762 条弹幕）
[49] 守望者11: 韩国不拿龙魂不会玩游戏
[50] 翊叶: 一刀半血
[51] 保罗熊: 这一刀
[52] NiangLeHippie: 打团少一只你说咋玩，还是个软辅开不团这把没了
[53] 寒风夏梦: 得不要龙魂了 对面没有收线能力
[54] 我是一颗小虎牙: 右边阵容就有问题啊
[55] 一世双日: 右边太懦了
[56] 我是一颗小虎牙: 凯南克制所有，杰斯克制加里奥
[57] 解哾米勒: ？？
[58] 保罗熊: 拿龙魂再爽一波吧
[59] 众生皆苦: 小光玩功能性怎么这么抽象了
[60] 流萤的小辫子: 没法玩
[61] 寒风夏梦: 右边压根守不住线 一波结束
[62] 不羁: 杰斯都能赢
[63] &WE: 这薇恩销户第二
[64] Nick: 弱队真的不要玩加里奥
[65] 明天的太阳: 什么伤害
[66] HZcsysm: 左边拿了玻璃大炮
[67] &WE: 薇恩输出22
[68] 骑马的感觉爽: 狐狸死回家吧
[2026-08-28 18:24:59] 已刷新 /Users/ad/Documents/polymarket/reports/intel_danmu_live_lck_bro_bfx_2026-08-28.html（2782 条弹幕）
[69] 流萤的小辫子: VN诗人？
[70] 保罗熊: 收汁
[71] ~~~坚歭赱丅詓~~~: vn在a兵
[72] 人在Notion: 一波一波
[73] 坑头村后: 这不一波？
[74] 达文西: 这微恩不是人类
[75] 低调但实力: 这不一波？
[76] 水發海參子萝卜汤: VN在干嘛？
[77] 溜黄菜炸晃虾: 奥巴马不会玩，开局不选法爆易损
[78] 人在Notion: 一波一波
[79] 行人-小布: 有一说一 泰迪玩的真不错！！
[80] 心之所向: 翻了杰斯没赢过
[81] 斯潘历史: 这不一波？
[82] TTBY: 牛逼
[83] 冷酷的甜心: 放了!
[84] 惨叫鸡的哭声QAQ: 这不一波？
[85] 保罗熊: bro要打t1咯
[86] 浩酱: 一波一波
[87] 蓝色: 又菜又怂
[88] 人生。: 一波哥赢了
[89] 轻盈谷雨曲: 太勇不行啊
[90] 斋藤秀: vn没猫伤害高
[91] bsbnlg: vn 在干嘛
[92] 众生皆苦: 换台看马脸哥哥
[93] 小虎牙-KM8YATBKB1: 拿下，让1.5有了，舒服
[94] 骑马的感觉爽: 死回家吧狐狸
[95] 你给我熄佛: 日本人的加里奥好菜
[96] xxx丶xin: vn不知道怎么办了
[97] 浮屠: 这太龟了
[98] 来日包含: 无能的VN
[99] 翊叶: 补肉很厉害啊
[100] 小老弟: 教练会不知道它们不会玩么，想放假直说
[101] 帅帅帅欧洲人: 巴适得板
[102] 璟神: 三斧子。人不见了。
[103] 四人是男儿: 牛逼第一次见奥巴马配猫
[104] 海蜇皮: 看伤害
[105] 先生: 教练不是人
[2026-08-28 18:26:00] 已刷新 /Users/ad/Documents/polymarket/reports/intel_danmu_live_lck_bro_bfx_2026-08-28.html（2819 条弹幕）
[106] 大师我真的悟了: 这一炮半管血的杰斯我从未在多兰那里见过
[107] 陈 先生: 这个中单太菜了
[108] 保罗熊: 还吃了二塔
[109] 流萤的小辫子: IG还有进世界赛的机会嘛
[110] 先生: 一把放青钢影家里奥
[111] 先生: 这把放寒冰组合
[112] 六月别困: 右边这棒子还能在LPL有工作，太病态了
[113] 保罗熊: TT把把撑不过25分钟啊
[114] 断云依: TT 敢赢吗？
[115] 暮色醉逍遥: 今天这个时长堪忧
[2026-08-28 18:27:00] 已刷新 /Users/ad/Documents/polymarket/reports/intel_danmu_live_lck_bro_bfx_2026-08-28.html（2829 条弹幕）
[116] 我是一颗小虎牙: 这中路死了偷的寒冰大都不放哈哈
[117] 众生皆苦: ig咋回事，咋这么夸张了
[118] 啊同一个: 又是24分钟
[119] 保罗熊: ig是急着下班的
[120] zl: nip实力深不可测，能0封ig
[121] 行人-小布: 一句话 不敢赢！！
[122] TTBY: 握草把把20几分钟
[123] 誓约: 毛÷狂喜，可以下早班了
[124] 众生皆苦: 虽然想看马脸哥哥赢，但不至于这么快赢吧
[125] 小西米咯嗒面: 毫无悬念的让2追3。
[126] 瑾晰: 藤竞死命令IG必须四号种子
[127] Wings-寒易: lpl感觉要两场三比零了
[128] 贰零贰零: 太畜生了这么快的
[129] 众生皆苦: 我超威，ig你给我打满啊
[2026-08-28 18:28:00] 已刷新 /Users/ad/Documents/polymarket/reports/intel_danmu_live_lck_bro_bfx_2026-08-28.html（2843 条弹幕）
[130] 小虎牙-qOj0qT8g9N: IG这实力排BLG滔博AL后面第四没问题吧和去年一样
[131] 众生皆苦: 明天lpl不好看，可以看t1
[2026-08-28 18:29:00] 已刷新 /Users/ad/Documents/polymarket/reports/intel_danmu_live_lck_bro_bfx_2026-08-28.html（2845 条弹幕）
[132] 众生皆苦: 后面几天lpl都不好看，lck还不错
[133] 尚存路易斯安那州: lck除了有t1真的好看？说真的t1感觉随便赢吧
[2026-08-28 18:30:00] 已刷新 /Users/ad/Documents/polymarket/reports/intel_danmu_live_lck_bro_bfx_2026-08-28.html（2847 条弹幕）
[2026-08-28 18:31:01] 已刷新 /Users/ad/Documents/polymarket/reports/intel_danmu_live_lck_bro_bfx_2026-08-28.html（2847 条弹幕）
[2026-08-28 18:32:01] 已刷新 /Users/ad/Documents/polymarket/reports/intel_danmu_live_lck_bro_bfx_2026-08-28.html（2847 条弹幕）
[134] 岸花焦灼问妻子: 不灭
[2026-08-28 18:33:01] 已刷新 /Users/ad/Documents/polymarket/reports/intel_danmu_live_lck_bro_bfx_2026-08-28.html（2848 条弹幕）
[135] 拿可乐的萍萍: 不要丢我们i张的脸啊
[136] 哈米吉多顿大战: 玩solo了？
[137] J: 骚鲳鱼
[2026-08-28 18:34:01] 已刷新 /Users/ad/Documents/polymarket/reports/intel_danmu_live_lck_bro_bfx_2026-08-28.html（2851 条弹幕）
[138] 断云依: 要死了
[139] 哈米吉多顿大战: 说真的 ，你不该选武器solo的 武器对线真不厉害的
[140] A你的眼睛会发光吗: 速速找借口就说电脑卡，必输
[141] 哈米吉多顿大战: 反正肯定不是第一梯队
[142] 小虎牙-LH3JhtbDAv: 被拉扯昏迷了
[143] 这水不同啊: 被拉长麻了
[2026-08-28 18:35:01] 已刷新 /Users/ad/Documents/polymarket/reports/intel_danmu_live_lck_bro_bfx_2026-08-28.html（2857 条弹幕）
[144] Purin: ？
[145] lronMan: ？
[146] 断云依: 区
[147] lronMan: 张神，投降吧，看的难受，求你了
[148] 喜欢上一个人: 你在补你的那个
[149] 哈米吉多顿大战: 数值 比不了的 青钢影 有w 有盾
[150] 雪狮王: 补刀稀碎
[151] 笑: 补得跟史一样
[152] 拿可乐的萍萍: 你这b补刀 怪不得打野
[153] 断云依: ？
[154] 斯潘历史: ？
[155] 小虎牙-LH3JhtbDAv: 哈哈哈
[156] lronMan: 逆天
[157] 吾儿孟德何在: 不如米人
[158] ✦.磊   磊: 哈哈哈
[159] lronMan: 两区之战
[160] 哈米吉多顿大战: ？？？
[161] lronMan: ？
[162] lronMan: 看yue了
[163] A你的眼睛会发光吗: 帅
[164] 96lineFaker: 芜湖湖
[165] 随心: 大鱼要难受坏了
[166] 爱祥祥真是太好了: 假赛
[167] 哈米吉多顿大战: 青钢影 把自己急死了
[2026-08-28 18:36:02] 已刷新 /Users/ad/Documents/polymarket/reports/intel_danmu_live_lck_bro_bfx_2026-08-28.html（2881 条弹幕）
[168] 有梦想的蜗牛2: 彩笔
[169] 俊的星与夜: 不来了不来了  最后一把
[170] 哈米吉多顿大战: 青钢影 不急 随便打
[171] 我是一颗小虎牙: 以后都不接了说一辈子
[172] 哈米吉多顿大战: 这青钢影 谁玩的
[173] 云淡风轻: 别给他机会，粘他一辈子！
[2026-08-28 18:37:02] 已刷新 /Users/ad/Documents/polymarket/reports/intel_danmu_live_lck_bro_bfx_2026-08-28.html（2887 条弹幕）
[174] 云淡风轻: 759
[175] Dennis、zhu: 直接黏住
[176] Dennis、zhu: 2017
[177] Dennis、zhu: 秀彬！
[178] 云淡风轻: 老张上小号发微去了∴
[2026-08-28 18:38:02] 已刷新 /Users/ad/Documents/polymarket/reports/intel_danmu_live_lck_bro_bfx_2026-08-28.html（2892 条弹幕）
[2026-08-28 18:39:02] 已刷新 /Users/ad/Documents/polymarket/reports/intel_danmu_live_lck_bro_bfx_2026-08-28.html（2892 条弹幕）
[179] 哈米吉多顿大战: 这是在看谁solo
[180] 响穷誉巧拙: 扫张 听到秀彬声音就切
[181] 96lineFaker: 依旧看腿
[182] 哈米吉多顿大战: 主播，请问你刚才solo单杀的是957吗
[183] 孙悟空先生: 。
[2026-08-28 18:40:03] 已刷新 /Users/ad/Documents/polymarket/reports/intel_danmu_live_lck_bro_bfx_2026-08-28.html（2897 条弹幕）
[184] 96lineFaker: [哈欠][哈欠]
[185] 地球小密: 主播，请问你刚才solo单杀的是957吗
[186] 轻盈谷雨曲: IG连NIP都打不过随便虐TT
[187] 哈米吉多顿大战: 957还是会
[188] 云淡风轻: 这不得发个微！
[189] 猴子的宝藏: 单杀957 应该发个朋友圈
[190] 雪狼呜呜笑: ？
[191] 吾儿孟德何在: 老腿太想进步了
[192] 流萤的小辫子: IG能连赢6个bo5拿到一号种子嘛
[193] 轻盈谷雨曲: 狐狸到此为止了
[2026-08-28 18:41:03] 已刷新 /Users/ad/Documents/polymarket/reports/intel_danmu_live_lck_bro_bfx_2026-08-28.html（2907 条弹幕）
[194] 哈米吉多顿大战: 感觉这个现场世界各地的人都有啊
[195] Ray、: 干他 粘他一辈子
[196] 轻盈谷雨曲: 自己搬阿卡丽？
[197] 哈米吉多顿大战: bro毕竟raise组第一
[198] 蟹老板儿你在抓子: bfx好菜啊
[2026-08-28 18:42:03] 已刷新 /Users/ad/Documents/polymarket/reports/intel_danmu_live_lck_bro_bfx_2026-08-28.html（2912 条弹幕）
[199] 白鹤姐姐: [赞]
[200] J: 骚鲳鱼也就虐虐米人这种白银上单了
[201] Dennis、zhu: 主播开粘了
[202] 王命相者阳和使: 五场拉满了
[203] 占哈哈哈哈哈: 谢哥给你发信息了
[204] 燕非恒: 泰勇昨天能量用尽了 准备去区王杯
[205] 斯潘历史: 急了骚鲳
[206] Dennis、zhu: 别接 粘住
[207] kobe业务部高级: 别来，给他急
[208] KimLip: 759 很急
[209] LuLu13: 大光不玩刺客就g
[210] 丅一詀垨候ᝰэ: @哈米吉多顿大战 逆天司马畜生，rise不分
[211] 一定要睡到心上人: 狐狸这种有明显短板的，针对一下就没啥气候了
[212] 低调但实力: 打满了
[2026-08-28 18:43:04] 已刷新 /Users/ad/Documents/polymarket/reports/intel_danmu_live_lck_bro_bfx_2026-08-28.html（2926 条弹幕）
[213] 轻盈谷雨曲: 大光发条能赢。
[214] 蟹老板儿你在抓子: 大光大法师和加里奥都是💩
[215] 斯潘历史: 娜美
[216] 燕非恒: 单云不好配
[217] LuLu13: 泰坦呗
[218] 爱因斯坦: 大光为什么自己ban阿卡丽
[219] 轻盈谷雨曲: 单云赢不了啊
[220] 燕非恒: 泰坦
[221] ..: 老张 世一上短剧看了吗
[222] 我是一颗小虎牙: 直接大嘴
[223] .: 霞不好啊
[224] Ray、: 管哥可以解说足球了
[225] 钟情世界和平的白羊啦丶: 我
[2026-08-28 18:44:04] 已刷新 /Users/ad/Documents/polymarket/reports/intel_danmu_live_lck_bro_bfx_2026-08-28.html（2939 条弹幕）
[226] 天清常局促: 管大校咋了
[227] 不屑于解释: 霞团战咋玩
[228] 黄公子z: 3-1
[229] 迷茫的星宙: bro这下路把把把你组合拆了
[230] .: 有这么多选择 一定要玩个逼霞
[231] 醉熟袭德末声仁: 为啥不选萨叻分妮
[232] 丨眼缘丨: 管狗开团48，近期解说应该没有
[233] 我是一颗小虎牙: 压力给到上中野
[234] 王命相者阳和使: 五把拉满了
[235] 哈米吉多顿大战: 小电视早不管晚不管，现在积重难返了开始管上了
[236] 小虎牙-SR6jMP0Qbm: 大头给我出来好不好，求你了
[237] 众生皆苦: 打满吧
[238] 哈工刘德华1: cuvee
[239] 小虎牙-SR6jMP0Qbm: 哈哈哈
[2026-08-28 18:45:04] 已刷新 /Users/ad/Documents/polymarket/reports/intel_danmu_live_lck_bro_bfx_2026-08-28.html（2953 条弹幕）
[240] xiao-song: 肯定第五吧了
[241] 燕非恒: 这毛毛雨 老管敢说大满败的
[242] 醉熟袭德末声仁: 萨叻分妮比泰坦好
[243] KimLip: 759红温了
[244] 疯子: 这不封世一上？
[245] 众生皆苦: 云没个软辅保吗
[246] 风头肯登攀: 姑马威c？
[247] 追风十一郎: 他们不纯啊
[248] xiao-song: 左边没后期的
[249] 无之与我并生: 霞不是后期？
[250] 旧人: 31结束
[251] VIT-Kevster: 哥哥打弟弟
[252] 傲颜Sunny: 不选别亮
[253] LuLu13: 霞还没有后期啊
[254] 山水之间: 他两个不看LCK吗
[255] xiao-song: 比不过对面a d
[256] 哈米吉多顿大战: 狗头打野被砍了吧，线上算加强
[2026-08-28 18:46:04] 已刷新 /Users/ad/Documents/polymarket/reports/intel_danmu_live_lck_bro_bfx_2026-08-28.html（2970 条弹幕）
[257] 青衫剑首: 对面四个哪个不怕狗头怂什么？
[258] 众生皆苦: 云有点难搞
[259] 稳中高手稳如狗: 史前巨鳄、史前巨鳄、史前巨鳄、史前巨鳄、史前巨鳄、史前巨鳄、
[260] 王命相者阳和使: 剑魔20分钟后砍疯
[261] 稳中高手稳如狗: 史前巨鳄、史前巨鳄、史前巨鳄、史前巨鳄、
[262] 我是小明啊Zz: 出剑魔那才是要3：1结束
[263] 香飘飘喜鹊: 教练不可能给他玩的关键局了。
[264] 轻盈谷雨曲: 3比1带走了
[265] 燕非恒: ai哥的永恩没看过
[266] 依依东望: 狗头太笨了，陀螺
[267] 黄公子z: 3-1
[268] 哈米吉多顿大战: 有什么好怕的呢 又没什么包袱
[269] 低调但实力: ai哥亲完了
[270] Yang21: 狗头抗鳄鱼随便抗
[271] 众生皆苦: bfx加油
[272] 万树江水声: 第五把要来了
[273] 众生皆苦: 给我打满
[274] 天清常局促: 右边阵容好呀
[275] 青衫剑首: 有大树，有泰坦，有发条，你告诉我被拉扯。
[276] 小虎牙-SuvDaEmECh: 这把谁阵容好一点
[277] 燕非恒: 我就说ai哥永恩没看过
[278] ✦.磊   磊: 张哥，你会BP吗？
[279] 众生皆苦: 只要能打满我才不管谁输谁赢
[280] 我是一颗小虎牙: 狗头主E打鳄鱼有木有说法
[281] 樱桃真甜: 666666
[2026-08-28 18:47:05] 已刷新 /Users/ad/Documents/polymarket/reports/intel_danmu_live_lck_bro_bfx_2026-08-28.html（2995 条弹幕）
[282] 低调但实力: 豆包说左边阵容好到发瘟
[283] Zero9907: 发条已经够发育了 选个狗头前面啥都要让
[284] ✦.磊   磊: 张哥，你会BP吗？
[285] 轻盈谷雨曲: 上路弟顶不住
[286] 香飘飘喜鹊: 你是教练，你也不给他玩。输了就滚了。
[287] 依依东望: 再增加也没用啊，吃个控制就罚站被溜
[288] Zero9907: 不选很正常
[289] 稳中高手稳如狗: 史前巨鳄、史前巨鳄、史前巨鳄、史前巨鳄、
[290] zhooouYT: 女枪被ban了吗？
[291] 稳中高手稳如狗: 史前巨鳄、史前巨鳄、史前巨鳄、史前巨鳄、史前巨鳄、史前巨鳄、
[292] 我是一颗小虎牙: 2:2
[293] zhooouYT: 泰坦配女枪呀，多好。
[294] 青衫剑首: 啊？选了云安娜，选了发条，再选个狗头，怎么了？放两条龙发育
[295] 哈米吉多顿大战: 永恩 这英雄 非常走钢丝的 除非队伍能够养永恩 能肥起来
[296] 我是一颗小虎牙: 打满
[297] 王命相者阳和使: 鳄鱼马上要被抽成皮鞋了
[298] 铜牌不如银牌: 3:1
[299] Wu: 2比2
[300] 还如奁尘满: 左边定点秒杀一个
[301] 稳中高手稳如狗: 史前巨鳄、史前巨鳄、史前巨鳄、史前巨鳄、
[302] Yang21: 这把ap树也厉害，还能挂重伤
[303] 燕非恒: 拆云露组合的 只能选泰坦
[304] 山水之间: 狗头会被抓成瓜皮的，一辈子没线权的英雄
[305] 稳中高手稳如狗: 史前巨鳄、史前巨鳄、史前巨鳄、史前巨鳄、史前巨鳄、
[2026-08-28 18:48:05] 已刷新 /Users/ad/Documents/polymarket/reports/intel_danmu_live_lck_bro_bfx_2026-08-28.html（3019 条弹幕）
[306] 等会讲你你又不高兴: 张神 ig2:0了
[307] 依依东望: 就硬黑957，人家说的是鳄鱼你要说鲳鱼
[308] 等会讲你你又不高兴: 能3:0吗
[309] VIT-Kevster: 肯定不能3:0，因为现在2:1
[310] 哈米吉多顿大战: ap大树真厉害嘛 多看看想想玩玩呢
[311] XiXiYue: 这里会打满吗
[2026-08-28 18:49:05] 已刷新 /Users/ad/Documents/polymarket/reports/intel_danmu_live_lck_bro_bfx_2026-08-28.html（3025 条弹幕）
[312] 众生皆苦: bfx加油，我们打满好不好
[313] 想去稻城: 老板TT粉丝
[314] LuLu13: 勇哥只能打大菠萝
[315] 流萤的小辫子: IG进前6就有机会进世界赛嘛
[316] 乱世DJ慢羊羊: 豆包豆包 这一把谁的阵容好一点
[317] 小萝卜他爸: AP大树这版本不如肉大树
[318] 非独天地之施: 痰盂真废物，昨天让一追三
[319] 乱世DJ慢羊羊: 豆包豆包 这把谁的阵容好
[320] 似花山水好: 毛毛没有buff了
[321] 燕非恒: 万一明天LGD把TES干掉 忍村大战终极之战
[322] 乱世DJ慢羊羊: 豆包豆包 帮我看看这把谁能赢
[323] 無感不忍人之政矣: 明天陀螺怎么看
[324] 青衫剑首: 硕哥，你们几说是按场算钱还是按时长？
[325] 众生皆苦: 滔博不至于被老干爹拿下应该
[326] 非独天地之施: 今天1~0让3
[327] 哈米吉多顿大战: 10场打满很快就回来了，你别急
[328] 半张纸。: 我想TT让二追三呀，TT加油
[329] 我是小明啊Zz: TT就是LDL水平   基本的东西都做不好
[330] 父子得已而去: 最近没有一路吗？
[331] 流萤的小辫子: IG至少得赢2个bo5
[332] Xl: 工资一样吗
[333] 非独天地之施: 谭勇
[334] 小虎牙-DEZW0C2GPV: 老张这把看好谁
[335] 醉熟袭德末声仁: 太扎实了右边阵容。30分钟不知道怎么输
[336] Hahahahhhhh: 今天谁比较c啊
[337] Dennis、zhu: 左边狐狸就是豆包
[338] Yang21: i6鳄鱼
[339] 非独天地之施: 痰盂
[340] 哈米吉多顿大战: tes 打lgd 真稳吗
[341] 我是一颗小虎牙: 明天t1
[2026-08-28 18:50:05] 已刷新 /Users/ad/Documents/polymarket/reports/intel_danmu_live_lck_bro_bfx_2026-08-28.html（3055 条弹幕）
[342] Smorin: 今天不是有lec吗
[343] 虎兕驱虎豹: 我看好LGD
[344] LuLu13: 滔博真不一定稳吃老干爹
[345] _______L: 明天大概率要输
[346] 干儿子名叫高代宏: BRO像去年的kt有感觉吗
[347] 虎兕驱虎豹: 有问题吗，老张
[348] 哈米吉多顿大战: 打到凌晨几点 真得给加班费
[349] 似花山水好: 不会把滔博送走了吧，哈哈
[350] 众生皆苦: 明天t1被三比零拿下是不是就差不多完蛋了
[351] 醉熟袭德末声仁: 右边30分钟不知道怎么输
[352] 燕非恒: 今天输了的 准备区王杯
[353] 商业观众: 有复活甲，随便玩啊
[354] 干儿子名叫高代宏: BRO像去年的kt有感觉吗
[355] 無感不忍人之政矣: 明天LPL的陀螺怎么看
[356] 空白: 如果明天t1输了骚张会抽什么
[357] 干儿子名叫高代宏: BRO像去年的kt有感觉吗
[358] 父老36282: 无耻控线
[359] 虎兕驱虎豹: 我看好LGD，你觉得我判断可有问题
[360] AAFFKK: 没感觉
[361] 众生皆苦: 明天t1输了老张抽粉丝
[362] 俊的星与夜: 上单又要被压爆了
[363] 干儿子名叫高代宏: BRO像去年的kt有感觉吗
[364] 小老弟: 这个上只会奎
[365] 小飞象z: @干儿子名叫高代宏 有你吗感觉
[2026-08-28 18:51:06] 已刷新 /Users/ad/Documents/polymarket/reports/intel_danmu_live_lck_bro_bfx_2026-08-28.html（3079 条弹幕）
[366] 许许如牲: 那你敢接吗，一个星期四
[367] 我是小明啊Zz: 这Clear一直亮剑也挺变态
[368] 山水之间: shy哥选薇恩了
[369] 父老36282: 骂得好 最烦有感觉犬
[370] 众生皆苦: 我去马脸哥哥玩vn了，先去隔壁看看
[371] 我是一颗小虎牙: 感觉兔子唧唧了
[372] 铜牌不如银牌: 说了3:1，
[373] Dennis、zhu: 感觉哥进场
[374] 我是一颗小虎牙: 滔博虽然外战陀螺内战还是稳抽老干爹
[375] YouareGODV: 一路跟t1选择哪个
[376] ..: 老张 霞是不是收有点短
[377] 燕非恒: 希望原神明天把TES干了 可以看到忍村大战最后一战
[378] 哈米吉多顿大战: lgd的真有几个真支持者吗
[379] 骑盲鱼探路丶: 张神什么时候去lck播一路
[380] 我是一颗小虎牙: 工作要紧呀，骚硕
[381] 想上赋能排cxy: 大光会出手
[382] 我在必我故: 解说t1有钱拿吗
[383] 珠箔正愁余: 2-2，我说的
[384] 小虎牙-JzkFkOCsgA: 今天有lec吗
[385] KimLip: 领导故意这样排班的
[2026-08-28 18:52:06] 已刷新 /Users/ad/Documents/polymarket/reports/intel_danmu_live_lck_bro_bfx_2026-08-28.html（3099 条弹幕）
[386] 此生仅有的机遇: 右路上单太菜了把把后选被压刀
[387] 众生皆苦: 马脸哥哥的vn还是要看一下
[388] YouareGODV: Lgd粉丝不少啊，祖上还是有点高光的
[389] 晴秋非度: LGD没问题
[390] 饺子: 我看今天说BLG把管哥告了啊
[391] 楚雄市小明: 明天终于能看到t1的bo5了
[392] 飞鸟: 一天两个BO5，是按两场工资给解说吗
[393] fall: 你们为什么不连麦了
[394] 半张纸。: 大光的狐狸还给烧了
[395] 莎莎求大哥: 说话老张别划水哈哈哈
[396] VIT-Kevster: 大光狐狸昨天不行？
[397] 酸菜: 今天二个bo5都是三比零下班挺爽
[398] 我是一颗小虎牙: 杰杰明年还打吗
[399] 赤壁曰灵均: TBQ冠军打野带你飞
[400] 非独天地之施: 第五把把别31
[2026-08-28 18:53:06] 已刷新 /Users/ad/Documents/polymarket/reports/intel_danmu_live_lck_bro_bfx_2026-08-28.html（3114 条弹幕）
[401] 故岁即文章: 哦豁不打架
[402] 我是一颗小虎牙: 这把云是不是要被冲烂
[403] 非独天地之施: 让一追三有什么意义
[404] huhuhu: 上路有差距啊
[405] 我是一颗小虎牙: 剑魔的严父太多了
[406] 依依东望: 今天有没有LEC？
[407] 水發海參子萝卜汤: 前期左边除了下路抗压，其他两路对线会舒服一点，拖不好说
[408] 非独天地之施: 打五局吧，昨天也是让一追三
[409] 来来加油努力: bfx上路把把被暴打
[410] 低调但实力: ai哥进化了
[411] 小老弟: 大光就是蛆
[412] CXIAO: 大光
[413] 你给我熄佛: 日本人真的菜
[414] Ray、: 大光依旧很菜
[415] 水發海參子萝卜汤: 看来要结束了
[416] LuLu13: 大光太菜了
[417] 悲伤的夜猫: 大光的一血
[418] 小海: 大光蒸菜
[419] pen: 大光不躲踩的啊
[420] 燕非恒: AI哥今天吃药了
[421] 我喂尼袋盐: 狗头 比这 惨  你会不会玩
[422] 非独天地之施: 今天也是这样，韩国在干什么
[2026-08-28 18:54:06] 已刷新 /Users/ad/Documents/polymarket/reports/intel_danmu_live_lck_bro_bfx_2026-08-28.html（3136 条弹幕）
[423] 回首掏泥: bfx这个中单是短板中的短板，把把混子
[424] 霸气威武硬邦邦: 大光今天不如昨天咯
[425] 酸菜: 升级了
[426] 礼寻欢e: 大光吃完一切再交闪
[427] T: 老张  T1明天是打今天的胜者吗
[428] 依依东望: 有就好，昨天没有比赛催眠都有点难睡
[429] 低调但实力: 算力拉满了
[430] 水發海參子萝卜汤: 好看！
[431] T1--Fighting: 张神t1打哪个更好赢
[432] 我是一颗小虎牙: 算力跟上了，ai哥猛起来了
[433] 梁卓升Daniel: 呵呵了 真的 右边有人类吗
[434] 稳中高手稳如狗: 算力拉满，
[435] Hahahahhhhh: 这老妹儿有点吓人了
[436] 珠箔正愁余: 这老妹？，这娘们把
[437] 梁卓升Daniel: BRO 王朝？
[438] 俊的星与夜: 为什么叫他AI哥
[439] 我是一颗小虎牙: bdd最近有点区化了
[440] T: 老张  T1明天打今天得胜者吗
[441] 水發海參子萝卜汤: 下路如果云露压不住霞，后期只能靠剑魔了
[442] AAFFKK: T1克苏鲁队伍不可观测
[443] 干儿子名叫高代宏: 小飞象z他马是机有感觉吗
[444] 燕非恒: AI有可能先BDD再大光明天打李sir
[445] 不屑于解释: 复仇，选kt
[446] T: 好的
[2026-08-28 18:55:07] 已刷新 /Users/ad/Documents/polymarket/reports/intel_danmu_live_lck_bro_bfx_2026-08-28.html（3160 条弹幕）
[447] 我是一颗小虎牙: s赛资格赛什么时候打？
[448] 商业观众: bro给t1充电的
[449] 风头肯登攀: 看状态还真不如选kt
[450] 摇了摇头吖: 选kt啊鸡窝是LCK最菜的ad
[451] 一定要睡到心上人: 万一打不过不是丢人丢大发
[452] Hahahahhhhh: 你是二哥吗？问几遍就不耐烦了？
[453] T: 刚迩说的时候 我刚好发出去了
[454] 深深丶520: 选bro要遭
[455] 高意尽东倾: t1打bro都费劲有感觉吗
[456] 我是一颗小虎牙: 就选bdd来充电
[457] 小虎牙-JzkFkOCsgA: 今夜有lec吗
[458] 小小欧: T1说不定还不一定打得过bro
[459] 保罗熊: 感觉kt的下路比bro的菜好多
[460] 硕硕不是水硕: 硕硕一直很耐心的啊
[461] 浅汐-: 选kt没错
[462]           .: 肯定选今天的啊
[463] 众生皆苦: tt下路被干翻了，ig三比零了估计
[464] 流萤的小辫子: T1怎么才会不进世界赛
[465] 摇了摇头吖: 选kt啊鸡窝是LCK最菜的ad稳定是爆一路
[466] zl: bro第五把不昏头明明能赢kt
[467] HZcsysm: LCK最菜AD是马桶
[468] 忆往昔逐星岁月: 再赢一场BO5就进了吧
[469] Zero9907: 感觉打KT更衬手
[470] T: 我不是兄弟  我是女的
[471] 水發海參子萝卜汤: 其实真要选不如选KT，鸡窝稳定被突破
[472] 燕非恒: 对于T1下路 泰迪和鸡窝都差不多
[473] 鼬神: 不配选那个怎么样
[474] AAFFKK: 是没看BOR打KT那场吧，BRO变态至极
[475] 溪西兰陵王: 选kt，t1中野全要被爆
[476] 高意尽东倾: t1打bro都费劲有感觉吗
[477] 那就微笑吧。: ns淘汰有资格赛打？
[478] 😘曾小涵😍: 拖后期右边有机会
[479] Zero9907: BRO这么看能玩的英雄挺多的
[480] T: 是的
[481] 空岛旅馆: kt下路容易突破
[482] 演员请准备: t1 看了这两天的比赛，估计还是选kt，bro状态太好了
[483] 水發海參子萝卜汤: 选bro状态不稳定说不定会翻车
[484] 忆过追前: 软辅下路对线这该是T1舒适区了吧
[485] 莎莎求大哥: kt快换小ad吧  挺猛啊
[486] Purin: ？
[487] T: 好
[488] 晨曦点点: 不会像那年t1涅槃一样吧，kt就是选的t1
[489] KEating: ？？？
[490] lronMan: ？
[491] 轻描＆淡写: 张哥我也是老妹
[492] 商业观众: lck没有冒泡赛
[493] 朽木欢: ？
[494] 香飘飘喜鹊: 你可真变脸。
[495] lupo: 捞妹儿?
[496] 东方哥哥的小娇妻: 我八级了，拉我啊
[497] 浅汐-: ？！？？！！
[2026-08-28 18:56:07] 已刷新 /Users/ad/Documents/polymarket/reports/intel_danmu_live_lck_bro_bfx_2026-08-28.html（3211 条弹幕）
[498] 秀啊张芬芳: 拉我
[499] 小虎牙-MCk64G1nOD: 道歉
[500] 风头肯登攀: 出生
[501] 浩酱: 直播间有老妹？
[502] 我是一颗小虎牙: 蜀面豪杰是吧
[503] 低调但实力: 大雕老妹
[504] 韩子乔丶: 什么嘴脸
[505] 不闻初酦醅: 资格赛就是用来走后门的
[506] 迷茫的星宙: bfx这队也有点问题的。下路双人组每次都不喜欢一起选
[507] 高意尽东倾: t1打bro都费劲有感觉吗张神
[508] 轻描＆淡写: 大骚硕我也是老妹
[509] 我是一颗小虎牙: 压抑了
[510] 小咪醉酒: 善变的东西
[511] Beginagaia: 老妹还要升吗直接拉
[512] 到处挂疏桐: 抠脚大汉 自称老妹 哈哈
[513] 仓鼠打得过松鼠: 我特么8级了 你什么时候拉
[514] 我是一颗小虎牙: bfx纸老虎
[515] 燕非恒: 对于小K和少爷 鸡窝泰迪都差不多
[516] 36: 大骚张
[517] 东方哥哥的小娇妻: 张硕，我也是老妹，八级了，怎么不拉我
[518] 贤哲足以使人: ！
[519] 轻描＆淡写: 你不看我弹幕吗？
[520] 强龙不压地头蛇: 张哥，我也是甜妹
[521] 轻描＆淡写: 老张
[522] 笨蛋考拉: 老妹加个V 我来和你慢慢解释
[523] 鲨鱼的李姐: 张申我是小熊
[524] 莎莎求大哥: 小ad差点 打团敢打
[525] 浩酱: 掏出来吓死你
[526] 六月别困: 张根硕我也是老妹
[527] zzzzzoooo: [不看]
[528] 轻描＆淡写: 我还差点
[529] 哦: t1赢几把能进世界赛
[530] 仓鼠打得过松鼠: 私信了啊 你不拉
[531] 梁卓升Daniel: 右边真的有人类吗
[532] 迷茫的星宙: 次次选个ad辅助被对面拿了
[533] 七八麦青色: 资格赛是啥啊
[534] L: 大骚硕
[535] 轻描＆淡写: 我多少了骚硕
[536] 东方哥哥的小娇妻: 没拉我啊
[537] 仓鼠打得过松鼠: 私信了 快拉
[538] 柳州帅哥: 我多少级了
[539] 流萤的小辫子: T1输2个bo5就危险了吧
[540] 强龙不压地头蛇: 粉丝群有福利的吗？
[541] 名字不超过两个字: 我也要进女粉圈
[542] lupo: 下播 面基
[543] 小老弟: 3-1抬走了，不堪一击
[544] 庆爷: ，，，
[545] 茱萸松柏类: d
[546] 哦: T1赢几把能进世界赛
[547] 發大財88888: 八级要多少米
[2026-08-28 18:57:07] 已刷新 /Users/ad/Documents/polymarket/reports/intel_danmu_live_lck_bro_bfx_2026-08-28.html（3261 条弹幕）
[548] 空白: 粉丝群都是干嘛的 里面都是体育生么？白袜子的那种
[549] Hahahahhhhh: 剑魔完蛋了 这发育要没用了
[550] 不羁: 这右边在玩蛇
[551] 我是一颗小虎牙: bfx上路把把被压这么多刀，怎么玩
[552] 君之视臣蟾不没: 这游戏还有新观众呢
[553] 笨蛋考拉: 老张的后花园粉丝群 火热招人中
[554] 發大財88888: 群里有男模吗
[555] Eun: 赢一个bo5就稳进
[556] 流萤的小辫子: T1很大概率进，除非一直输
[557] 浩酱: 老张的后花园粉丝群 火热招人中
[558] 不羁: 上路差距太大了
[559] 發大財88888: 八级多少米啊
[560] 燕非恒: DK赢了KT 基本明天赢了就进
[561] VIT-Kevster: 全年积分第一和夏季赛同一个队怎么办
[562] lupo: 2本魔法书，随便8级
[563] EMMANUEL: 要不停送礼物才能八级吧
[564] 哦: T1赢几把能进世界赛
[565] 發大財88888: 问你儿子们
[566] Dennis、zhu: 我是主播的颜值粉(5毛
[567] 水發海參子萝卜汤: T1赢一把基本就稳进世界赛，后续只是争几号种子
[568] 飞跃千里英雄: 这剑魔是真的夸张，再怎么前期打不过，能把把被这样压
[569] 遗忘2580: 现在lck没有冒泡赛了，明天那场非常重要
[570] 众生皆苦: 马嘉祺给tt干翻了老哥们
[571] 高意尽东倾: t1打bro都费劲有感觉吗张神
[572] T: 怎么升八级，
[573] Dennis、zhu: 我是主播的颜值粉  (5毛
[574] 干儿子名叫高代宏: 十万米
[575] 發大財88888: 送一毛有没有八级
[576] 阿德: 11
[577] 公子献人头: 今年世界赛lpl有几个队伍
[578] HZcsysm: T1今年是一号种子，别再赢几把进了
[579] 燕非恒: 明天赢了 随便进世界赛了
[580] 我是一颗小虎牙: 全线被压
[581] 我是一颗小虎牙: Gg
[2026-08-28 18:58:08] 已刷新 /Users/ad/Documents/polymarket/reports/intel_danmu_live_lck_bro_bfx_2026-08-28.html（3294 条弹幕）
[582] EMMANUEL: 我基本都在你这看 还是1
[583] 柳州帅哥: 啦我进群吧
[584] SuperR88888888: .
[585] Lulu淕: 左边可以先手 可以反手
[586] 抱璞时见鹿: clear不会剑魔
[587] 流萤的小辫子: T1连输2个bo5就没
[588] OneKoi: 我都是十八级了，为什么不拉我
[589] Raul7射手座: 上路炸了
[590] Lulu淕: ？
[591] 我是一颗小虎牙: 大超今年有木有机会
[592] 柳州帅哥: 看你直播几年了，拉我进群
[593] Lulu淕: 这走位 卧槽
[594] AAFFKK: 干嘛呢不是有闪
[595] 我需要一点勇气: 今年在哪里打世界赛？
[596] KEating: w呢？？
[597] 不羁: 发条闪现呢？？？
[598] 发条爵士: w
[599] 每一天都一样: 牛逼
[600] VIT-Kevster: 大光闪现不交
[601] 扩1563735919: 这把bfx赢了 给你丢个跑车 硕硕
[602] 在路上的枫丶: 这骚走位
[603] *佳~园丶恋#人: 隔壁看这趋势要3比0了
[604] 接Qyusi: 闪现夺发条r
[605] 依依东望: 凌波微步，卧槽
[606] 梁卓升Daniel: 她在干嘛 她究竟在扭什么
[607] 我不说假话: 张硕怎么脸小了一圈
[608] 不羁: 发条为啥死活不闪现
[609] 小老弟: 中单可以不用玩了
[610] Zero9907: 躲了发条大招
[611] Lulu淕: 跟俩人中间转了半天
[612] 接Qyusi: 先w但是闪现了
[613] 梁卓升Daniel: 她究竟在牛什么  而且有闪现
[2026-08-28 18:59:08] 已刷新 /Users/ad/Documents/polymarket/reports/intel_danmu_live_lck_bro_bfx_2026-08-28.html（3326 条弹幕）
[614] 干儿子名叫高代宏: w塔了
[615] 东方哥哥的小娇妻: 这几把发条连个助攻没混到
[616] KEating: 哪里有小兵啊
[617] CCK_Andy: W狐狸了
[618] 梁卓升Daniel: 这发条是人吗
[619] 燕非恒: 躲了发条大
[620] 公子献人头: 大招打断了吧
[621] 我是一颗小虎牙: 这把看好谁
[622] 接Qyusi: 潘森w是会断的
[623] 飞鸟: 发条最后交闪能走吧
[624] Derek: 感觉明天T1打不过BRO，也要滚了
[625] 哈工刘德华1: 神了
[626] 熊熊: w河蟹了
[627] 十年饮冰难凉热血: 闪现断自己
[628] 我是一颗小虎牙: 天才
[629] Lulu淕: W没落地
[630] Zero9907: BUG了
[631] 韩子乔丶: 是e
[632] 浩酱: 闪w
[633] 風雲: 没放吧
[634] Dennis、zhu: 需要闪？
[635] 梁卓升Daniel: 她究竟在扭什么 有没有人解释
[636] 干儿子名叫高代宏: 暂停
[637] 人在Notion: 翻了翻了
[638] 梁卓升Daniel: 你在原地扭什么
[639] 分析师财宝: 翻了
[640] 非独天地之施: 第五把决胜吧
[641] 果汁纯8纯: 反击开始
[642] 分析师财宝: 翻了
[643] Zero9907: 看起来像先闪再W的
[644] 保罗熊: 感觉翻了，右边阵容后期厉害
[645] 流萤的小辫子: T1输BRO也不滚啊，还有败者组呢
[646] 十年饮冰难凉热血: 肯定放了w，没效果
[2026-08-28 19:00:08] 已刷新 /Users/ad/Documents/polymarket/reports/intel_danmu_live_lck_bro_bfx_2026-08-28.html（3360 条弹幕）
[647] 我叫你一声卓哥: .
[648] 低调但实力: 发条开否决了
[649] 非独天地之施: 天天让一追三真难看
[650] 我需要一点勇气: 今年在哪里大打世界赛？
[651] 东方哥哥的小娇妻: 张硕，我是老妹，你可以做我老公吗？
[652] 小萝卜他爸: 巅峰对决！
[653] 梁卓升Daniel: 发条没闪
[654] Zero9907: 但是出来的效果像W再闪
[655] 梁卓升Daniel: 发条没闪  看了
[656] 浩酱: 芸是温泉皮肤吧
[657] 燕非恒: T1真输BRO 那世界赛真不用去了
[658] VIT-Kevster: 伴生皮啊
[659] 扩1563735919: 硕硕 这把赢了 bfx给你丢个礼物 怎么说
[660] 發大財88888: 我天天来看主播一个徽章都没
[661] 旧人: 狐狸鸡了
[662] 追逐我的明天。: 明天让你看看登峰和涅槃的差距
[663] 發大財88888: 这是为啥
[664] 我是一颗小虎牙: 有图五吗
[665] 旧人: 31拿下
[666] 桃花侠丶: 潘森没有W闪么
[667] 發大財88888: 猪头不看就看你
[668] 流萤的小辫子: T1进世界赛的机会比IG大多了
[669] 轻描＆淡写: 泰迪落后200肥在哪
[670] Dennis、zhu: 泰勇不太行啊这两把
[2026-08-28 19:01:08] 已刷新 /Users/ad/Documents/polymarket/reports/intel_danmu_live_lck_bro_bfx_2026-08-28.html（3384 条弹幕）
[671] 小老弟: 看机长怎么虐吧
[672] 有一种执著叫永不言弃: 右边又没了吧
[673] 梁卓升Daniel: 阵容怎么看都是右边好吧 只是右边没有人类
[674] 黄公子z: lck 的假赛没那么简单
[675] 我需要一点勇气: 今年世界赛在哪里打？
[676] 黄公子z: 这把绝对焦灼
[677] 流萤的小辫子: 你不是T1粉丝，T1夏季赛再怎么蠕动，只要能进那就是质变
[678] LuLu13: 勇哥昨天制裁大根后兴奋过头了
[679] 居敬绕堤沙: 我用网页，虎粮也不送，我能看你吗
[680] 有一种执著叫永不言弃: 左边5w求死
[681] 干儿子名叫高代宏: 嘉琪王朝了
[682] 😘曾小涵😍: 拖住了
[683] 烤鱼片锅散丹: 主播主播 我每次都看你 但是没关注你 可以进群吗
[684] VIT-Kevster: 客户端垃圾要死，不如网页好用
[685] 霸气威武硬邦邦: 又拉开
[686] 干儿子名叫高代宏: 嘉琪王朝了
[687] 烟缕织成愁: 我是黑张能看吗
[688] Lulu淕: 哈哈哈
[2026-08-28 19:02:09] 已刷新 /Users/ad/Documents/polymarket/reports/intel_danmu_live_lck_bro_bfx_2026-08-28.html（3402 条弹幕）
[689] 失者鮰: lck等级森严   昨天bfx血虐ns   今天被暴打
[690] 有一种执著叫永不言弃: 左边五万求死
[691] Song丶丶: 用网页跟客户端有什么区别
[692] 铜牌不如银牌: 我送虎粮能甘你吗
[693] 十年饮冰难凉热血: 支持骚硕支持客户端
[694] 唐朝下小雨: 为什么不能用手机app看
[695] 礼寻欢e: 我只说你不是我的兄弟
[696] Miss董小姐: 我想知道为什么网页不算流量？
[697] 香飘飘喜鹊: 我是白章，我能进群吗？
[698] 事了犹绿林: 。。。
[699] 小虎牙-PrM74AfqOd: 你还不如不解说人多
[700] 清风貓: ？
[701] 爱潇小天才: 张硕叫爸爸
[702] 与朋菲兮袭予: 永远不死
[703] L: 张处
[704] 天黑再动手: 要决胜局了 有感觉吗？
[705] 低调但实力: 谢谢老张的祝福
[706] 小样: 左边后期直接g
[707] 帅小洛: 老张，我只看你直播，可以吗？
[708] 特大小猫咪: 这一场看好谁呀
[709] 燕非恒: 泰勇昨天打大根把能量用完
[710] 余萌芽: 可是我手机哪来的客户端？
[711] 轻描＆淡写: 我送了虎粮不谢谢吗骚硕
[712] 骑盲鱼探路丶: 那我没事用网页看也不送虎粮，没事还举报你怎么办
[713] 众生皆苦: 隔壁赢了
[714] fall: 客户端有什么了不起的
[715] 分析师财宝: 我不知道后期建模怎么四
[716] 菊花jjkgf: 网页就不平安了吗
[717] 春草一轮明月: 谢谢劳硕
[718] 分析师财宝: 我不知道后期建模怎么死
[719] 有一种执著叫永不言弃: 左边五万求死
[720] 我爱机枪兵: 天天有女人
[721] 發大財88888: 兄弟拿下
[722] 浮夸: 我非但不看我还要骂你
[723] 果汁纯8纯: 有客户就是忠实用户了，不需要到其他平台
[724] 露珠闪烁熊猫: 用网页家人不平安，你什么意思
[725] 11111: 能不能打满啊
[726] 分析师财宝: 我不知道后期建模怎么死
[727] 流萤的小辫子: S赛的T1和平时的T1不是一个队伍
[728] 骑盲鱼探路丶: 我只用网页看也不送虎粮，没事还举报你。
[729] 众生皆苦: 隔壁赢了，滑板鞋爆杀！
[730] 轻描＆淡写: 虎粮就不谢呗
[731] 分析师财宝: 我不知道后期建模怎么死
[732] 笑笙丶繁华: 14级了
[733] 轻描＆淡写: 现实的张➗
[734] qwer: 好
[735] KEating: 不看你直播你就不祝福了？？
[2026-08-28 19:03:09] 已刷新 /Users/ad/Documents/polymarket/reports/intel_danmu_live_lck_bro_bfx_2026-08-28.html（3449 条弹幕）
[736] 真得-特别没谱: LPL那边假完了 12分钟60刀
[737]  ZJZzzz: 手机端的就不祝福吗
[738] phxian: 骚硕你觉不觉得劳毛侧脸像孙宇晨
[739] 菊花jjkgf: 这还差不多，我是硕硕唯粉
[740] 小妖鲨鱼的迪宝: 用网页看是因为网页比APP快一点
[741] 低调但实力: 右边没运营
[742] 發大財88888: 进群可以面基吗
[743] 露珠闪烁熊猫: 用网页家人不平安，你什么意思
[744] 11111: 8分钟掉一塔
[745] 东方哥哥的小娇妻: 小硕子呀，
[746] 有一种执著叫永不言弃: 梭哈左边求死
[747] 特大小猫咪: 这把看好谁[调皮]
[748] 春日意其仙: 看架势要3:0了
[749] 笑笙丶繁华: 张哥觉得T1会选谁
[750] 我爱机枪兵: 牛逼
[751] 干儿子名叫高代宏: 嘉琪王朝了
[752] *佳~园丶恋#人: 隔壁要3比0了，滑板鞋打穿了，补刀领先一倍了
[753] 干儿子名叫高代宏: 嘉琪王朝了
[754]  ZJZzzz: 哈哈哈哈
[755] 符小墨: ad压六十刀，老张，你知道吗
[756] 酸菜: 可惜了，今天你没有一路
[757] Zero9907: 2点开的比4点开的结束得早
[758] Song丶丶: 直播选对手吗
[759] Zero9907: 变态
[760] 公孙: 霞 a 人会痛的，剑魔好解决
[761] 非独天地之施: Lpl这些队伍就是凑数的
[762] YouareGODV: 。
[763] o铁憨憨o: ig这状态去s赛了
[764] HZcsysm: 鳄鱼裸黑切是什么理解
[765] 我是一颗小虎牙: TT根本不敢赢
[766] 一世双日: 这不是2-1了？
[767] 轻描＆淡写: ？
[768] phxian: 骚硕  劳毛侧脸有没有点孙宇晨得意思
[769] 燕非恒: 安不是登峰组最菜的AD吗
[770] 11111: T1选KT好点吧
[771] 荭茗: 右边怎么输？我想写本书
[772] 陌悲: 肯定选这两的胜者
[2026-08-28 19:04:09] 已刷新 /Users/ad/Documents/polymarket/reports/intel_danmu_live_lck_bro_bfx_2026-08-28.html（3486 条弹幕）
[773] 非独天地之施: 谁上去都是一样的结果
[774] 菊花jjkgf: t1应该不会选kt吧
[775] 幸免朱仙鎮: 谁是世界第一电耗子🐭
[776] 我是一颗小虎牙: 明天T1能赢吗？
[777] 😘曾小涵😍: 发育个30分钟 一波结束
[778] o铁憨憨o: ig这状态去s赛了lck危险了
[779] 一世双日: 云阿娜没露露什么都不是
[780] 为乐不知疲: 话说没见过张硕解说手游诶
[781] 有一种执著叫永不言弃: 左边梭哈求死
[782] 1349787092yy: 这里3:1连龙没悬念
[783] 燕非恒: T1傻了才选KT
[784] 我不说假话: 用电视看算客户端吗
[785] Lulu淕: ？
[786] 听说改名能中奖: 农心是不是已经淘汰了
[787] 2090513492yy: 人机哥这么勇？
[788] 众生皆苦: 13分钟逮着杀，给我看傻了
[789] 霸气威武硬邦邦: 拉开拉开
[790] 我是一颗小虎牙: 上一追三了
[791] 干儿子名叫高代宏: 弹幕嘴真臭
[792] 人在Notion: 剑魔没用啊
[793] 旧人: 被左边运营麻了
[794] 有一种执著叫永不言弃: 左边梭哈求死
[795] 非独天地之施: 打第五吧吧
[2026-08-28 19:05:10] 已刷新 /Users/ad/Documents/polymarket/reports/intel_danmu_live_lck_bro_bfx_2026-08-28.html（3509 条弹幕）
[796] 笑笙丶繁华: 专门为了张哥用客户端
[797] 流萤的小辫子: T1现在就靠下路玩了
[798] Lulu淕: 保云啊
[799] 来来加油努力: 这么看农心是真的菜
[800] 符小墨: 隔壁ad压八十刀了
[801] 發大財88888: 隔壁T T打野空大
[802] 非独天地之施: 韩国连续两天都是让一追二
[803] 仓鼠打得过松鼠: 等会选队直播吗
[804] 發大財88888: 菜的流脓
[805] 梁隐: 这么抓 不对劲
[806] 猫Tom和老鼠: 老张，IG那边要结束了，你呢
[807] 浅汐-: 今天bfx被让一追三
[808] 我是小明啊Zz: 这三路发育的阵容   这得高手玩啊
[809] 桃花侠丶: 虎牙电视投屏不给看蓝光
[810] 小老弟: 这状态图五难赢，这把可以结束了
[811] 發大財88888: 奇亚纳Tt空大
[812] 轻描＆淡写: 我天天用客户端看你
[813] 小小欧: 大光昨天已经燃尽了，今天彻底没油了
[814] 2090513492yy: 右边3c很扎实啊
[815] LBFY: 老张屁股有纹身
[816] 我是小明啊Zz: 这三路发育的阵容   这得高手玩啊
[817] 听说你很二: 隔壁涅槃打架报尼玛呢？
[818] 暗物质牛子: 1
[819] 我爱机枪兵: 相信剑魔能c不如相信米人
[820] 發大財88888: 带队友送
[821] 笑笙丶繁华: 张哥觉得选谁
[822] 我是小明啊Zz: 这三路发育的阵容   这得高手玩啊
[823] 公孙: 剑魔空大
[824] 十年饮冰难凉热血: 肯定选涅槃，不可能选kt
[825] 😘曾小涵😍: 河蟹团？
[826] 让您破费了: 估计就采访说一下
[827] 燕非恒: KT和DK对打几率很高
[828] 蓝色: 这都不敢打啊
[829] 一个大菜J: 老张屁股真有纹身？
[830] 深海的的鳄鱼先生: IG在打人机[鬼脸]
[831] Yang21: 大树不出放血？
[832] 维斯塔潘F1: 张宝宝🍼客户端能不能给他一次
[833] 故岁即文章: 好菜
[834] 非独天地之施: bfx这垃圾昨天3-1很高兴，今天啥也不是就一个路人队伍一样
[835] 维斯塔潘F1: 张宝宝🍼客户端能不能给他一次
[836] 故岁即文章: 看不下去了
[837] 我是一颗小虎牙: 2 2
[2026-08-28 19:06:10] 已刷新 /Users/ad/Documents/polymarket/reports/intel_danmu_live_lck_bro_bfx_2026-08-28.html（3551 条弹幕）
[838] 他化自在2017burah: 隔壁不敢赢，一眼假的比赛有啥好看的
[839] 地球最后一个: 好怂逼
[840] Yes: 水龙地图，大树挺爽
[841] 维斯塔潘F1: 张宝宝🍼客户端能不能给他一次他要紧紧
[842] 维斯塔潘F1: 张宝宝🍼客户端能不能给他一次他要紧紧
[843] 旧人: 右边没脑子，换波波亏
[844] HZcsysm: BRO思密达
[845] 张硕想你从后面紧紧我: 我爱你。大骚硕
[846] 我是小明啊Zz: 这三路发育的阵容   这得高手玩啊
[847] 11111: KT稳定充电啊
[848] T: 希望T1明天能赢下
[849] 我是一颗小虎牙: 选bro吧
[850] o铁憨憨o: ig这状态去s赛了lck危险了呀
[851] 😘曾小涵😍: bro一座塔没掉
[852] Lulu淕: peyz不出问题 随便打吧
[853] 我是一颗小虎牙: T1  选谁 都是满头大汗
[854] 非独天地之施: 猪一样的队伍，昨天13很高兴今天啥也不是
[855] 指间忆-红颜: 选kt打下路
[856] 忆往昔逐星岁月: 感觉这俩队差不多
[857] 梁隐: 选涅槃没牌面
[858] Kiyopp: 可是输给涅槃更丢人啊
[859] newqq_jb9tud6q9: gen会选谁
[860] KEating: 没毛病，就想那一年的kt非要选个t1
[861] 仓鼠打得过松鼠: 孙割来了 老张怕不怕
[862] 不羁: 右边又开始等死了，一点机会不找
[863] 装一愣: 隔壁tt ad15分钟60刀落后5.5k，太离谱了
[864] 公子世無双丶: KT 就会干这事啊
[865] 近来叉烧: 云怎么输这么多经济。补刀差不了多少啊
[866] 流萤的小辫子: 突然想到了s13
[867] L: 万一输涅槃了呢
[868] 空白: 就怕烈盘也打不过就闹笑话了
[869] 高意尽东倾: t1连涅槃都打不过
[870] 我是一颗小虎牙: 到时候bdd状态好起来直接送t1回家
[871]  ZJZzzz: 24KT？
[872] 成兵君穗: 翻了
[873] 幸免朱仙鎮: kt：你比涅槃还好打
[874] 黑化毛毛: 自从没了小卖部 老张只看T看其他就混
[875] 黑化毛毛: 自从没了小卖部 老张只看T看其他就混
[2026-08-28 19:07:10] 已刷新 /Users/ad/Documents/polymarket/reports/intel_danmu_live_lck_bro_bfx_2026-08-28.html（3589 条弹幕）
[876] 我是一颗小虎牙: T1  需要7冠来证明了
[877] 燕非恒: KT现在真不是T1的充电宝
[878] Lulu淕: 杀起来了
[879] 流萤的小辫子: T1输一个bo5也不回家啊，双败
[880] 96lineFaker: 翻了
[881] 2090513492yy: 泰勇死了无所谓啊，bfx三c阵容
[882] ℡遺忘ゞ: 图五了
[883] 我是一颗小虎牙: 16分钟落后五千七逆天
[884] BrandonLowe: 大动脉
[885] 仓鼠打得过松鼠: ？？？？？
[886] AAFFKK: 翻了翻了
[887] 王命相者阳和使: 666
[888] zdx: ？
[889] Zero9907: 这就是中期能玩啊
[890] 梁卓升Daniel: 这泰永真的不是人。。。。
[891]  ZJZzzz: 翻了
[892] 人在Notion: 剑魔杀疯啦啊啦啦
[893] 黑张说话: 早说了
[894] HZcsysm: 这波位置这么差为什么要打啊
[895] 😘曾小涵😍: 打满了吗
[896] 火书来了: 第五把
[897] 香飘飘喜鹊: 500块右边怎么输啊？我想写本书。
[898] 成兵君穗: 6666
[899] 田东村菲奥娜: 潘森在干嘛
[900] 山山而川: 这个位置不对啊
[901] 一世双日: 这他妈不倒钩闪？
[902] 爱比心情比时间: 翻了翻了
[903] 余萌芽: 我早说了翻了
[904] 乐低: 啊？
[905] fall: 卧槽
[906] 不不不要说话: 什么伤害
[907] 1114444666: 666
[908] 小老弟: 里尔
[909] *佳~园丶恋#人: 隔壁小安被嘉琪打崩了，14分钟落后100刀了
[910] 我是一颗小虎牙: 这不一波
[911] 荭茗: 右边怎么输？我想写本书
[912] KimLip: 说T1涅槃打不过的 你自己敢把家人堵了买T1输吗？
[913] 1161427948yy: 建模拉满了
[914] 有一种执著叫永不言弃: 左边梭哈求死
[915] 十年饮冰难凉热血: 翻了
[916] 栂瑰: 太真了
[917] 溜溜的小峰峰: 肯定打满这边
[918] 火书来了: 后期没得打
[919] 852-有料到: 马头来啦
[920] 1114444666: 感觉不好打
[921] 菊花jjkgf: 河道剑魔还是有说法
[922] Zero9907: 狗头这个点肯定打不出这效果
[923] 迷茫的星宙: 这就是河道剑魔
[924] 小猪仔爱做梦: 图五了
[925] 🐑🌧: 决胜局了
[926] 那是一只松鼠吗: 右边连闪现都没交
[927] Yang21: 早说了这把ap大树无敌的
[928] 我是一颗小虎牙: 这不一波
[929] 小梁爱小王: 这adc没用呀
[930] 2090513492yy: 都说了ad是卖的，剑魔后期没人能处理
[931] 巢倾与金钱: 什么站位呀
[932] 小虎牙-jUvNDg3egN: 假
[933] 破天残刃: 必须打满5局是不？
[934] 香飘飘喜鹊: 右边怎么输？我想写本书。
[935] 俟我几封书: 这一扎
[936] Faker6冠神: 第五把了
[937] MZr: 藏里面挨打
[938] 船长: 叫你妹
[939] 近来叉烧: 要决赛了
[940] 山山而川: 不是吧
[941] Calm: 这不大龙？
[942] 我是一颗小虎牙: 早说哥进场了
[943] 莲雾雪雨: 不打大龙？
[944] Hey: 不是这个位置不走？
[945] MZr: 看不懂
[946] 弦儿爱生活: 这潘森在搞笑
[947] 仓鼠打得过松鼠: 这上野是人？？？
[948] Lulu淕: 这俩人在龙坑干鸡毛呢
[949] 怀旧游戏小鱼: 没看懂左边在打什么狗屎团战，各打各的
[950] 小梁爱小王: 队友在干嘛
[951] 一个大菜J: 我说过cl是世界第一上
[952] 我是一颗小虎牙life: 打满了，这鳄鱼和潘森进去干嘛
[953] 1114444666: 要输了
[2026-08-28 19:08:11] 已刷新 /Users/ad/Documents/polymarket/reports/intel_danmu_live_lck_bro_bfx_2026-08-28.html（3667 条弹幕）
[954] 莲雾雪雨: 为什么不打大龙啊
[955] 弦儿爱生活: 鳄鱼 潘森在里面给白打
[956] Hahahahhhhh: 阵型太烂了
[957] 我是一颗小虎牙: 经典上野龙坑
[958] 桃花侠丶: 河道剑魔
[959] presto: 这不打打大龙啊
[960] 😘曾小涵😍: 这一戳戳到大动脉了
[961] Yes: 一个满血剑魔，出现在人群中。。。
[962] Lulu淕: 只有Q1
[963] 黑张说话: 这种龙团树儿子真的恶心
[964] 下尾鳞盲: 阵型被分割完了，团了个寂寞
[965] 莲雾雪雨: 这不打大龙
[966] 我是一颗小虎牙: 早说哥
[967] 王命相者阳和使: 鳄鱼牌皮鞋
[968] KEating: 铛铛铛，铛铛铛。。。
[969] zdx: 逆天比赛
[970] 怀旧游戏小鱼: 这左边上野一个位置，下路组合一个位置，中路一个位置，什么狗屎
[971] 11111: 就得打满啊
[972] 玉人尖尾: ad死了怎么打大龙，还有个潘森
[973] 十年饮冰难凉热血: 上野蹲坑
[974] 风云电雨: 没ad打你妹打龙
[975] presto: 不敢赢吗
[976] 特大小猫咪: 打满了
[977] 火书来了: 已经不知道怎么死了
[978] 一个大菜J: 我早说过clr是世界第一上
[979] 燕非恒: 剑魔起来 左边真没办法
[980] 离人宣恶言: 不拿大龙？
[981] 硕硕今夜有点甜丶: ig  骚菠萝去哪里了
[982] 近来叉烧: 不是一个Q1能砍三分之一血？
[983] 成兵君穗: 剑魔无敌 你告诉我右边怎么输
[984] 路痴^O^: 不要啊  bfx你快输吧
[985] 852-有料到: 这不一波
[986] 特大小猫咪: 隔壁3:0了
[987] 我是一颗小虎牙: fnc
[988] 莲雾雪雨: f n c
[989] VIT-Kevster: fnc
[2026-08-28 19:09:11] 已刷新 /Users/ad/Documents/polymarket/reports/intel_danmu_live_lck_bro_bfx_2026-08-28.html（3703 条弹幕）
[990] 轻描＆淡写: fnc
[991] 重本有台: fnc
[992] 十年饮冰难凉热血: @近来叉烧 发条技能跟上了
[993] 二月三十: fnc
[994] 霸气威武硬邦邦: fnc
[995] 无非萧瑟处: 我还真的觉得KT会更好，他们下路烂的流脓
[996] EsiLA9: fnc
[997] 无非萧瑟处: 我还真的觉得KT会更好，他们下路烂的流脓v
[998] 南国怨遥夜: 两个人走到龙坑里面，你说这鳄鱼和潘森是人吗？
[999] 我是一颗小虎牙: 不应该啊   领先那么多怎么会打不过呢
[1000] 奶油猪猪丶: 那边结束了
[1001] 符小墨: 剑魔这皮肤自己没有之前感觉挺一般，但自己真用了感觉真好用
[1002] 😘曾小涵😍: 刚刚没ad 开个毛大龙
[1003] 奶油猪猪丶: 那边结束了。
[1004] 我是一颗小虎牙: 骚菠萝菜的一笔
[1005] 一个大菜J: 大菠萝在ns
[1006] 离人宣恶言: 为什么不拿大龙
[1007] 演员请准备: 菜b在lec也被暴打
[1008] 离人宣恶言: 为什么不拿大龙
[1009] 卡萨丶Brankly: IG战队的那个阿萨姆去哪了？
[1010] 烟缕织成愁: 老张知道选队伍啥时候选吗
[1011] 离人宣恶言: 为什么不拿大龙
[1012] 众生皆苦: 马嘉祺冲高地上脸
[1013] 装一愣: ig回来咯
[1014] 公孙: 勇哥把把被带飞
[1015] o铁憨憨o: ig这状态进s赛lck危险了
[1016] KEating: 难道说。。。。
[1017] 愿你: 是tt太垃圾了
[1018] Lulu淕: 涅槃闹麻了
[1019] 流萤的小辫子: IG想进s赛了
[1020] stubborn: 打tt而已
[1021] 露水宝物: 17分钟越高地杀人了，太变态了
[1022] 惨叫鸡的哭声QAQ: 阿萨姆换嘉琪是对的
[1023] 蒲: 打个tt闹麻了
[1024] 燕非恒: 泰迪和鸡窝对于少爷都差不多
[1025] 小虎牙-DEZW0C2GPV: 是对面太菜，不是ig猛
[1026] 。。。。666: 14分钟下路领先5k，100刀
[1027] o铁憨憨o: ig这状态进s赛lck危险了呀
[1028] 加油陈已被占用: 打个tt闹麻了
[1029] [p]请把我们的过去╰格式化: 小安被压100刀张神
[1030] 我喂尼袋盐: 身价差太多了
[1031] ✦.磊   磊: ig这状态进s赛lck危险了
[1032] 岂不乘代廉颇: 隔壁假赛
[1033] 马西西你为什么这么快: ig下路对位20分钟5k
[1034] 安静: lck太费了，季后赛还得lpl
[1035] 特大小猫咪: IG今年又不一样了
[1036] 98245464ya: 还不打架
[1037] 小马哥哥: 中路把把爆线
[1038] 青春靓丽美少女: 阿萨姆怎么被踢了
[1039] 多次婉拒朴彩英-: 是tt太菜了
[1040] 黑张说话: tt这中单都不像人
[1041] 岂不乘代廉颇: TT假赛 太假了
[1042] xnvyy: nip呢
[1043] Zero9907: 想多了
[2026-08-28 19:10:11] 已刷新 /Users/ad/Documents/polymarket/reports/intel_danmu_live_lck_bro_bfx_2026-08-28.html（3757 条弹幕）
[1044] 惨叫鸡的哭声QAQ: ig要去世界赛
[1045] GUMayusi: 打个TT也吹上了
[1046] 一个大菜J: 冲？笑话
[1047] 听说你很二: 进世界赛睡醒了没？
[1048] 加油陈已被占用: 打个TT真闹麻了。。。
[1049] 一世双日: 还有剧本
[1050] Yang21: AD位祖传的季后赛冒泡赛战神
[1051]  ZJZzzz: 虎哥还能进世界赛吗
[1052] 好运必赢: tt这烂队还不解散
[1053] xnvyy: 今天是不是有lec
[1054] 流萤的小辫子: IG能赢5个bo5？
[1055] Zero9907: 只有上野啊
[1056] 无业游民555555: 进世界赛只能在梦里了
[1057] 他化自在2017burah: tt敢赢让ig一轮游？一眼假的比赛，太恶心了
[1058] 随风易龙: tt吃最后一把，打的不正常。常规赛都没有这么夸张
[1059] 加油陈已被占用: tt还行？？行在哪
[1060] 许我三千笔墨画你绝世倾城: 打个NIP都能输的闹麻了队伍而已
[1061] 不羁: 发条剑魔稍微配合起来左边就打不了
[1062] 离人宣恶言: 刚才为什么不拿大龙
[1063] 明天: tt不是菜b队伍吗？
[1064] 离人宣恶言: 刚才为什么不拿大龙
[1065] 离人宣恶言: 刚才为什么不拿大龙
[1066] 玉人尖尾: ig赞助商会发力让他进世界赛的
[1067] 2174500648yy: 为什么芸阿娜不带净化呢
[1068] 符小墨: 之前的tt还行，常规赛一波连败之后菜如麻了
[1069] 明天: 本质涅槃队tt
[1070] 酸菜: js粉跳舞了
[1071] 岂不乘代廉颇: TT绝对假赛 演技太差了
[1072] 遇见: 鳄鱼已经没啥用了
[1073] 露水宝物: 20分钟不到
[1074] *佳~园丶恋#人: Ig 20分钟结束了
[2026-08-28 19:11:11] 已刷新 /Users/ad/Documents/polymarket/reports/intel_danmu_live_lck_bro_bfx_2026-08-28.html（3788 条弹幕）
[1075] 燕非恒: 下场IG比赛好看 不论打LGD和TES都有话题度
[1076] 马西西你为什么这么快: ig20分钟结束了
[1077] 众生皆苦: 已经赢了，20分钟不到
[1078] 装一愣: 隔壁19分钟结束了，卧槽
[1079] 马西西你为什么这么快: 好变态
[1080] 今天soha蓝色方: TT肯定假赛
[1081] 一世双日: 隔壁打完了
[1082] 知来秋露微: 隔壁结束了…
[1083] 有一种执著叫永不言弃: 左边五万梭哈qiu si
[1084] 深海的的鳄鱼先生: 大龙都没上班
[1085] 许我三千笔墨画你绝世倾城: 一个本质弱队的IG还季后赛
[1086] 安静: 这两太墨迹了
[1087] Mr波比: 隔壁20分钟不到
[1088] 一个大菜J: 大菠萝跟勇哥谁厉害
[1089] 身浅: 结束了，不到20分钟
[1090] 不财拿破仑: 毛毛今天下早班
[1091] 小虎牙-8ZGlv91EiQ: 19分半
[1092] Lulu淕: 1J下路就炸了
[1093] 男爵: 20分钟都没到
[1094] 商业观众: 不到20
[1095] 都给爷等着死: 19:47
[1096] 眼泪总是打湿回忆: 19分钟
[1097] 保罗熊: 今天上班的偷到了
[1098] 饺子: 18分30秒。。。。
[1099] 东方哥哥的小娇妻: 三局比赛加起来不到70分钟
[1100] 不吃月老画的饼: 隔壁都打完了
[1101] 韩子乔丶: 19分钟42秒
[1102] 超人强收了: 爆打
[1103] 惨叫鸡的哭声QAQ: 不到20分钟结束了，哈哈哈
[1104] 無感不忍人之政矣: 离谱，19分钟结束
[1105] 洋马恰士: 19分40秒
[1106] 装一愣: ig回来了，老张
[1107] 众生皆苦: 滔博还不赶紧把家琪要回来
[1108] o铁憨憨o: ig这状态进s赛lck危险了
[1109] 放过Soso: 隔壁结算了
[1110] 我是一颗小虎牙: 不到20分钟
[1111] 深海的的鳄鱼先生: 大龙都没上班
[1112] 青: 严谨一点，20分钟没到
[1113] 没电了的电老鼠: 中单强怎么可能去涅槃
[1114] 番茄炒西红柿: 20分钟不到退完了
[1115] 拼音书: 19分钟
[1116] 阿伟?: IG永不加班
[1117] 2021: 不到20分钟好吧
[1118] 维斯塔潘F1: Ty假赛
[1119] 傅博: 下路坐牢了
[1120] 与梦起航: TT要急着去过周末了
[1121] 小猪仔爱做梦: 太离谱了
[1122] ~昊~天＆: 骚硕这么大的主播，为什么一点也不高冷
[1123] 周八休息的摸鱼王: ad被打爆了
[1124] 礼寻欢e: 滑板鞋对位7000
[1125] 笑对春分如诗: 二十分钟不到
[1126] 谁不想被张神粗暴对待: 大龙没上班打完了
[1127] 萨波一旺凉: 下路
[1128] TTBY: 不到20分钟恐怖
[1129] 马西西你为什么这么快: 下路15分钟6k经济差
[1130] 断云依: TT不敢赢
[1131] *佳~园丶恋#人: 下路被打崩了
[1132] 东方哥哥的小娇妻: 三局加起来不到70分钟
[1133] 雪暖四季123: 下路
[1134] 一个大菜J: 大菠萝跟勇哥谁厉害
[1135] 。。。。666: 下路爆炸，对不了线
[1136] 阿柔有点肉: 1517
[1137] 深海的的鳄鱼先生: 下路
[1138] 我爱机枪兵: 完全就不守
[1139] 小虎牙-8ZGlv91EiQ: ahn
[1140] 维斯塔潘F1: TT假赛
[1141] 等会讲你你又不高兴: 准备好了吗
[1142] 我是一颗小虎牙: 都有问题
[1143] 费爱吃菠萝沁源: 下路爆炸了
[1144] 村夫一树花: 下路直接被打穿
[1145] Lulu淕: 下路的啊
[1146] 我是一颗小虎牙: 小安
[1147] stubborn: 下路
[1148] 总有秋风扫落叶: 19分钟就结束了，ad
[1149] 番茄炒西红柿: 下路炸穿线
[1150] 众生皆苦: 下路被gap
[1151] 男爵: 下路二级就罚站了
[1152] 我是一颗小虎牙: 下路一级就穿了
[1153] 拼音书: 下路被爆了
[1154] 神奇夏日秘密岛: 被嘉琪爆了
[1155] 迷路的奥德赛: 下路
[1156] 露水宝物: 下路
[1157] 半张纸。: TT下路AD今天绝对假赛了，把把被爆了
[1158] 南方一条羊: 被速通了
[1159] 阿伟?: 滑板鞋
[1160] 忆过追前: 比T1打微博都快
[1161] 我是一颗小虎牙: ahn
[1162] 伟人嗲嗲: tt那双c简直💩
[1163] 奈何: 20分钟都没有
[1164] 保罗熊: 下路把把爆线没得玩
[1165] 急需安装直播专用猫: tt下路的问题
[1166] [p]请把我们的过去╰格式化: 双人组
[1167] 安静: lck太墨迹了，lpl都下班了
[1168] &WE: 这潘森没放过大招
[1169] 装一愣: tt ad 菜的离谱
[1170] 维斯塔潘F1: TT假赛
[1171] 猪队友小N: shy哥回归带领ig打爆登封组
[1172] 鸭鸭小信【斤】: 卡莉斯塔和聂拿他打通了下路
[1173] 2021: 最快比赛了吧
[1174] 地球小密: 滑板鞋对位领先6K
[1175] 眼泪总是打湿回忆: 下路被爆了
[1176] 没电了的电老鼠: 中单真的是强队的下限
[1177] 风头肯登攀: 下路10分钟领先5k 你去玩？
[1178] 明天: tt太菜了
[1179] 奈何: 牛
[1180] 超人强收了: 滑板鞋20分钟250刀
[1181] 猪队友小N: shy哥回归带领ig打爆登封组
[1182] 幻丶殇: 下路10分钟领先3k
[1183] 無感不忍人之政矣: 隔壁大龙都没上班
[1184] 等会讲你你又不高兴: 张神
[1185] 丶不丶语丶: 打个涅槃队闹嘛了[流汗][流汗][流汗]
[1186] zacesthemission: 下路16分钟被压100刀
[1187] 夏风吹响蝉鸣丶: AD
[1188] 快看有鬼: tt一直各种送，各种空技能
[1189] 环球心灵捕手南汐: 1557越看越快
[1190] 惨叫鸡的哭声QAQ: 下路炸穿了
[1191] 公孙: 谁尽力谁犯罪
[1192] 永远的女神yuno: 你的问题
[1193] Yokon: 打个tt就回来了不知道的还以为拿冠军了呢
[1194] 猪队友小N: shy哥回归带领ig打爆登封组
[1195] 蒸熊掌扒面筋: 下路开局就送了几次
[1196] 早知无近名: ig第三把太吓人了
[1197] Hey: 10分钟ad对位落后3k
[1198] 我是小明啊Zz: TT我真觉得就是LDL
[1199] 深海的的鳄鱼先生: 被当人机打
[1200] 再回首【过雨云烟】: 12分钟，ad对位领先6000，你说这么打，3件打1件
[1201] 你不吃飯嗎: 又被毛畜偷到了
[1202] 磊磊xhxb: 被热塞牛马了
[1203] 猪队友小N: shy哥回归带领ig打爆登封组
[1204] 维斯塔潘F1: TT假赛
[1205] *佳~园丶恋#人: 小安被嘉琪打崩了
[1206] 韩子乔丶: 下路六级打三级，一直给单杀
[1207] 偺捫、态傻: 下路直接爆了
[1208] 愿你: adc10分钟对位落后5k
[1209] 我是一颗小虎牙: 下路领先110刀
[1210] 溜溜的小峰峰: 应该是谁没有问题
[1211] 总有秋风扫落叶: Ad，15分钟落后7000
[1212] 男爵: 五级打3级的比赛
[1213] 不羁: 右边拿个水龙魂无敌
[1214] 有一种执著叫永不言弃: 左边五万梭哈求死
[1215] 青: 15分钟ad对位落后100刀
[1216] 123: 让毛处偷到了
[1217] 东方哥哥的小娇妻: 下路15分钟压了100刀
[1218] 他化自在2017burah: 等ig进区王杯，韩国人可不跟你演，bfs bro暴打IG就完
[1219] 随风易龙: 绝对吃了个大的，tt
[1220] 地球小密: 15分钟领先100刀
[1221] Young: ad15分钟压了一百刀
[1222] 2021: ig全部炸了
[1223] 事超多啤梨: ig虐完了
[1224] 猪队友小N: shy哥回归带领ig打爆登封组
[1225] 早知无近名: 20分钟就没了
[1226] 猪队友小N: shy哥回归带领ig打爆登封组
[1227] 丶不丶语丶: 打个涅槃队闹嘛了[流汗][流汗][流汗]
[1228] 嘉ye: 下路14分钟直接压100刀
[1229] 我是一颗小虎牙: 卡列斯塔的问题，他发育太猛了
[1230] Ludicrous: tt 就是一群区
[1231] TolltollA: TT跟EDG都一样，越打越差的那种
[1232] 霸道凯爷: 19分58秒
[1233] 符小墨: ad九十刀打三十刀
[2026-08-28 19:12:12] 已刷新 /Users/ad/Documents/polymarket/reports/intel_danmu_live_lck_bro_bfx_2026-08-28.html（3946 条弹幕）
[1234] 花染风: 下路安狗被通便
[1235] Zero9907: IG到了登峰？
[1236] 你不吃飯嗎: 19分钟结束了
[1237] 九华山郑: ig20分钟杀鸡
[1238] 我是一颗小虎牙: 全线差距
[1239] 高意尽东倾: 牛掰
[1240] 时过境迁: 666666666
[1241] 慕兮: 老板糊涂
[1242] 我是一颗小虎牙: 老张，有点疼，准备好了吗
[1243] 吾儿孟德何在: 我超威
[1244] 我是一颗小虎牙: 老张，有点疼，准备好了吗
[1245] 瑾晰: 藤竞死命令了解下
[1246] 拼音书: 下路领先2个大件
[1247] Lulu淕: ？
[1248]  ZJZzzz: ？？？
[1249] 装一愣: 跪下
[1250] 一世双日: 糊涂！
[1251] 我是一颗小虎牙: 老张，有点疼，准备好了吗
[1252] 清溪丹阳: 主播 毛处什么那么开心？？？？
[1253] 时过境迁: 老板糊涂啊
[1254] 下一頁詩篇: ？？？？？？？？？？？？？？？
[1255] 媚颜汤牛展汤: 20分钟不到
[1256] Reback414923: 除了中野都是破绽
[1257] 贼青青: 大气
[1258] Ludicrous: 这把20分钟都没有，，下路12分钟落后5000
[1259] 下一頁詩篇: ？？？？？？？？？？？？？？？
[1260] 有倭瓜: 老板糊涂啊
[1261] 1114444666: 666
[1262] 我是一颗小虎牙: 老张，有点疼，准备好了吗
[1263] 鲨鱼呆呆: shy带领？僵尸真不要脸
[1264] 小黑鸽: 老板糊涂
[1265] 下一頁詩篇: ？？？？？？？？？？？？？？？
[1266] 我是一颗小虎牙: 老板糊涂啊
[1267] 下一頁詩篇: ？？？？？？？？？？？？？？？
[1268] 求其夹城路: 名字都念错
[1269] 丨Shiro丨: ？？？？？？？？？？？？
[1270] 下一頁詩篇: ？？？？？？？？？？？？？？？
[1271] 西风: ？？？
[1272] 我是一颗小虎牙: 老张，有点疼，准备好了吗
[1273]  ZJZzzz: 老板糊涂啊
[1274] Coyote2022: 糊涂啊
[1275] 真得-特别没谱: ？？？
[1276] 丶糊涂虫: 老板糊涂啊
[1277] 没电了的电老鼠: 今天咋了
[1278] 尚存路易斯安那州: 隔壁打完了离谱啊
[1279] 我不爱看小姐姐: ？？？？？
[1280] 西风: 老板糊涂啊
[1281] 异样的影子丶: ？？？？
[1282] 阿柔有点肉: 1517
[1283] TolltollA: 啊苏木今天发挥可以
[1284] 近来叉烧: 老板糊涂
[1285] 异样的影子丶: ？？？
[1286] 磊磊xhxb: 口臭
[1287] 霸道凯爷: 三把小时间
[1288] 阎君之黑白无常: 20分钟不到，推平了
[1289] 有倭瓜: 老板糊涂
[1290] 急需安装直播专用猫: 没播IG也能收藏宝图吗？
[1291] 阿南: 老板糊涂啊
[1292] Zero9907: 糊涂啊
[1293] AAFFKK: ？
[1294] 一梦花开落: 恩将仇报？
[1295] 你好呀白鹿my: 下路15分钟领先6000  你告诉我怎么玩 我真没看过
[1296] 强龙不压地头蛇: 老板糊涂啊
[1297] EzrealJ: 好恶心
[1298] 酷儿丶丶: ???
[1299] 磊磊xhxb: 口臭口臭
[1300] 虎黑: ???
[1301] 众生皆苦: 马脸哥哥这把没存在感吧
[1302] 虎黑: ???
[1303] 虎黑: ???
[1304] 虎黑: ???
[1305] 我是一颗小虎牙: 剑魔无敌了
[1306] 小雪烤地瓜: 汪德发，牛的泪，翻了翻了
[1307] 虎黑: ???
[1308] CSBOY颜值粉: ???
[1309] 陪伴，是最长情的告白: 老板喝多了
[1310] 你好呀白鹿my: 下路15分钟领先6000  你告诉我怎么玩 我真没看过
[1311] T1--Fighting: ???
[1312] 😘曾小涵😍: 这里也结束了
[1313] 中二杀神: ???
[1314] 姑妈鱼丝丶: ???
[1315] BLG干碎LCK暴打T1: ???
[1316] nnunm5022: 老板糊涂啊
[1317] 风头肯登攀: 剑魔怎么死
[1318] 一个大菜J: 完了。张处屁股又要多一纹身
[1319] 瑾晰: 老板糊涂
[1320] 高意尽东倾: ???
[1321] 竹举年: ???
[1322] 王命相者阳和使: 无敌的剑魔
[1323] 阿柔有点肉: ???
[1324] 砼砼砼砼: 老板糊涂呀
[1325] 一个大菜J: 完了。张处屁股又要多一纹身
[1326] 匿名用户: 666
[1327] AAFFKK: 图5了
[1328] 只愿做回曾经真实的自己: ???
[1329] 湾湾兔112: ???
[1330] 竹举年: 谢了茂凯
[1331] 那是一只松鼠吗: 这尼玛  右边连闪现都不用交...
[1332] 扮酷pick: ???
[1333] 我是一颗小虎牙: 老张，有点疼，准备好了吗
[1334] 鏡音連: ???
[1335] 丶不丶语丶: ???
[1336] 我是一颗小虎牙: 老张，有点疼，准备好了吗
[1337] 水發海參子萝卜汤: 图五了！
[1338] 我是一颗小虎牙: 老张，有点疼，准备好了吗
[1339] 1161427948yy: 建模无敌
[1340] 只愿做回曾经真实的自己: 老板糊涂啊
[1341] 泄香釜下燃: ???
[1342] 残花月吟: ???
[1343] 哈米吉多顿大战: 打满了？
[1344] 尚存路易斯安那州: 还好lck打满了
[1345] 蒋苏: ???
[1346] kkkfll: 这位女老板糊涂啊
[1347] 莲雾雪雨: 老板糊涂啊
[1348] Dejavu: 老板是花开富贵
[2026-08-28 19:13:12] 已刷新 /Users/ad/Documents/polymarket/reports/intel_danmu_live_lck_bro_bfx_2026-08-28.html（4062 条弹幕）
[1349] LuLu13: 无敌大剑魔
[1350] 哈工刘德华1: 成都老板
[1351] 比利海灵顿: 可以提前准备去了
[1352] .惜.: .
[1353] 阎君之黑白无常: TT真的比人机都差
[1354] 璟神: 狐狸是人啊。
[1355] 芝士汤加排骨: 剑神
[1356] A man of passion: 老板糊涂啊
[1357] 故木则哭之: ???
[1358] 怀旧游戏小鱼: 左边狗屎团战纯在幽默
[1359] .惜.: .
[1360] T1小虎: 刷藏宝图的扫码了
[1361] 黎燕美: ???
[1362] .惜.: .
[1363] .惜.: .
[1364] 烤鱼片锅散丹: 藏宝书多少钱
[1365] 2278620522yy: 左边5万等死吧
[1366] .惜.: .
[1367] 哈工刘德华1: 成都老板，让你洗干净
[1368] 火书来了: 申请未成年退款呗老板
[1369] 2090513492yy: 早说了左边没人能处理剑魔，3c阵容随便打
[1370] 东哥爱旅游: 老板支持IG你不恭喜一下
[1371] 湾湾兔112: 硕，晚上会有点疼，
[1372] 我是一颗小虎牙: 潘森鳄鱼在干嘛啊
[1373] 我是一颗小虎牙: 老板糊涂
[1374] 韩老魔123: 藏宝图多少钱？现金
[1375] 哈米吉多顿大战: ig 还是快啊  今年最快的一个bo5 感觉是
[1376] 东方哥哥的小娇妻: 老板糊涂
[1377] 你不吃飯嗎: 又被毛畜偷到了
[1378] 我是一颗小虎牙: 这边打满啊
[1379] 到处挂疏桐: 给老板 点点举报
[1380] 黑张说话: 张哥张哥 明天t1输了送虎牙一号
[1381] 阎君之黑白无常: 压根不是人能打出来的水平
[1382] 香飘飘喜鹊: 右边怎么输？我想写本书。
[1383] 蒋苏: 老张今天要欠一屁股债了
[1384] 安静: 老板已经吃💊了，等下猛猛干
[1385] 愿你: 这潘森你妈是人吗
[1386] 一个大菜J: ig也有粉
[1387] 贤哲足以使人: nice
[1388] 宽額蘇泊跳小蜂瑜伽猫: 111
[1389] 防愁之人乎: 老板冲动啊
[1390] Zero9907: 100？
[1391] 荭茗: 右边怎么输？谁来写本书
[1392] 众生皆苦: 有没有董哥，接下来马脸哥哥打那个队？？？？？？？？？？？
[1393] 我是一颗小虎牙: 真看不懂了啊
[1394] 鱼塘-万缕: 大力支持！
[1395] 好运必赢: 藏宝图五千块？老板出生啊
[1396] 一杆虎枪: 老板叫你播lcs
[1397] 风月魂: 老板糊涂啊
[1398] 强龙不压地头蛇: 藏宝图五千啊
[1399] 东方哥哥的小娇妻: 藏宝图5k
[1400] 总有秋风扫落叶: 等下就未成年退款了
[1401] YouareGODV: 藏宝图多少钱
[1402] 吾生惊睡觉: 老板把根本之宝盖老张屁股上
[1403] 1mo晚安: 经济一样打不过吗
[1404] KEating: 老张今天下播洗干净点
[1405] 西一崔丝塔娜: 老板大气
[1406] 😘曾小涵😍: 一直不开大龙啊
[1407] 鱼塘-万缕: 大力
[1408] 我是一颗小虎牙: 潘森  鳄鱼 0作用
[1409] LuLu13: 一会水龙魂剑魔无限回血
[1410] 香飘飘喜鹊: 5w左边继续叫啊。
[1411] 阎君之黑白无常: IG的水平不过前五。
[1412] 您的寒王无限猖狂: 藏宝图5000啊
[1413] 黑张说话: 张哥张哥明天t输了送虎牙一号
[1414] 小鱼之灵: 这个站位不就是送吗
[1415] Yang21: 老板糊涂啊
[1416] 莲雾雪雨: 藏宝图多少钱
[1417] 吾生惊睡觉: 老板把根本之宝盖老张屁股上
[1418] 哈米吉多顿大战: 不出所料啊 ，bro的问题又出现了
[1419] 玉人尖尾: 送藏宝图能进老张的身体吗？
[1420] MidNOne: 主播你叫张甜吗 老板咋这么着密
[2026-08-28 19:14:13] 已刷新 /Users/ad/Documents/polymarket/reports/intel_danmu_live_lck_bro_bfx_2026-08-28.html（4134 条弹幕）
[1421] 众生皆苦: 马脸哥哥接下来打那个战队，有没有董哥
[1422] josk: 5000
[1423] 许我三千笔墨画你绝世倾城: 季后赛一轮游的IG
[1424] 玩武器我只看虎神: 5k
[1425] 鶠鸒: TT真残废
[1426] 小虎牙-2KV7HJQqyz: 5000
[1427] 我是小明啊Zz: 右边三路发育
[1428] 等会讲你你又不高兴: 这月结束前1w了 哈哈哈
[1429] o铁憨憨o: 5k到手多少
[1430] 楚门飘零show: 又要打满了吗
[1431] 人在Notion: 一波一波
[1432] 依然韩流乀: 5000吗？ 哇
[1433] 只愿做回曾经真实的自己: 我嘞个豆，老板糊涂啊，老张等老板玩吧哈哈
[1434] 吾生惊睡觉: 老板把根本之宝盖老张屁股上
[1435] 小虎牙-DEZW0C2GPV: 藏宝图五十块啊？
[1436] 遗忘2580: ig下一轮是打TES和lgd的败者还是另一个半区的
[1437] 愿你: 这潘森大招被扣了吗
[1438] 璟神: 送的真好。
[1439] 磊磊xhxb: gg
[1440] 荭茗: 没任何抵抗之力
[1441] Zero9907: 下把有机会选狗头了
[1442] 不羁: 狐狸加油啊
[1443] 哈米吉多顿大战: 还真打满了
[1444] 巴蜀拾荒人: 藏宝图多少？
[1445] Yang21: 血手没触发过
[1446] 大小姐的绯闻男友: 这霞真的是人吗
[1447] 烤鱼片锅散丹: 主播能拿到一半吗
[1448] 吾生惊睡觉: 老板把根本之宝盖老张屁股上
[1449] 人在Notion: 这不一波
[1450] 2174500648yy: 大哥收了几个 w
[1451] 潮头鸡蛋: 这狐狸跟狗屎一样
[1452] 小虎牙-DEZW0C2GPV: 藏宝图五十块啊。。
[1453] 😘曾小涵😍: 大龙都没了还上
[1454] 愿你: 潘森出来3次死3次
[1455] 寒风夏梦: 这不一波
[1456] 托马斯的车技教练: 一波哥进厂
[1457] 一人守一城一生爱一人: 这个潘森姐姐附体，大主动飞过人吗？
[1458] 一泓清泉: 天天打满
[1459] 小虎牙-j8PPcl0Eoq: bfx总局赢了，送虎牙一号，记住我的话
[1460] 阿南: 给老板放半条吧
[1461] 2021: 这么大优势疯了去逼大龙
[1462] 洞庭湖湖主: 明显让一把狐狸都舍不得杀辅助直接走了
[1463] 吾儿孟德何在: 小狗作揖
[1464] 猥琐发育我来c: 到手一半左右
[1465]  ZJZzzz: 老张给老板一次吧
[1466] 姑妈鱼丝丶: 藏宝图不比貂蝉舒服？
[1467] 梁卓升Daniel: 我走开5分钟 怎么就领先这么多了
[1468] 岸花焦灼问妻子: 5000
[1469] 众生皆苦: ig会不会真能进世界赛？？？？？？？？？？
[1470] o铁憨憨o: 5k能收多少
[1471] 蒋苏: 老张，你这是属于屁股债
[1472] Calm: 给老板骚一个吧
[1473] 洪西羿学: 恶心啊 100张左边又给了
[2026-08-28 19:15:13] 已刷新 /Users/ad/Documents/polymarket/reports/intel_danmu_live_lck_bro_bfx_2026-08-28.html（4187 条弹幕）
[1474] 怀旧游戏小鱼: 这把左边打野和上路纯是出生
[1475] 荭茗: 看的开心不顶用啊，要看的赚钱才有用
[1476] 西一崔丝塔娜: 老板看爽了
[1477] 依然韩流乀: 老板 牛 5000块眼都不眨一下
[1478] 幽独睡鸳鸯: 解说是副业，直播才是主业吧
[1479] 流萤的小辫子: 对
[1480] 安静: 老板很大，你要忍一忍
[1481] 我是一颗小虎牙: 这不一波
[1482] 格子九: 老张半个月直播来了
[1483] 只愿做回曾经真实的自己: 这一周一个w了不是一个月
[1484] MidNOne: 张甜 老板能灌注你吗
[1485] 鏡音連: 虎牙礼物抽多少？
[1486] 不羁: 狐狸能不能总局赢啊
[1487] 流萤的小辫子: 大概率打LGD
[1488] 北斗一号: 那就是LGD喽
[1489] 愿你: 潘森开过大吗
[1490] Guoxl: 老板买了3:0
[1491] 硕硕今夜有点甜丶: 下场ig输了刷两张藏宝图
[1492] 玉人尖尾: 老板轻点，明天还有比赛
[1493] 秦岚是我的: 张处给推单了？
[1494] 小虎牙-j8PPcl0Eoq: 张硕，bfx总局赢了我送虎牙一号记住我的ID
[1495] KEating: 那意思ig没有复活甲么？？
[1496] 猥琐发育我来c: 老张一个月10万起步
[1497] 一世双日: 这狐狸跑得比谁都快
[1498] 😘曾小涵😍: 一波叭
[1499] seeker: 老板打陀螺
[1500] 迷茫的星宙: bro第五局又要犯病
[1501] MidNOne: 老张：5000w 人民币
[1502] 流萤的小辫子: Ig几乎零容错
[1503] 迷路的奥德赛: LGD打不赢IG
[1504] 中chu李文哲: IG3-0给t1忠犬藏宝图，老板想与众不同
[1505] 96lineFaker: IG没有啊
[1506] 小虎牙-oKJwFX5JJG: 直接全部集火剑魔呗
[1507] 尚存路易斯安那州: 打lgd真感觉能赢啊
[1508] 小虎牙-j8PPcl0Eoq: 张硕，bfx总局赢了我送虎牙一号记住我的ID
[1509] love ➹ 小  鱼｛战队高管｝: 大概率tes
[1510] 阿南: LGD要虐滔博
[1511] Lulu淕: 不一定吧 LGD感觉前边打的还不错吧
[1512] 没事看看直播也不错: 是老板很大还是老张很大，谁前谁后得分清啊
[1513] 守望者11: 不是好像打满，是百分百打满
[1514] 96lineFaker: 输一场就结束了
[1515] 小虎牙-gkW341B1oZ: 这不一波
[1516] 河洛话墨: 看见老张收米我真难受啊
[1517] 小虎牙-j8PPcl0Eoq: 不回话啊
[1518] KEating: 输一把直接g？那有点刺激哈
[1519] 烁: 感觉打滔博怎么说
[2026-08-28 19:16:13] 已刷新 /Users/ad/Documents/polymarket/reports/intel_danmu_live_lck_bro_bfx_2026-08-28.html（4233 条弹幕）
[1520] 烤鱼片锅散丹: 主播有一半吗到手
[1521] 许我三千笔墨画你绝世倾城: 一轮游的队伍有什么好聊的
[1522] WaterialParasite: LCK也有战歌吗
[1523] 小虎牙-j8PPcl0Eoq: 张硕，bfx总局赢了我送虎牙一号记住我的ID。
[1524] 烁: 滔博现在真的弱啊
[1525] 笑忘书: 老干爹现在很猛
[1526] LuLu13: 只要大光不拿功能性就好说
[1527] 小海: 霞配露露是什么鬼组合？
[1528] 不善瞬间消灭了踪影: 老张以退为进
[1529] 人在Notion: 一波一波
[1530] Lulu淕: 5杀
[1531] 王命相者阳和使: 666
[1532] 😘曾小涵😍: 五杀牛壁
[1533] 小虎牙-OdtQIRuwUt: 5000你能不能有 2500到手
[1534] 相赫的小迷妹: 66
[1535] 。。。。666: ig还得再赢2个bo5，才有冒泡赛打
[1536] 没事看看直播也不错: 一波一波
[1537] 荭茗: 这不一波？？？
[1538] KEating: 勇哥。。
[1539] T1小虎: 榜一扫码了
[1540] 时过境迁: 泰勇
[1541] MidNOne: 勇哥心里有火
[1542] 加油陈已被占用: 五杀？？
[1543] 西一崔丝塔娜: 勇哥全杀了
[1544] 一人守一城一生爱一人: 没希望了知道飞了
[1545] 内拉祖里: 一波一波
[1546] 媚颜汤牛展汤: 太勇
[1547] 不羁: 狐狸加油啊，第五局拿下！
[1548] 那年电竞: MVP我给大树
[1549] 小虎牙-oKJwFX5JJG: 这芸阿娜都能有伤害
[1550] 荭茗: 这不一波？
[1551] wi1d丶: 明天T1咋办啊
[1552] 浩酱: 666打满了
[1553] 愿你: 左边都演成啥样了。还真觉得右边c吗
[1554] 洪西羿学: 麻痹的  这场吃我6个
[1555] 那年电竞: 这4吧游戏只有打野是人
[1556] 迷茫的星宙: 太勇云啊那和ez吧，一直玩的不错
[1557] 看看就好别傻不拉几: 几千入手不开心才怪
[1558] 下一頁詩篇: ？？？？？？？？？？？？？？？
[1559] 那是一只松鼠吗: 这两个队是不是有复活甲
[1560] 小虎牙-SI1Q2r6A3b: 吃爽了
[1561] 轻描＆淡写: 五杀
[1562] KEating: 确实剑魔立功，一波就翻了
[1563] 樱花庄的另一位居民: 打满打满
[1564] 1493123874yy: 草
[2026-08-28 19:17:13] 已刷新 /Users/ad/Documents/polymarket/reports/intel_danmu_live_lck_bro_bfx_2026-08-28.html（4278 条弹幕）
[1565] YuPeNg: ps明显买了 大去带团灭
[1566] 宿雨留晚照: 没有软辅的芸阿娜都能c
[1567] 异样的影子丶: ？
[1568]  ZJZzzz: 1888.88
[1569] 今侏绿: 这比赛太假了来回坑人
[1570] Legendary゛: 抽一套房
[1571] 迷茫的星宙: 上把薇恩没杀的这把杀回来
[1572] 佟明霖: 这两个队输着将以7号种子身份参加虎牙德杯
[1573] 1493123874yy: 被坑伤了
[1574] zhooouYT: V
[1575] 流萤的小辫子: T1得连输两个bo5一场不赢才进不去世界赛，但凡赢一个bo5
[2026-08-28 19:18:14] 已刷新 /Users/ad/Documents/polymarket/reports/intel_danmu_live_lck_bro_bfx_2026-08-28.html（4289 条弹幕）
[1576] Lulu淕: 泰永最近发挥有点好
[1577] 愿你: 小龙那波两个人站里面白给，潘森闪现w泰坦，抢龙不开大走脸上
[1578] 冬哥: 结束了吗
[1579] 我不爱看小姐姐: 666
[1580] a啊超: 2
[1581] 丑丑丑丑丑c: 虚幻
[2026-08-28 19:19:14] 已刷新 /Users/ad/Documents/polymarket/reports/intel_danmu_live_lck_bro_bfx_2026-08-28.html（4295 条弹幕）
[1582] 等会讲你你又不高兴: 老张不给兄弟们roll点
[2026-08-28 19:20:15] 已刷新 /Users/ad/Documents/polymarket/reports/intel_danmu_live_lck_bro_bfx_2026-08-28.html（4296 条弹幕）
[1583] 萌叔昊: 结束了？
[2026-08-28 19:21:15] 已刷新 /Users/ad/Documents/polymarket/reports/intel_danmu_live_lck_bro_bfx_2026-08-28.html（4297 条弹幕）
[1584] 派大星BiuBiuBi: 看ig被t1虐就爽   虽然是ts粉   但还是想看到
[1585]  ZJZzzz: ？？？
[2026-08-28 19:22:15] 已刷新 /Users/ad/Documents/polymarket/reports/intel_danmu_live_lck_bro_bfx_2026-08-28.html（4299 条弹幕）
[1586] 派大星BiuBiuBi: ？？？？
[2026-08-28 19:23:16] 已刷新 /Users/ad/Documents/polymarket/reports/intel_danmu_live_lck_bro_bfx_2026-08-28.html（4300 条弹幕）
[1587] a啊超: 1111
[1588] a啊超: 1111111
[1589] 我是一颗小虎牙: 巨久
[1590] a啊超: 27头
[1591] 惨叫鸡的哭声QAQ: 1111111
[1592] 阿肥面包: 3
[1593] 月崽zzz: 1
[1594] 我是一颗小虎牙: 1111
[1595] a啊超: 1111111
[1596] 我是一颗小虎牙: 配虚幻武器
[1597] 阿肥面包: 终极九头蛇等你做出来早点了
[1598] 触处尘与灰: 张神 问一下 如果明儿个T1输了 还有败者组吗 还是直接回家
[1599] 丑丑丑丑丑c: 九头蛇太贵了，但是数值很高
[2026-08-28 19:24:16] 已刷新 /Users/ad/Documents/polymarket/reports/intel_danmu_live_lck_bro_bfx_2026-08-28.html（4313 条弹幕）
[1600] 那个神秘的帅哥: 不做九头蛇？？还在破败？
[2026-08-28 19:25:16] 已刷新 /Users/ad/Documents/polymarket/reports/intel_danmu_live_lck_bro_bfx_2026-08-28.html（4314 条弹幕）
[1601]  ZJZzzz: 开了
[2026-08-28 19:26:16] 已刷新 /Users/ad/Documents/polymarket/reports/intel_danmu_live_lck_bro_bfx_2026-08-28.html（4315 条弹幕）
[1602] a啊超: 27头出来就是质变了  先处巨九
[1603]  ZJZzzz: 秀彬
[1604] 晨曦点点: 看秀彬啊
[1605]  ZJZzzz: 看秀彬
[1606] newqq_a6frkrzbn: 1
[2026-08-28 19:27:17] 已刷新 /Users/ad/Documents/polymarket/reports/intel_danmu_live_lck_bro_bfx_2026-08-28.html（4320 条弹幕）
[1607] 叫我小菊啦: 你没做任务
[1608] 阿肥面包: 都说了等你做出来游戏早点了
[1609] HZcsysm: 39巨变态
[1610] a啊超: 11111111
[1611] a啊超: 你每出一个才给你一个
[1612] 叫我小菊啦: 海妖卖了做任务吧
[2026-08-28 19:28:17] 已刷新 /Users/ad/Documents/polymarket/reports/intel_danmu_live_lck_bro_bfx_2026-08-28.html（4326 条弹幕）
[1613] 李相赫牛: 嚯嚯嚯
[1614] 我是一颗小虎牙: 看看伤害
[1615] 阿肥面包: 做出来才厉害
[1616] 丑丑丑丑丑c: 200点攻击力不是开玩笑的
[1617] 叫我小菊啦: 全卖了做任务
[ALERT] huya_shuoshuo 采集器退出（code=2），10s 后自动重启；完整性记为受影响
[2026-08-28 19:29:18] 已刷新 /Users/ad/Documents/polymarket/reports/intel_danmu_live_lck_bro_bfx_2026-08-28.html（4331 条弹幕）
[multi] 已启动 huya_shuoshuo https://www.huya.com/323444 -> /Users/ad/Documents/polymarket/docs/data/danmu/huya/2026-08-28_huya_shuoshuo.jsonl (pid 56348)
[ALERT] huya_shuoshuo 采集器退出（code=2），10s 后自动重启；完整性记为受影响
[multi] 已启动 huya_shuoshuo https://www.huya.com/323444 -> /Users/ad/Documents/polymarket/docs/data/danmu/huya/2026-08-28_huya_shuoshuo.jsonl (pid 56573)
[ALERT] huya_shuoshuo 采集器退出（code=2），10s 后自动重启；完整性记为受影响
[2026-08-28 19:30:18] 已刷新 /Users/ad/Documents/polymarket/reports/intel_danmu_live_lck_bro_bfx_2026-08-28.html（4331 条弹幕）
[multi] 已启动 huya_shuoshuo https://www.huya.com/323444 -> /Users/ad/Documents/polymarket/docs/data/danmu/huya/2026-08-28_huya_shuoshuo.jsonl (pid 56817)
[ALERT] huya_shuoshuo 采集器退出（code=2），10s 后自动重启；完整性记为受影响
[multi] 已启动 huya_shuoshuo https://www.huya.com/323444 -> /Users/ad/Documents/polymarket/docs/data/danmu/huya/2026-08-28_huya_shuoshuo.jsonl (pid 57053)
[ALERT] huya_shuoshuo 采集器退出（code=2），10s 后自动重启；完整性记为受影响
[2026-08-28 19:31:18] 已刷新 /Users/ad/Documents/polymarket/reports/intel_danmu_live_lck_bro_bfx_2026-08-28.html（4331 条弹幕）
[multi] 已启动 huya_shuoshuo https://www.huya.com/323444 -> /Users/ad/Documents/polymarket/docs/data/danmu/huya/2026-08-28_huya_shuoshuo.jsonl (pid 57289)
[ALERT] huya_shuoshuo 采集器退出（code=2），10s 后自动重启；完整性记为受影响
[multi] 已启动 huya_shuoshuo https://www.huya.com/323444 -> /Users/ad/Documents/polymarket/docs/data/danmu/huya/2026-08-28_huya_shuoshuo.jsonl (pid 57516)
[ALERT] huya_shuoshuo 采集器退出（code=2），10s 后自动重启；完整性记为受影响
[2026-08-28 19:32:19] 已刷新 /Users/ad/Documents/polymarket/reports/intel_danmu_live_lck_bro_bfx_2026-08-28.html（4331 条弹幕）
[multi] 已启动 huya_shuoshuo https://www.huya.com/323444 -> /Users/ad/Documents/polymarket/docs/data/danmu/huya/2026-08-28_huya_shuoshuo.jsonl (pid 57752)
[ALERT] huya_shuoshuo 采集器退出（code=2），10s 后自动重启；完整性记为受影响
[multi] 已启动 huya_shuoshuo https://www.huya.com/323444 -> /Users/ad/Documents/polymarket/docs/data/danmu/huya/2026-08-28_huya_shuoshuo.jsonl (pid 57983)
[2026-08-28 19:33:19] 已刷新 /Users/ad/Documents/polymarket/reports/intel_danmu_live_lck_bro_bfx_2026-08-28.html（4331 条弹幕）
[ALERT] huya_shuoshuo 采集器退出（code=2），10s 后自动重启；完整性记为受影响
[multi] 已启动 huya_shuoshuo https://www.huya.com/323444 -> /Users/ad/Documents/polymarket/docs/data/danmu/huya/2026-08-28_huya_shuoshuo.jsonl (pid 58198)
[ALERT] huya_shuoshuo 采集器退出（code=2），10s 后自动重启；完整性记为受影响
[multi] 已启动 huya_shuoshuo https://www.huya.com/323444 -> /Users/ad/Documents/polymarket/docs/data/danmu/huya/2026-08-28_huya_shuoshuo.jsonl (pid 58393)
[2026-08-28 19:34:19] 已刷新 /Users/ad/Documents/polymarket/reports/intel_danmu_live_lck_bro_bfx_2026-08-28.html（4331 条弹幕）
[ALERT] huya_shuoshuo 采集器退出（code=2），10s 后自动重启；完整性记为受影响
[multi] 已启动 huya_shuoshuo https://www.huya.com/323444 -> /Users/ad/Documents/polymarket/docs/data/danmu/huya/2026-08-28_huya_shuoshuo.jsonl (pid 58594)
[ALERT] huya_shuoshuo 采集器退出（code=2），10s 后自动重启；完整性记为受影响
[multi] 已启动 huya_shuoshuo https://www.huya.com/323444 -> /Users/ad/Documents/polymarket/docs/data/danmu/huya/2026-08-28_huya_shuoshuo.jsonl (pid 58809)
[2026-08-28 19:35:20] 已刷新 /Users/ad/Documents/polymarket/reports/intel_danmu_live_lck_bro_bfx_2026-08-28.html（4331 条弹幕）
[ALERT] huya_shuoshuo 采集器退出（code=2），10s 后自动重启；完整性记为受影响
[multi] 已启动 huya_shuoshuo https://www.huya.com/323444 -> /Users/ad/Documents/polymarket/docs/data/danmu/huya/2026-08-28_huya_shuoshuo.jsonl (pid 59054)
[ALERT] huya_shuoshuo 采集器退出（code=2），10s 后自动重启；完整性记为受影响
[multi] 已启动 huya_shuoshuo https://www.huya.com/323444 -> /Users/ad/Documents/polymarket/docs/data/danmu/huya/2026-08-28_huya_shuoshuo.jsonl (pid 59277)
[2026-08-28 19:36:20] 已刷新 /Users/ad/Documents/polymarket/reports/intel_danmu_live_lck_bro_bfx_2026-08-28.html（4331 条弹幕）
[ALERT] huya_shuoshuo 采集器退出（code=2），10s 后自动重启；完整性记为受影响
[multi] 已启动 huya_shuoshuo https://www.huya.com/323444 -> /Users/ad/Documents/polymarket/docs/data/danmu/huya/2026-08-28_huya_shuoshuo.jsonl (pid 59493)
[ALERT] huya_shuoshuo 采集器退出（code=2），10s 后自动重启；完整性记为受影响
[multi] 已启动 huya_shuoshuo https://www.huya.com/323444 -> /Users/ad/Documents/polymarket/docs/data/danmu/huya/2026-08-28_huya_shuoshuo.jsonl (pid 59712)
[2026-08-28 19:37:20] 已刷新 /Users/ad/Documents/polymarket/reports/intel_danmu_live_lck_bro_bfx_2026-08-28.html（4331 条弹幕）
[ALERT] huya_shuoshuo 采集器退出（code=2），10s 后自动重启；完整性记为受影响
[multi] 已启动 huya_shuoshuo https://www.huya.com/323444 -> /Users/ad/Documents/polymarket/docs/data/danmu/huya/2026-08-28_huya_shuoshuo.jsonl (pid 59946)
[ALERT] huya_shuoshuo 采集器退出（code=2），10s 后自动重启；完整性记为受影响
[multi] 已启动 huya_shuoshuo https://www.huya.com/323444 -> /Users/ad/Documents/polymarket/docs/data/danmu/huya/2026-08-28_huya_shuoshuo.jsonl (pid 60174)
[2026-08-28 19:38:21] 已刷新 /Users/ad/Documents/polymarket/reports/intel_danmu_live_lck_bro_bfx_2026-08-28.html（4331 条弹幕）
[ALERT] huya_shuoshuo 采集器退出（code=2），10s 后自动重启；完整性记为受影响
[multi] 已启动 huya_shuoshuo https://www.huya.com/323444 -> /Users/ad/Documents/polymarket/docs/data/danmu/huya/2026-08-28_huya_shuoshuo.jsonl (pid 60416)
[ALERT] huya_shuoshuo 采集器退出（code=2），10s 后自动重启；完整性记为受影响
[multi] 已启动 huya_shuoshuo https://www.huya.com/323444 -> /Users/ad/Documents/polymarket/docs/data/danmu/huya/2026-08-28_huya_shuoshuo.jsonl (pid 60634)
[2026-08-28 19:39:21] 已刷新 /Users/ad/Documents/polymarket/reports/intel_danmu_live_lck_bro_bfx_2026-08-28.html（4331 条弹幕）
[ALERT] huya_shuoshuo 采集器退出（code=2），10s 后自动重启；完整性记为受影响
[multi] 已启动 huya_shuoshuo https://www.huya.com/323444 -> /Users/ad/Documents/polymarket/docs/data/danmu/huya/2026-08-28_huya_shuoshuo.jsonl (pid 60858)
[1] 一言横满天: 右边非常扎实
[2]  ZJZzzz: 老板糊涂
[3] 颖: ？？？？？？？？
[4] 大小姐的绯闻男友: 啊
[5] 一言横满天: 很扎实了
[6] Oct.: ？
[7] KEating: 握草。。
[8] 岛白: ？
[9] 共郎登楼寝: 刀妹卧槽
[10] 一言横满天: 倒霉
[11] 我想去看看。: ？？？
[12] 小老鼠jerry: 老板糊涂
[13] 刀哥哥布林: 尽兴局
[14] L: 右边好缺伤害
[15] 此生仅有的机遇: 什么垃圾阵容
[16] 一言横满天: 愿倒霉你会么就选倒霉
[17] 疯: 不留遗憾
[18] 杰瑞米瓦德生物学家: 今天玩杰斯被刀妹打超鬼了
[19] 我是一颗小虎牙: 生活不易 张神卖艺啊
[20] 难与疾之忧: 难得啊刀妹都来了
[21] Zero9907: 豹左边要是猪妹打野 左边拿下了
[22] 安静: BFX总有惊喜
[23] 人在Notion: 阵容越怪赢的越快
[24] 月下花开1: 赢得队伍 下一场打T1？
[25] 磊磊xhxb: 老张今天有没有LEC
[26] Zero9907: 豹女打野 两边有的打
[27] CXIAO: 狐狸这个阵容不想赢啊
[28] 我是小明啊Zz: 绝对走钢丝啊
[29] 杰瑞米瓦德生物学家: 小加强了好像
[2026-08-28 19:40:21] 已刷新 /Users/ad/Documents/polymarket/reports/intel_danmu_live_lck_bro_bfx_2026-08-28.html（4360 条弹幕）
[30] 笑憐殤: 狐狸这阵容打不了吧
[31] 磊磊xhxb: 老张今天有没有LEC啊？
[32] Ming: bo5还能选到朗姆 瑞尔
[33] 甜心爱你: 右边这阵容一波炸就G了啊
[34] KEating: 亮出你的剑
[35] 我是小明啊Zz: 绝对走钢丝啊
[36] 沙漏-: 赢的打T1
[37] 梦兮ヽ花已落: 赢了奖励一把T1
[38] 不逢尧楔尾鹰: 阵容越怪赢的越快
[39] 嗯夹资嘎: 老张这把打完T1是不是选谁立马就公布啊
[40] 此生仅有的机遇: 左边垃圾阵容
[41] 嗯夹资嘎: 老张这把打完T1是不是选谁立马就公布啊
[42] 嗯夹资嘎: 老张这把打完T1是不是选谁立马就公布啊
[43] 我是小明啊Zz: 绝对走钢丝啊
[44] 嗯夹资嘎: 老张这把打完T1是不是选谁立马就公布啊
[45] 女伴褐: 一年没见过豹女了
[46] leslie2333: 选了就满分
[47] 我是小明啊Zz: 绝对走钢丝啊
[48] 八级大狂风基操: 左边纯看手法啊
[49] 旧人: 左边直接点了吧
[50] 女伴褐: 就没看豹女赢过
[51] 赫本: 刀妹稳输，职业比赛刀妹赢的概率1％
[52] KEating: 这把希望打的胶粘一点
[53] 葛饰北斋: 感觉bro bfx kt实力差不多啊
[54] 花染风: 蝎子无敌局
[55] Kassy1997: 是人我吃
[56] 本频道最帅: 什么整容啊
[57] 嗯夹资嘎: 老张这把打完T1是不是选谁立马就公布啊
[58] 嗯夹资嘎: 老张这把打完T1是不是选谁立马就公布啊
[59] 嗯夹资嘎: 老张这把打完T1是不是选谁立马就公布啊
[60] 南楼笋呈座中: 昨天刚赢得你踏马眼睛瞎了？？？
[2026-08-28 19:41:22] 已刷新 /Users/ad/Documents/polymarket/reports/intel_danmu_live_lck_bro_bfx_2026-08-28.html（4391 条弹幕）
[61] 哈尼: T1肯定选这两队的胜者，不可能选kt
[62] 旧人: 左边这阵容能打吗
[63] 我是一颗小虎牙: 老张踢了他是
[64] 浩酱: 48
[65] 昔流风: 47
[66] 2090513492yy: 每次都是老张快2s
[67] 青醉沉睡海底: 一定要从48开始对吗？你是官方解说
[68] 小虎牙-8a6moJov81: 主播觉得谁能赢？
[69] 杰瑞米瓦德生物学家: 484848
[70] 我是一颗小虎牙: 狐狸选的什么玩意，决胜局梦选出这么好的阵容
[2026-08-28 19:42:22] 已刷新 /Users/ad/Documents/polymarket/reports/intel_danmu_live_lck_bro_bfx_2026-08-28.html（4401 条弹幕）
[71] 女伴褐: 它么上来就搞事情
[72] 好色闪光炮王JEE: 细节偷1秒
[73] 晚霞入梦来: 骚硕
[74] 青醉沉睡海底: 老张吃啥呢
[75] 摇了摇头吖: 张硕去韩服打钻石都费劲
[76] X1ri爱吃鼻屎: 左边伤害高啊
[77] 嗯夹资嘎: 老张这把打完是不是T1选谁立马就公布啊
[78] 嗯夹资嘎: 老张这把打完是不是T1选谁立马就公布啊
[79] 嗯夹资嘎: 老张这把打完是不是T1选谁立马就公布啊
[80] 嗯夹资嘎: 老张这把打完是不是T1选谁立马就公布啊
[81] 晚霞入梦来: 现在多少分骚硕
[82] 共郎登楼寝: 哎哟
[83] 理财大师就是我: ？
[2026-08-28 19:43:22] 已刷新 /Users/ad/Documents/polymarket/reports/intel_danmu_live_lck_bro_bfx_2026-08-28.html（4414 条弹幕）
[84] 旧人: 好送
[85] 余萌芽: 小丑
[86] CXIAO: 没了
[87] 青醉沉睡海底: 这clear
[88] 女伴褐: 这咋这么浪呢
[89] KEating: 这不g
[90] 我是一颗小虎牙: 他回家已经赚了
[91] 我是一颗小虎牙: 想断兵线 别人不惯着你
[92] 我是一颗小虎牙: 他回家已经赚了
[93] 甜心爱你: 不追不是血赚啊 还能野区杀蝎子
[94] 旧人: 送得好啊
[95] 东来东往: 不追就赚麻了
[96] 小虎牙-xup90Th6KQ: 符合刀妹玩家人设
[97] 此生仅有的机遇: 说了右边赢
[98] 唉唉: 会直播吗
[99] 三十年锅盔: 刀妹日常 开局装备 中期装死
[100] 乐鸳君兮陫侧: 你是猪啊天天吃
[101] 진 강: bfx
[102] 女伴褐: 最后一局都他么应该发育才对
[103] 我是小明啊Zz: 有点像keshi打德赛
[104] X1ri爱吃鼻屎: 右边不好赢啊感觉
[105] CXIAO: 西八
[106] 青醉沉睡海底: 老张分析下t1选谁有优势
[2026-08-28 19:44:23] 已刷新 /Users/ad/Documents/polymarket/reports/intel_danmu_live_lck_bro_bfx_2026-08-28.html（4437 条弹幕）
[107] 我是一颗小虎牙: 被杀的给一个主视角
[108] 我是一颗小虎牙: 被杀的给一个主视角
[109] 卡布达: 太早扛到第一下了 没拉扯好
[110]  ZJZzzz: 啊西
[111] lupo: 选bro
[112] 我是一颗小虎牙: 又是这个彩笔上单
[113] 尚存路易斯安那州: 应该会选这个赢的啊
[114] 浩酱: 阿西
[115] 11111: 我感觉会选KT
[116]  ZJZzzz: 磨牙
[117] 蟹老板儿你在抓子: 肯定选bro啊 泰迪暴打老东家
[118] 露珠闪烁熊猫: 刀妹都来了
[119] 冬夜鹤舞星: t1打这两个队还是手拿把掐
[120] 被庄家盯上的人: BRO稳输
[121] 我爱机枪兵: tt那个上单第一把就是这样崩的，想单杀被反杀
[122] 11111: T1遇强则强
[123] 1894194808yy: 选谁都赢不了
[124] 难与疾之忧: 肯定把kt留给dk
[125] 我有故事你有酒吗: 今天晚上还有比赛吗
[126] zimbl: 肯定选涅槃啊，选kt自己给自己找不痛快是吧
[127] 被庄家盯上的人: 蝎子没赢过
[128] Legendary゛: 选DK
[129] 独角U泥控: BO5刀妹出来不是很正常
[130] liut8868: 肯定选bro，傻子才会选kt
[131] JY: 说清楚点，这是登峰不是涅槃，人家是高贵的传奇
[132] 尚存路易斯安那州: t1打kt也随便赢啊
[133] 斟酌照城垛: 充电宝可能会爆不会选的
[134] 一路向冬: 不爆金币了
[135] 青醉沉睡海底: 黏住了马威
[136] ttaiqy: 哈哈哈哈哈
[137] 2090513492yy: 又黑
[138]  ZJZzzz: 哈哈哈哈
[139] 邅吾万里霜: ns打谁
[140] 一路向冬: 不显示金币了
[141] 11111: 刀妹选出来怎么赢
[2026-08-28 19:45:23] 已刷新 /Users/ad/Documents/polymarket/reports/intel_danmu_live_lck_bro_bfx_2026-08-28.html（4472 条弹幕）
[142] 青醉沉睡海底: 咳咳
[143] 然而: ？？
[144] 守望者11: 选kt都不一定打得过
[145] 小麦搞笑鸡: 选谁兰子都被丹砂
[146] HideOndeadLove: 当然选涅槃啊，kt又不是次次充电，万一出事咋整
[147] 立春森香四溢: 右边手短左边控少，难猜
[148] 青醉沉睡海底: 急了
[149] nice: 这俩队伍什么排名？
[150] 青醉沉睡海底: 17急死了哈哈哈哈哈哈哈哈哈哈
[151] lupo: 哈哈 烧昌
[152] 我是一颗小虎牙: 刀妹吃不了线了
[153] 守望者11: 说右边没有控制的都来了
[2026-08-28 19:46:23] 已刷新 /Users/ad/Documents/polymarket/reports/intel_danmu_live_lck_bro_bfx_2026-08-28.html（4483 条弹幕）
[154] 米勒直播间又卡了: 左边打团少2支
[155] 林伟翔是金泰相爸爸: 左边👈🏻rank阵容啊
[156] 😘曾小涵😍: 好帅的
[157] 急需安装直播专用猫: 急了急了
[158] 好运必赢: 这什么决策？
[159] 独角U泥控: 这就是刀妹
[160] 星月亮起来: 哈哈刀妹无敌了
[161] 怀旧游戏小鱼: 右边打野太出生了，这个逼蝎子
[162] 我是一颗小虎牙: 这好炸
[163] 动物园逃犯汤姆: 再见了bro
[2026-08-28 19:47:24] 已刷新 /Users/ad/Documents/polymarket/reports/intel_danmu_live_lck_bro_bfx_2026-08-28.html（4494 条弹幕）
[164] 兩袖清风和中堂: 3:2 左边拿下
[165] 骑马的感觉爽: 狐狸加油
[166] 理财大师就是我: G
[167] rooooopzz: 安妮难受了
[168] 青醉沉睡海底: PI哥
[169] 沙漏-: 精彩
[170] 星月亮起来: 秀嘛了
[171] 余萌芽: 安妮来干嘛的？也是来戏了
[172] Legendary゛: 白菜是世界第一刀妹
[173] 安静: 敢选已经值得点赞👍
[174] 林伟翔是金泰相爸爸: 他奶奶常说
[175] 世界第一男枪雨神丶: 大光的刀妹
[176] 没事看看直播也不错: 老张，不显示金币
[177] 11111: 多兰刀妹绝活
[178] 怀旧游戏小鱼: 这右边辅助是人机嘛？一点不像人
[179]  ZJZzzz: ？？？
[180] 我是一颗小虎牙: 不要乱翻
[181] 人在Notion: 绝活刀妹
[182] 忍刺: 我忍刺的刀妹滑中滑，上打宙斯下虐飞科
[183] 十年饮冰难凉热血: 又乱翻
[184] 青醉沉睡海底: 兰出
[185] 荭茗: 豹女的Q你踏马往哪丢啊
[2026-08-28 19:48:24] 已刷新 /Users/ad/Documents/polymarket/reports/intel_danmu_live_lck_bro_bfx_2026-08-28.html（4516 条弹幕）
[186] 守望者11: 拿蝎子资源都不好拿
[187] 世界第一男枪雨神丶: 大黄的刀妹
[188] 卢卡胖77: 大斜老师
[189] 七彩猫: 兰犬
[190] 我是一颗小虎牙: 兰出就别提了
[191] Ming: no 刀妹
[192] 2090513492yy: 多兰刀妹绝活
[193] 伟人嗲嗲: 这把看泰迪c
[194] 左手打跌右手玩劫: 48刀妹
[195] KEating: 你别说上回兰子刀妹还挺猛
[196] 潙你弹楱肖綁地液浀: 大邪
[197] 十年饮冰难凉热血: 去年刀妹线上赛好像杀了一把kt还是dk
[198] 萌黎丶: 大邪老师
[199] 放歌沧海日: T1打这俩赢得吗
[200] 蟹老板儿你在抓子: 兰刀
[201] 父老36282: 豹女不控龙是人？
[202] 南方: 小龙一直不打 还行
[203] Ray、: 布兜
[204] 진 강: 法师一个金身就秀不出来了
[205] 星月亮起来: 一会看刀妹秒卡莎
[206] 宁不空: 大邪老师不行吗
[207] 时间在走，人在变: @11111 绝活个毛，多兰真没白菜的刀妹牛逼
[208] 我是一颗小虎牙: 多兰什么都会玩 就是玩的都菜
[209] 蓬莱千嶂暗: 烂孝子咋啥都吹成多烂的绝活啊？
[210] 大师我真的悟了: 多兰现在玩啥能C玩啥不是被单杀
[211] CristianoR: 多兰刀妹胜率很高
[212]  ZJZzzz: 多兰刀妹
[213] 皮蛋6666: 刀妹有百分比伤害吗
[214] 父老36282: 豹女五分钟控龙不是稳赢 为何不控龙
[215] 我是一颗小虎牙: 卡萨坐牢
[216] 放歌沧海日: T1打这俩赢得吗
[217] 俞秋鱼: 韩一刀🔪不是bin割吗？
[218] 风头肯登攀: 那是那个被诺手挂机活活a死的老妹吗
[219] 蟹老板儿你在抓子: 还有多兰的刀妹 没人说？
[220] 十年饮冰难凉热血: 线上赛多兰去年玩过一把
[221] 11111: T1输了还是有机会进世界赛吧
[222] 好色闪光JEE: 布兜刀妹当年就说是绝活 结果被阿乐杀猪
[223] 蜗牛-归来浪子: 国一刀白菜
[224] 好运必赢: 有病？这是人
[225] 宁不空: 这裴擒虎可以
[2026-08-28 19:49:24] 已刷新 /Users/ad/Documents/polymarket/reports/intel_danmu_live_lck_bro_bfx_2026-08-28.html（4555 条弹幕）
[226] 骑马的感觉爽: 6666666666
[227] 怀旧游戏小鱼: 蝎子纯纯的出生玩意
[228] 蓝色: 这垃圾蝎子  在干什么
[229] 理财大师就是我: ？
[230] 洪西羿学: 演习呢
[231] 父老36282: e空是人
[232] 被庄家盯上的人: 右边有伤害；
[233] 怀旧游戏小鱼: 上把就是这个出生送
[234] 我是一颗小虎牙: 叽叽
[235] 星月亮起来: 无敌刀妹
[236] 父老36282: 炸开炸开
[237] 骑马的感觉爽: 66666666666
[238] 疯: 操作你～
[239] 我是一颗小虎牙: 紧死你
[240] 余萌芽: 暴打带走
[241] 共郎登楼寝: 滑
[242] 浩酱: 弱悲
[243] 商业观众: ？
[244] 北甍: 看看别人打野，右边打野还在逛
[245] 阿译: 永远不死呢？？？？
[246] 守望者11: bro去打小龙阿
[247]  ZJZzzz: 老板糊涂
[248] 随身携带小米辣: 越来越大
[249] 2090513492yy: 这刀妹开局让个一血都给狼母打爆了
[250] 星月亮起来: 无敌刀妹不留遗憾
[251] 元素周期表: 完了完了bro还是太菜了，他妈的
[252] 我是一颗小虎牙: 兰子刀妹一砍十，发起狠来自己都砍
[253] 小麦搞笑鸡: 像兰子的狼母了
[254] 怀旧游戏小鱼: 上把也是上野两条出生，这把又是上野两条出生
[255] 旷兮无花果: 结束了已经
[256] 大师我真的悟了: 这上野不知道t1怎么打
[257] 西一崔丝塔娜: 老板大气
[258] 1349787092yy: 左边无敌了
[259] 潙你弹楱肖綁地液浀: 对线就差3k了
[260] 忍刺: 硕硕今夜未到乡怎么不送礼物了？硕硕今夜未到乡怎么不送礼物了？
[261] 忍刺: 硕硕今夜未到乡怎么不送礼物了？硕硕今夜未到乡怎么不送礼物了？
[262] 泽神啦: 祝福语都能尬？
[263] 忍刺: v
[264] 余萌芽: 娶10个婆娘
[265] 忍刺: 硕硕今夜未到乡怎么不送礼物了？硕硕今夜未到乡怎么不送礼物了？
[266] 子非鱼: 老板糊涂啊
[267] MC张天赋: 这就三千了
[268] 我在必我故: 情绪价值这块
[269] 蓝色: 祝老板永远不死
[270] 守望者11: 这不打小龙
[271] 陆小饭: 老张给老板剪指甲吧
[272] 父老36282: 豹女虚经济没用的
[2026-08-28 19:50:25] 已刷新 /Users/ad/Documents/polymarket/reports/intel_danmu_live_lck_bro_bfx_2026-08-28.html（4603 条弹幕）
[273] 1349787092yy: 0分钟三千玩毛线
[274] 杰瑞米瓦德生物学家: 区王杯有这俩队吧应该
[275] 父老36282: 不打龙 都是白搭
[276] 浩酱: 今夜年愁未到乡
[277] 我只想要杀死神: 叫妈妈就行就，
[278] 随身携带小米辣: 夜夜做新娘
[279] 尚存路易斯安那州: 你们看不起我兰神？
[280] 路痴^O^: 这阵容bfx后期不知道怎么赢
[281] 吉奥吉: 越来越紧是什么意思，你说清楚，张神
[282] phxian: 骚硕 是花开富贵最喜欢的类型
[283] 我只想要杀死神: 叫妈妈，
[284] 湫雨: 明天多兰要遭重
[285] 一通: 豹女大树o也不咋玩啊
[286] 被庄家盯上的人: 刀妹死一次算我输
[287] 1349787092yy: 演了两把
[288] 父老36282: 后期只有一个维克托
[289] 安静: 老板要追尾老张
[2026-08-28 19:51:25] 已刷新 /Users/ad/Documents/polymarket/reports/intel_danmu_live_lck_bro_bfx_2026-08-28.html（4620 条弹幕）
[290] MC张天赋: 10分钟破败
[291] 葛饰北斋: 多兰流汗了
[292] 独角U泥控: 狼母多看刀妹一眼都得死了
[293] 大师我真的悟了: 明天多兰和oner怎么打？
[294] 教主: 艾欧尼亚，昂扬不灭
[295] Angel是只布偶猫: bin的刀妹怎么样
[296] 看什么看12: 干死多兰
[297] 蓝色: 拖住后期能翻啊
[298] 风吹马努斯: ai就是废物
[299] Yang21: 豹女这把买面具还是推推棒
[300] NiangLeHippie: 上路坐牢了
[301] 林伟翔是金泰相爸爸: 翻了哥注意进厂时间
[302] 我是一颗小虎牙: 如果T1打不过BFX有败者组吗？
[303] 我是一颗小虎牙: 如果T1打不过BFX有败者组吗？
[304] xiaoka1: .
[305] 东来东往: NS哭晕在厕所
[306] 父老36282: 刀妹赢不了游戏只能一时爽
[307] 浩酱: 翻了哥注意进场时间
[308] 强龙不压地头蛇: 我感觉韩国很多上单都比48强
[309] Trendworship: 右边也就一个卡莎后期
[310] 星月亮起来: 只靠一个卡莎有毛用
[311] 风在吹故事再继续: 他妈打着打着就没法玩了
[312] 青醉沉睡海底: 中路就一层了
[313] 好运必赢: 司马安妮 突然犯病
[314] 守望者11: t1bfx打不过世界赛就不要去了
[315] 山海如鉴: 为什么管他叫ai哥
[2026-08-28 19:52:25] 已刷新 /Users/ad/Documents/polymarket/reports/intel_danmu_live_lck_bro_bfx_2026-08-28.html（4646 条弹幕）
[316] CXIAO: 就1.1了
[317] 星月亮起来: 指望卡莎一打五做梦吧
[318] Haiking: 才11分钟，拉三千经济？
[319] 旧人: 阵容越怪赢得越快
[320] 寒风夏梦: 这就领先3k
[321] 丨眼缘丨: p子打泰勇不是随便打
[322] 断云依: 右边也没后期，这把G了
[323] 我真的要减肥: 右边有啥后期啊，左边还有个维克托
[324] 教主: 你奶奶说，你银河之中漫步，也曾在青草之中垂钓
[325] 大师我真的悟了: 多兰能赢哪个上单？
[326] 我是一颗小虎牙: 我希望T1来德杯
[327] 鱼跃龙门者: 德杯？
[328] 小老弟: 能打德杯么
[329] 没事看看直播也不错: 2级了
[330] 蓝色: 后期豹女没用的
[331] 每一天都一样: 是不是德玛西亚杯
[332] 鸭鸭小信【斤】: 输了有什么比赛可以打？
[333] 余萌芽: 10月？
[334] 九制陈皮lemon: 卡莎后期无敌的
[335] AA小飞哥: 压尼玛2级玩个吊呀
[336] 楚门飘零show: 大家都有光明的未来（）
[2026-08-28 19:53:26] 已刷新 /Users/ad/Documents/polymarket/reports/intel_danmu_live_lck_bro_bfx_2026-08-28.html（4667 条弹幕）
[337] 仓鼠打得过松鼠: 对的
[338] 鱼跃龙门者: K杯还是德杯
[339] 我是一颗小虎牙: 如果T1打德杯李哥会来吗？？
[340] 我是一颗小虎牙: 如果T1打德杯李哥会来吗？？
[341] Legendary゛: 输的今天放假，赢的明天放假
[342] YeyeyeOrye: 世界赛几月份
[343] Ming: lol联盟杯
[344] Legendary゛: 输的今天放假，赢的明天放假
[345] 青春靓丽美少女: 输了打德杯
[346] 仓鼠打得过松鼠: 德玛西亚国际邀请赛
[347] 愿枕星河入梦: 区王杯
[348] 东方哥哥的小娇妻: 人家表示看不上德杯，弃权
[349] 好运必赢: 有武器不玩玩朗姆
[350] 星月亮起来: 秀麻了
[351] 何必在噫: S赛是不是十月开始
[352] 断云依: 世界赛10月15
[353] Yang21: 狼母敢举就被a死
[354] 仓鼠打得过松鼠: 弃权就下一个啊
[355] 卡布达: 中路对线要掉一塔了怎么玩
[356] 仓鼠打得过松鼠: 总有人会来，给钱的
[357] Legendary゛: 输的今天放假，赢的明天放假
[358] 鱼跃龙门者: 中路 对线太烂了 这把
[359] 青醉沉睡海底: 正方形打野
[2026-08-28 19:54:26] 已刷新 /Users/ad/Documents/polymarket/reports/intel_danmu_live_lck_bro_bfx_2026-08-28.html（4690 条弹幕）
[360] 1349787092yy: 弱杯了
[361] 骑马的感觉爽: 66666666
[362] 浩酱: 弱悲
[363] 西一崔丝塔娜: 对线中塔就没了怎么玩
[364] 11111: 决胜局就得拿绝活啊
[365] 符文法师伊泽瑞尔: 3:2
[366] 潙你弹楱肖綁地液浀: 只能看团战了
[367] 九制陈皮lemon: 为什么第二把第三把bfx就跟人机一样呢
[368] 浴血父老歌: IG17分钟推高低了
[369] 欧巴欧巴: 悲哀啊
[370] 守望者11: 这把不出意外一个资源没有
[371] 雅阁男孩: 老张好像没休息好
[372] 阿花: 张神刚刚谁说BFX赢了
[373] CMG: BRO配第一？
[374] 宿雨留晚照: bfx底蕴还在 怎么说也进过先锋赛
[375] 下一頁詩篇: ？？？？？？？？？？？？？？？
[376] 仓鼠打得过松鼠: ✓XX✓✓
[377] 再度波起: 中路最奇葩莫名其妙跑去下路蹲个塔下的人
[378] 虎牙丶先生: 右边没了
[379] 【明镜亦非台】: ABBAA
[380] 我真的要减肥: 安妮这个英雄逆风一点用没有
[381] 网瘾少年: 勾叉叉gou g
[382] 西一崔丝塔娜: ✓✕✕✓✓
[383] 泛亚电竞丶小华: ✓XX✓✓
[384] 蟹老板儿你在抓子: 🪝❌❌✅✅
[385] 共郎登楼寝: √xx
[386] 小夫先生: 狗查查狗狗
[387] 迷茫的星宙: bro次次一到第五局就开始犯蠢
[388] TTBY: abbaa
[389] 骑马的感觉爽: AbbAa
[390] 我他妈巨型铁头姓.: √XX
[391] 仓鼠打得过松鼠: 老张你真是赌狗啊
[392] 萌黎丶: edg
[393] 我是一颗小虎牙: lpl走势
[394] 萌黎丶: edg
[395] 三千风灵: XG对局
[396] 我是一颗小虎牙: t1剧本
[2026-08-28 19:55:27] 已刷新 /Users/ad/Documents/polymarket/reports/intel_danmu_live_lck_bro_bfx_2026-08-28.html（4726 条弹幕）
[397] HZcsysm: 这就勾了？等下右边直接翻
[398] 萌黎丶: EDG夺冠
[399] A: 卡莎不是后期，你们这么云购啊？
[400] 公子世無双丶: 上把五杀忘了？
[401] 진 강: 刀妹逆风啥用
[402] 深深丶520: 说明英雄池深
[403] 阿花: 谁说BFX赢了要送魔法的
[404] X1ri爱吃鼻屎: 翻中翻要是赢了的话
[405] Angel是只布偶猫: 昨天3-1好吗
[406] 九制陈皮lemon: 昨天没打满
[407] 迷茫的星宙: 上次打kt也是开局就裂完，好不容易打回来又送了
[408] 愿枕星河入梦: 昨天哪打满了？
[409] 我是一颗小虎牙: ame走势
[410] 小夫先生: 打个锤子 上次打龙星哪里满 3-1带走的
[411] 做梦兄弟: 3:1ns
[412] 我是一颗小虎牙: bfx没打满啊 bro打满了
[413] 鸡蹄花鸡蹄花: 3-1赢农心，怎么打满？乱说
[414] 我是一颗小虎牙: 14分钟5000密码的
[415] Angel是只布偶猫: 昨天没打满
[416] Y樱花: kt就是这剧情
[417] 阿花: BFX赢了我送虎粮
[418] 世界第一男枪雨神丶: bfx打农星没打到第五局
[419] 教主: 卡莎一会一打五
[420] 愿枕星河入梦: 马处天天瞎说
[421] 潙你弹楱肖綁地液浀: 经济差全在上中野
[422] 我是一颗小虎牙: bfx昨天不是3:1吗
[423] 宿雨留晚照: 是bro把把打满 bfx昨天没有
[424] 安静: 昨天不是农信彩笔？
[425] 仓鼠打得过松鼠: 哈哈哈哈哈哈哈
[426] 忍刺: 硕硕今夜未到乡怎么不送礼物了？硕硕今夜未到乡怎么不送礼物了？
[427] 十年饮冰难凉热血: 昨天3-1，哪来点打满
[428] A: 刀妹后期这么脆进团直接暴毙死刑
[429] 雪漫动漫天尊: 逗逗你的走势
[430] 爱你丶无期。  ♣♣: 赌王老张
[431] 轻描＆淡写: 哈哈
[432] 守望者11: bfx随便赢了
[433] 1349787092yy: 三路爆炸啥都不用干能滚一万
[434] Sdn只是一条蛆: 老张我想成为你一样优秀的人我应该怎么做
[435] 九制陈皮lemon: 等卡莎狂c
[436] 无妨、我会出手: 还真没说错 赌狗
[437] 九制陈皮lemon: 卡莎能c
[438] phxian: 骚硕
[2026-08-28 19:56:27] 已刷新 /Users/ad/Documents/polymarket/reports/intel_danmu_live_lck_bro_bfx_2026-08-28.html（4769 条弹幕）
[439] kimjisoolimyoona: 晚上有lec吗
[440] 我是一颗小虎牙: 因为赌狗看谁都是赌狗 直接封了
[441] 仓鼠打得过松鼠: 卡莎梦里能C
[442] 我是一颗小虎牙: 老张，成都欢迎你
[443] 十年饮冰难凉热血: bro拖不住了
[444] 无妨、我会出手: 明天T1对手出来了吗
[445] 蟹老板儿你在抓子: 有shifter
[446] 星月亮起来: 亏麻了
[447] 必固雨雪来: 这是人啊我草
[448] 1349787092yy: 运营麻了
[449] 小暖兔: bro是不是连着两次2比1领先被翻盘
[450] 小雪烤地瓜: 等死？
[451] Trendworship: 右边走远了
[452] 女伴褐: 十分钟就他么领先五千了，还打个毛啊
[453] 川流不息的晨晨: 如果按照规律，应该是abbab才对哦
[454] 96lineFaker: 慢慢运营
[455] 刘珂蒙恬马西西妲己吧: 这维克托无敌了
[456] 十年饮冰难凉热血: 这滚经济的速度，bro遭不住了
[457] 好运必赢: 上路直接给 扫码人机
[458] 你微笑时很美、: 硕硕你昨天不是去说礼拜天有lec吗，咋今天又有了
[459]  ZJZzzz: ？？？
[460] 吾生惊睡觉: 老板把根本之宝盖老张屁股上
[461] 余萌芽: ？？？？
[462] 磊磊xhxb: 老张的战衣不会洗的
[463] 我在必我故: ？
[464] 진 강: 以前就是星期四换牛腩环节了
[465] 仓鼠打得过松鼠: 网页看可以吗
[466] 轻描＆淡写: 张➗
[467] 初漠念恋flQ: 啊
[468] 我是一颗小虎牙: 放龙吗
[469] 1349787092yy: 啥都没干家要没了哈
[470] 青醉沉睡海底: ？？？
[471] 余萌芽: ？？？
[472] 悲伤的夜猫: 右边中野太菜了
[473] 悟: 老张，lec今天谁打谁？
[474] 东方哥哥的小娇妻: 张硕可以紧紧我吗
[475] 解说之王毛大牲: clear进步挺大啊
[476] 刘珂蒙恬马西西妲己吧: 这维克托电麻了
[477] 骚硕除三害: 老板把根本之宝盖老张屁股上
[478] 星月亮起来: 后期也输不了四核
[479] 余萌芽: 花钱买弹幕？？
[480] 小雪烤地瓜: 乌龟等死局
[481] 我是一颗小虎牙: 老张你来成都你会更优秀
[482] 悟: 老张，lec今天谁打谁
[483] 我是一颗小虎牙: 老张你来成都你会更优秀
[484] 小雪烤地瓜: 就是要打得久剧本，显得不菜。
[485] Yuanlisted: 硕宝宝好帅
[486] 六月别困: 想找个像老张一样的老公，去哪里找啊
[2026-08-28 19:57:27] 已刷新 /Users/ad/Documents/polymarket/reports/intel_danmu_live_lck_bro_bfx_2026-08-28.html（4817 条弹幕）
[487] 没事看看直播也不错: 老张家里跟工作室一样啊，是要组战队吗
[488] 悟: 老张，lec今天谁打谁
[489] 九制陈皮lemon: 豹女领先好像没啥用
[490] 一岚丶: 今天有lec吗？
[491] 小雪烤地瓜: 就是要打得久剧本，显得不菜。
[492] Xskywalker741: BFX遇到we这阵容就不行了
[493] seeker: 拖住有机会
[494] 愿枕星河入梦: bro天天玩这种，要赢送输，早赢kt不就没事了
[495] 帽运技瓦: 别人或许有机会，teddy一定会让你失望的
[496] 传奇恐龙多兰: 朗姆呢
[497] 电子神: 翻了哥在哪儿
[498] 刘珂蒙恬马西西妲己吧: 豹女给我站好岗
[499] 小雪烤地瓜: 就是要打得久剧本，显得不菜。
[500] YeyeyeOrye: 基本没什么机会了
[501] 蓝色: 拖住就行  豹女后期没用  卡莎无敌
[502] Ray、: ？？？？
[503] 传奇恐龙多兰: 感觉狼母打团也有画面
[504] 没事看看直播也不错: ？？？？？？？？
[505] 快乐分享哲: 有群吗
[506] 非独天地之施: 右边在干什么
[507] 我是一颗小虎牙: 我想找一个像老张一样的女朋友有办法吗？
[508] Ray、: 这阵容 打解说杯都费劲
[509] 星月亮起来: 这刀妹无人之境无敌
[510] 好运必赢: 上路有放空
[511] 我是一颗小虎牙: 涅槃阵容
[512] 非独天地之施: 落后不打架啊
[513] 纯黑: 朗姆哪个赛区胜率都好低
[514] 我是一颗小虎牙: 我想找一个像老张一样的女朋友有办法吗？
[515] 被庄家盯上的人: BRO这个中路老演员了
[516] 学长爱睡觉: 辅助二哥
[517] 磊磊xhxb: 没人打辅助
[518] 小雪烤地瓜: 就是要打得久剧本，显得不菜。
[519] ℡遺忘ゞ: 教练马铁
[520] 居敬绕堤沙: 组这几个人今年冠军了
[521] lupo: 辅助大🐶
[522] 云雾妇: 辅助谁呀
[523] 急需安装直播专用猫: 中单不是兮夜.吗？
[524] 我是一颗小虎牙: 我想找一个像老张一样的女朋友有办法吗？
[525] 我是一颗小虎牙: 我想找一个像老张一样的女朋友有办法吗？
[526] 十年饮冰难凉热血: 组战队，打德杯
[527] lupo: 五区 兄弟
[528] 1349787092yy: 刀妹可以一打二了
[529] 非独天地之施: 还在鬼，不抓人
[2026-08-28 19:58:28] 已刷新 /Users/ad/Documents/polymarket/reports/intel_danmu_live_lck_bro_bfx_2026-08-28.html（4860 条弹幕）
[530] 小虎牙-DEZW0C2GPV: 老张今天吃饱了
[531] 悲伤的夜猫: 右边输在中野
[532] 空岛旅馆: LCK就是演戏天天打满
[533] 蠻衣海鞘: 二哥打辅助马铁当教练
[534] ℡遺忘ゞ: 辅助肯定二哥啊
[535] 看尽犬瘟热: 右边在完成大表任务
[536] 衡山路耗子: 团战阵容不敢打？
[537] 好圆的蛋蛋: 卡沙 这种英雄 前期没优势 还有啥用？？
[538] 1349787092yy: 三路爆炸没得玩
[539] 小雪烤地瓜: 点了吧
[540] 非独天地之施: 去抓人啊右边
[541] 白衣洛阳: 你挡尼玛呢
[542] 好圆的蛋蛋: 给他几个赏金 后期也随便打 左边
[543] 俞秋鱼: bin能不能掏一手刀妹？
[544] 小雪烤地瓜: 就是要打得久剧本，显得不菜。
[545] 东来东往: 就是啊，搞的勇哥天天这么劳累
[546] Legendary゛: BFX感觉比KT厉害啊
[547] Yang21: 泰迪这赛季也劳累
[548] 小雪烤地瓜: 就是要打得久剧本，显得不菜。
[549] 守望者11: 前几把暴打这把不能暴打了
[550] 非独天地之施: 20分钟还在刷小斌
[551] 风吹马努斯: 能赢两局就不错了，ai在就别想
[552] 灬丶xiao崽ˉ♡: 勇哥换队换对了
[553] 郢路行穹跨: 因为都是假赛啊，安排好的剧本
[554] 商业观众: 没用，进去也是给T1充电
[555] 磊磊xhxb: 那明天打T1不留点秘密武器怎么赢
[556] 1349787092yy: 8:1结束
[557] 非独天地之施: 还一直在打单机
[558] 小雪烤地瓜: 就是要打得久剧本，显得不菜。
[559] 没事看看直播也不错: 泰永今天躺了两把啊
[560] 小虎牙-iVGlV2DyQy: 卡莎能力挽狂澜吗
[561] essmirol: t1上中野打得过bfx上中野吗
[2026-08-28 19:59:28] 已刷新 /Users/ad/Documents/polymarket/reports/intel_danmu_live_lck_bro_bfx_2026-08-28.html（4892 条弹幕）
[562] 你看天上有菊花: 6千了
[563] 微小姿势: 感觉T1打不过这两队啊
[564] 再回首【过雨云烟】: 中路补刀补出了2200经济差
[565] 非独天地之施: 一直在打单机
[566] 重本有台: 哈哈哈哈哈哈
[567] 小虎牙-SuvDaEmECh: 那个是日星 替补
[568] 非独天地之施: 右边在干什么
[569] 我是一颗小虎牙: 订商k
[570] 空岛旅馆: 订包间
[571] 马烧麦冰之恋: ktv
[572] 宁其归敝庐: 冷知识只要不承认打假赛就没问题
[573] 南方: 打赢一波就翻
[574] 用心生活: 妈的，非得落后一万才能找机会吗
[575] Yang21: 卡莎对着线6k了
[576] 小雪烤地瓜: 就是要打得久剧本，显得不菜。
[577] 衡山路耗子: 怎么不打团啊
[578] 你不吃飯嗎: 已经开始选菜了
[579] 寒风夏梦: 点个商k
[580] 蓝色: 右边阵容值5000，所以现在 只能落后1000
[581] 衡山路耗子: 尼玛
[582] 学长爱睡觉: 是啊 吃什么
[583] 非独天地之施: 20分钟一直打小斌，一直打单机20分钟真服了
[584] Ray、: 到底谁传的韩打假赛 坐牢的
[585] 没事看看直播也不错: 剑阵一开，不掉血啊
[586] 1112735594yy: 饿了吗和美团？
[587] ℡遺忘ゞ: 韩国有商k这说法吗？
[588] 好小姐: 翻了
[589] 小皮皮: 维克托很猛
[590] 喜欢吃低保: 开一波啊狐狸 等死吗
[591] 我是一颗小虎牙: 慢性死亡
[592] 风在吹故事再继续: 打架行吗？
[593] 改名只为中电视666: 看看t1选谁
[594] 果汁纯8纯: 泰神能相信你吗？上个决胜局的卡莎也是巨肥没赢
[595] 愿枕星河入梦: 商k是吧
[596] 好运必赢: 右边在等死吗
[597] 我是一颗小虎牙: 网红店和路边摊
[2026-08-28 20:00:28] 已刷新 /Users/ad/Documents/polymarket/reports/intel_danmu_live_lck_bro_bfx_2026-08-28.html（4928 条弹幕）
[598] 迷茫的星宙: 这中野辅三个人在塔下挂机是怎么想的
[599] 东来东往: 豹女进蝎子野区太简单了
[600] 沙漏-: 人家又不商K
[601] 得紫邊: 翻了哥可以进场了
[602] 我是一颗小虎牙: 这2队也是顶级🐢
[603] 世界第一男枪雨神丶: 再点个商k
[604] 没电了的电老鼠: bfx要连着打三天啊
[605] 愿枕星河入梦: 又在引导
[606] 菊花jjkgf: 炸酱面，糖醋肉和泡菜标准餐
[607] 衡山路耗子: 一直带线干嘛呢
[608] 豆花面蟹肉汤包: 赢得明天打T1？
[609] 衡山路耗子: 直接团啊
[610] Yellow-jack: 管泽元后续怎么处罚
[611] 小雪烤地瓜: 右边真是不敢抓人
[612] 宁其归敝庐: 韩国是读博大国，打打加塞怎么了
[613] CMG: 马上1W
[614] 小雪烤地瓜: 就是要打得久剧本，显得不菜。
[615] 蓝色: 看吧 早说了 能翻
[616] 我是小明啊Zz: LCK等级森严   T1肯定谁都能打
[617] 衡山路耗子: 三个人团什么
[618] 衡山路耗子: 离谱
[619] 樱花庄的另一位居民: 拉开拉开！
[620] 喜欢吃低保: 蛆一样
[621] 愿枕星河入梦: 翻你大爷
[622] 风吹马努斯: 是不是ai
[623] 好运必赢: 真的是人机 毫无走位
[624] 父老36282: 维克托爽局
[625] 疯: 我屏幕里有你吗？
[626] 悲伤的夜猫: 人机哥幽默
[627] 小雪烤地瓜: 右边是什么狗屎
[628] 浩酱: 翻？翻？
[629] 衡山路耗子: 就是不团
[630] 樱花庄的另一位居民: 拉开拉开！别打！！！
[631] 奇异甜食x99: ai像个人机
[632] 香飘飘喜鹊: 右边是什么狗屎
[633] 安静: 定到死
[634] AAFFKK: 小霸王学习机形态
[2026-08-28 20:01:29] 已刷新 /Users/ad/Documents/polymarket/reports/intel_danmu_live_lck_bro_bfx_2026-08-28.html（4965 条弹幕）
[635] 洪西羿学: 这是人吗
[636] 重本有台: 转人工
[637] 夏雨初晴: 安妮像faker
[638] 南方: 你麻痹对位落后3k 一个大件
[639] 被庄家盯上的人: AI老演员了
[640] 浩酱: 豆包
[641] 湖边水库123: 高手哥进场
[642] 小虎牙-DEZW0C2GPV: 老张今天吃饱了
[643] 用心生活: 马上1万了，还不找机会，真尼玛怕背锅
[644] 演员请准备: 恢复出厂设置了
[645] 愿枕星河入梦: 20分钟八千，打个闪就说翻
[646] CMG: Ai 没错啊
[647] 潙你弹楱肖綁地液浀: 技能全吃
[648] 浩酱: 豆包人工智障
[649] ℡遺忘ゞ: ai没续费算力啊
[650] 小雪烤地瓜: 逼事不做落后8k了
[651] 湖边水库123: 翻了哥进场
[652] 风吹马努斯: 他落后3千是人能干的
[653] 学长爱睡觉: 宕机了
[654] 空: 心态炸了
[655] neinnein: 4:1？？？
[656] fvcfwgg: 来个5比4
[657] 樱花庄的另一位居民: 拉开拉开！别打！
[658] 我是一颗小虎牙: 保枪全让给我保住9.5
[659] 向天再借5厘米123: 安妮像faker
[660] 小虎牙-xup90Th6KQ: 豆包说这波不该吃滑踩
[661] 溜溜的小峰峰: ai相当于edg的bulldog
[662] 迷茫的星宙: bro每次决胜局都这样的，上来不会打了就
[663] 仓鼠打得过松鼠: 哈哈哈哈哈哈哈🤣
[664] liut8868: 发黄牌了
[665] 樱花庄的另一位居民: 保持足球比分
[666] 木朽橙汁3: 好怂的队啊
[667] 俟我几封书: 哈哈哈
[668] 守望者11: 逼大龙一波算了
[669] 急需安装直播专用猫: 保护情姐
[670] 夏雨初晴: 安妮像faker
[671] 向天再借5厘米123: 老张急了 哈哈哈
[672] NiangLeHippie: 中路一塔掉的太早了，太被动了。
[673] 胖虎家的鑫仔: 直接关
[674] sh1ro要拿金贴阿: 老张 想当大主播就不要封观众
[675] 2090513492yy: 这还用警告？不是直接1年？
[676] Yang21: 好久没见奔驰哥了
[677] 溜溜的小峰峰: 偶尔能闪光，大部分都是挨打
[678] 香飘飘喜鹊: 狐狸怎么输？我想写本书。
[2026-08-28 20:02:29] 已刷新 /Users/ad/Documents/polymarket/reports/intel_danmu_live_lck_bro_bfx_2026-08-28.html（5008 条弹幕）
[679] 我爱机枪兵: 晴姐，给我一次吧
[680] 仓鼠打得过松鼠: 保护！
[681] 我是一颗小虎牙: 喊清洁还给100吗
[682] 忍刺: 保护安妮
[683] 刀板上的鱼: 张硕今天 LEC 2个BO3么
[684] 落叶: 哈哈 只是说了实话而已
[685] 苏子浩: 保护晴姐
[686] 天高马如龙: 4：1差八九千经济
[687] 夜微凉: 保护情姐
[688] phxian: 晴姐硕啥了
[689] 学长爱睡觉: 保护直播间唯一的女粉
[690] 溜溜的小峰峰: 比heru要好一点
[691] 悟: 晴姐被老张拿捏了
[692] 好运必赢: 4-1落后八千 神人队伍
[693] 我是克莱文: 哈哈
[694] 十年饮冰难凉热血: 足球比分，然后八千差距
[695] Derek: 明天T1也要打满，太菜了现在这个T1
[696] 向天再借5厘米123: 张神我错了
[697] 我是一颗小虎牙: 右边这阵容要打团啊
[698] 1349787092yy: 啥都没干八千了哈哈哈
[699] ttaiqy: 送她365
[700] 无妨、我会出手: 保护
[701] 六月别困: 保护大家的晴姐
[702] 浪子: 右边手太短了
[703] 来去发几枝: 二塔都没了这他妈不打大龙一波？
[704] 小豪00: 3个头差8k？
[705] 蘑菇: 来个0换5一波
[706] 草丶: 实话不让说
[707] 愿枕星河入梦: bro就不配赢，赢团不拿小龙
[708] 진 강: 刷啥了
[709] 骚男锝弟弟: 别说我晴姐
[710] 再次屹立巅峰: 老张能不推广告吗
[711] 城北小雷: bro 真的菜b队 白相信了
[712] 我是一颗小虎牙: 4-1怎么能领先8K的？
[713] 草包斌: 叫声晴姐，每人
[714]  ZJZzzz: 哈哈哈哈
[715] 草包斌: 叫声晴姐，每人
[716] 我是一颗小虎牙: 4-1怎么能领先8K的？
[717] 草包斌: 叫声晴姐，每人
[718] SageBurke: 哈哈
[719] 红狐狸: 哈哈哈哈哈哈哈哈
[720] 惜月: 看看clear打多兰什么表现了
[721] 我是一颗小虎牙: 一直带什么啊，右边阵容团战容错率很高的啊
[722] 学长爱睡觉: 保护直播间唯一的女粉
[723] 小雪烤地瓜: 真🐢
[724] 11111: 人家晴姐发咋了
[725] 我是一颗小虎牙: 4-1怎么能领先8K的？
[726] 余萌芽: 说啥了？？
[727] 2090513492yy: 晴出好似
[728] 香飘飘喜鹊: 嗯嗯。狐狸怎么输？我想写本书。
[729] 灬丶xiao崽ˉ♡: 挑衅？
[730] 居敬绕堤沙: 敢骂张出的爹
[731] 葛饰北斋: bro也是第一个备战区区杯的啊
[732] 酸奶: 这安妮像大飞[大哥]
[733] 风头肯登攀: 果然事实最伤人
[734] 无妨、我会出手: 明天见分晓 给青姐道歉吧等着
[735] 十年饮冰难凉热血: 神人队伍4-1，差距八千，神了
[736] 每一天都一样: 我的天啊
[737] 星月亮起来: 刀妹好舒服
[738] 守望者11: 大龙一波算了
[739] 3、1415926等等: 折磨
[740] 刘俊生透刘波: 说张处爹了，肯定要进去，哈哈哈
[741] 我是一颗小虎牙: 保护清洁
[742] CMG: 等死
[743] 衡山路耗子: 带线带死了
[744] 北慕亨亨: 遛狗
[745] 小皮皮: 这就一万了
[746] 学长爱睡觉: 保护直播间唯一的女粉
[747] 八级大狂风基操: 右边一直不开，一直亏
[748] phxian: 人人都是晴姐
[749] 高意尽东倾: 像就像呗，那咋滴了，安妮也没有6冠啊，飞科在拉也是6冠王啊
[750] 胖虎家的鑫仔: 你们这些4⃣️黑子
[751] 偶尔变而之死: 落后一万还在补兵，点了吧
[752] 父老36282: 4-1领先一万
[753] 大小姐的绯闻男友: 这是足球比赛吗
[754] 我是一颗小虎牙: 4-1怎么能领先8K的？
[755] 记得和三三说晚安: 人家说实话你给人家一年干嘛
[756] 衡山路耗子: 这玩啥呢
[757] Bcbhd: 我要吃晴姐黑金鲍
[758] 得紫邊: 你说嘴巴嘟嘟
[759] 没电了的电老鼠: 第一个备战区王杯的出线了
[760] 被庄家盯上的人: 请问蝎子放过大吗
[761] 我是一颗小虎牙: 4-1怎么能领先8K的？
[762] 皮尔卡宋: 保枪游戏
[763] 香飘飘喜鹊: 狐狸速速给我开大龙，结束了。
[764] sh1ro要拿金贴阿: 老张你别封我 好像确实有点像 有一把安妮就是
[765] 守望者11: 着不会还要打到龙魂去把
[766] 1349787092yy: 遛狗
[767] 我是一颗小虎牙: 4-1怎么能领先8K的？
[2026-08-28 20:03:29] 已刷新 /Users/ad/Documents/polymarket/reports/intel_danmu_live_lck_bro_bfx_2026-08-28.html（5097 条弹幕）
[768] 小厮ggg: 怎么还有捞野狗盯着黑的
[769] sh1ro要拿金贴阿: 老张你别封我 好像确实有点像 有一把安妮就是
[770] 大师我真的悟了: @椿湫iu 安妮是你叠
[771] Consummate: 泰迪还在打 a
[772] 迷茫的星宙: 这怎么能落后一万的
[773] 宁不空: 选KT啊  KT现在垃圾
[774] 被庄家盯上的人: 1-0都能领先一万
[775] 小厮ggg: 怎么还有捞野狗盯着黑的
[776] 超梦来把铁男: 能选谁，他也不敢选其他的啊
[777] 教主: 我记得勋的豹女经常领先1万被翻盘
[778] 开心溜溜球: 保抢有毛病？
[779] 小夫先生: 豹女是自己没有野区吗 怎么都在红色方打野
[780] 青醉沉睡海底: 选kt吧
[781] 小夫先生: 哈哈哈哈哈哈
[782] 小虎牙-DEZW0C2GPV: 别封我晴姐
[783] 小厮ggg: 怎么还有捞野狗盯着黑的
[784] 非独天地之施: 右边直接睡觉吧
[785] 十年饮冰难凉热血: kt在怎么样 都比bfx强啊
[786] 衡山路耗子: 一直不团
[787] Bcbhd: 晴姐黑金鲍超好吃的
[788] 非独天地之施: 打什么
[789] 衡山路耗子: 玩尼玛
[790] 香飘飘喜鹊: 狐狸速速，给我开大龙结束吧。
[791] 月露萌娃: 放过
[792] z: KT是专属充电宝
[793] 被庄家盯上的人: 中上光补刀就差五千了
[794] 猥琐发育我来c: 打bdd我怕中路被突破哦
[795] 学长爱睡觉: 保护直播间唯一的女粉
[796] 身浅: 对面都出不来，为什么不逼大龙
[797] 非独天地之施: 打单机了右边
[798] 傲娇追猎者: 劣势就开龟，不如点了
[799] 青衫剑首: 还说不一定比fx能赢呢，万一泰迪暴走了一波呢，卡莎我相信还是
[800] 世界第一男枪雨神丶: T1今年bo5输过bfx
[801] 我是一颗小虎牙: t1要赢还得上中野舒服
[802] LuLu13: 肯定选kt啊，进世界赛的充电宝
[803] 记得和三三说晚安: 安妮像飞科
[804] 守望者11: 拖龙魂吗
[805] 宁不空: BFX现在气势正盛
[806] 晓之月: 肯定 kt，少爷稳吃鸡窝
[807] 踢万哥: 打这两队下路打不赢也不用打了
[808] 听说改名能中奖: 泰迪好惨啊，又成机长了
[809] phxian: 骚硕 晴姐说啥了
[810] 青衫剑首: 有机会的。
[811] 犹告汤元: 假赛
[812] 小雪烤地瓜: 就是要打得久剧本，显得不菜。
[813] Yang21: 不如选kt，让小k去虐人机
[814] 安静: 选kt
[815] 小样: kt下路更好打
[816] HZcsysm: 反正最后是一号种子，选谁都一样
[817] 葛饰北斋: 我感觉最好选kt，bfx有上限而且好久没交手过了
[818] 用心生活: 人家一冲，就让塔，然后跑，真尼玛怕背锅
[819] Thesaviour: 别选kt，永远不要低估一颗冠军的心
[820] 余萌芽: 劣势不龟干嘛？？？
[821] Mr-ZhangChen: 明天T1不一定打的过bfx
[822] 我是一颗小虎牙: 不到龙魂绝不打架，猥琐到底
[823] fall: 不是bro犯病 ，kt早滚了
[824] 风头肯登攀: t1这个队 下路好突破就行了 啥状态心里没点逼数吗
[825] 丨眼缘丨: kt就靠西柚贼贼
[826] 无妨、我会出手: 不能选KT
[827] 赤壁曰灵均: KT有BDD跟CUZZ的强力中野组合
[828] Y樱花: 别总调戏张姐
[829] 大帅逼: 打kt中上野被突破
[830] 小麦搞笑鸡: 期待兰子明天亮剑
[831] 小厮ggg: 怎么还有捞野狗盯着黑的
[832] 东方哥哥的小娇妻: 万一t1像死狗一样被bfx一脚踢死了怎么办
[833] CMG: 还是电龙
[834] 丨眼缘丨: kt就靠西柚贼贼
[835] 记得和三三说晚安: 哈哈哈
[836] Bcbhd: 晴姐黑金鲍超好吃
[837] 满园竹影狐: 小张，姨岁数大了，下次能轻点吗，老霸道了
[838] 微小姿势: 冷知识，oner第一赛段被raptor爆杀，T1才去不了香港
[839] 卢卡胖77: 把晴姐放出来
[2026-08-28 20:04:30] 已刷新 /Users/ad/Documents/polymarket/reports/intel_danmu_live_lck_bro_bfx_2026-08-28.html（5170 条弹幕）
[840] ●．.─━Manぃ囄开ヴ: 充炸了是不记得了
[841] 微小姿势: 冷知识，oner第一赛段被raptor爆杀，T1才去不了香港
[842] 非独天地之施: 25分钟单机，一波结束右边是人在玩么
[843] z: 没几个稳定兰子打得过的上单把
[844] 邅吾万里霜: bro脑残阵容吧，全员手短，清线能力也没有
[845] 改名只为中电视666: 第一赛段t1打不过bfx
[846]  ZJZzzz: 选KT，兰子直接崩
[847] 想请你抽雪茄丶: 今晚有lec吗
[848] 守望者11: 这在拖什么
[849] 晨曦点点: 刀妹牵制，左边能烦死
[850] 天下: 都她妈1万经济了
[851] 爱你丶无期。  ♣♣: @赤壁曰灵均 垃圾下路怎么打t1哈哈
[852] 小雪烤地瓜: 逼事不做落后一万
[853] sh1ro要拿金贴阿: 老张 这状态的BFX T1能打得过吗
[854] Derek: T1这个状态被踢死是正常的
[855] 浩酱: 弱悲
[856] sh1ro要拿金贴阿: 老张 这状态的BFX T1能打得过吗
[857] 阿宝弟: 这么猥琐不如投降
[858] 邅吾万里霜: bro脑残阵容吧，全员手短，清线能力也没有
[859] 香飘飘喜鹊: 速速大龙，速速大龙。
[860] sh1ro要拿金贴阿: 老张 这状态的BFX T1能打得过吗
[861] 想请你抽雪茄丶: 今晚有lec吗
[862] 迷茫的星宙: ai不会玩这种节奏英雄，他就会刷子中单
[863] 父老36282: 维克托爽局哈哈
[864] 每一天都一样: 离谱
[865] 小虎牙-3aNeTgI8cp: 能不能别一直放广告
[866] 守望者11: 还不大龙？
[867] 被庄家盯上的人: 早就说了蝎子没赢过
[868] 浩酱: 是谁说的翻
[869] 微小姿势: 冷知识，oner第一赛段被raptor爆杀，T1才去不了香港
[870] 樱花庄的另一位居民: 球进了！
[871] 南方一条羊: 玩个毛 打人机呢
[872] 理财大师就是我: 享受说是
[873] 96lineFaker: 逼龙啊
[874] 卡农爱迪生: 这个真的看的太恶心了
[875] 小厮ggg: 怎么还有捞野狗盯着黑的
[876] 想请你抽雪茄丶: 今晚有lec吗
[877] fvcfwgg: 5比1了，马上5比5哈哈
[878] 邅吾万里霜: bro脑残阵容吧，全员手短，清线能力也没有
[879] 2090513492yy: 老张你觉得这把bro问题出在哪？真的无解嘛
[880] 11111: T1不一定打得过这个队伍啊/
[881] 尼古拉斯小凯6: 晴姐说安妮像大飞
[882] 醉卧美人膝飞翔: t1会选bfx，但是打不过bfx。
[883] 香飘飘喜鹊: 大龙一拿我都不知道怎么输，狐狸牛逼。
[884] CMG: 马上2万
[885] Bcbhd: 晴姐黑金鲍超好吃
[886] 守望者11: 有什么好拖的
[887] 风头肯登攀: 5-1一万经济 神人比赛
[888] 1349787092yy: 毫无游戏体验
[889] 恶心🤢: 把晴姐放出来
[890] 蘑菇: 准备放基地
[891] BBus: 张神我能在北京看见t1吗
[892] 我是一颗小虎牙: 马的，垃圾
[893] 改名只为中电视666: 遇事不决开大龙
[894] 新霜铺就未来路: 什么都放？
[895] 想请你抽雪茄丶: 今晚有lec吗
[896] 洪西羿学: 没搞懂右边第四把开始演戏
[897] 帅帅帅欧洲人: G了
[898] 先生: 放了？？？
[899] 我是小明啊Zz: 随便打
[900] 余萌芽: 感觉打不过
[901] 惨叫鸡的哭声QAQ: 商务接多了
[902] 禅意丶: 就放了
[903] 宁不空: 还是选KT稳
[2026-08-28 20:05:30] 已刷新 /Users/ad/Documents/polymarket/reports/intel_danmu_live_lck_bro_bfx_2026-08-28.html（5234 条弹幕）
[904] 商业观众: t1除非想打区王杯，否则怎么输啊
[905] 我是一颗小虎牙: 如果没打过会有败者组吗
[906] 五孔闸瑞兹: 不训练肯定菜啊
[907] 我是一颗小虎牙: 如果没打过会有败者组吗
[908] 热心市民: t1有复活甲吗 老张
[909] 悟: 老张，lec今天谁打谁
[910] 大王请吃鱼: 担心个屁
[911] Derek: 有本事放电龙魂
[912] 十年饮冰难凉热血: 5-1，差距一万
[913] 我是一颗小虎牙: 如果没打过会有败者组吗
[914] 磊磊xhxb: 你不需要担心
[915] Xu哈: 肯定选kt阿
[916] 鲨鱼SharKing丶: 老张开始奶了？
[917] 青醉沉睡海底: 就看你兰出怎么送吧
[918] 谷孵鱼: 最后一把打这么怂？还不如直接投降
[919] 小虎牙-j8PPcl0Eoq: t1要赢几个bo5进世界赛主播
[920] 我是一颗小虎牙: 如果没打过会有败者组吗
[921] 潙你弹楱肖綁地液浀: 放不放假都菜
[922] ZHANG~: T1没复活甲？
[923] 悟: 老张，lec今天谁打谁
[924] 蘑菇: BRO全体听我号令 准备放基地 5-1结束比赛
[925] 大师我真的悟了: 上野怎么打得过bfx的上野
[926] 溜黄菜炸晃虾: 冷知识 是个打野都能薄纱现在的大O
[927] 仓鼠打得过松鼠: 老张几号解说
[928] 胖虎家的鑫仔: 没事，老张，明天必胜[拥抱][拥抱]
[929] 想请你抽雪茄丶: 今晚有lec吗
[930] 秋霞路庄周: 打不过就g呗
[931] TTBY: 放了握草
[932] 改名只为中电视666: 我感觉选kt捏小鸡
[933] 南方: 有种放电龙魂
[934] 快快乐乐: 放假活动太多累了吧
[935] AAFFKK: 没事输了去世区杯
[936] 大王请吃鱼: 不进最好 还担心
[937] 小麦搞笑鸡: 无所谓兰子必被丹砂
[938] 璟神: 好变态。
[939] 呢要哦涩: t1输了的话是不是世界赛都去不了
[940] 蘑菇: BRO全体听我号令 准备放基地 5-1结束比赛
[941] 我是一颗小虎牙: 可以一波了
[942] 安静: 当然选kt
[943] 大王请吃鱼: 不进最好 还担心
[944] 樱花庄的另一位居民: 放假=老李好久不打比赛=指挥不动了
[945] 我是一颗小虎牙: 不放假也是菜篮子
[946] Qri 夫人: T1肯定打不过，还用想
[947] 八级大狂风基操: 选个芮尔一直团没开过，游戏结束了
[948] 磊磊xhxb: 你只要担心多兰不被单杀
[949] 阿宝弟: 这是什么烂比赛区 什么都不敢打
[950] 父老36282: 别折磨了速度推
[951] 蜗牛-归来浪子: T1是慢热型
[952] 南方: 再10分钟决战吧
[953] 再度波起: 这优势给ig来都在拆门牙了
[954] Xu哈: kt下路菜肯定选kt
[955] 高意尽东倾: 不放假也菜啊老张
[956] 刀板上的鱼: T1 只要养上单 就输
[957] Yuanlisted: 打不过这个队可以解散了
[958] Yang21: 右边可以想想晚上吃啥了
[959] TTBY: 到不了16个头
[960] BBus: 想在北京看老李
[961] TTBY: 啥都放
[962] 一言横满天: 拖住啊
[963] 好运必赢: 一波团不打 就尼玛等死
[964] 霖: 有复活甲等复活就行了
[965] 我是一颗小虎牙: 这要打不过 也别去世界赛了真的
[966] z: 也不完全是放假吧  商务太多了
[967] 帅帅帅欧洲人: 右边直接被丢死
[968] Xu哈: kt下路菜肯定选kt
[969] 想请你抽雪茄丶: 今晚有lec吗
[970] 我是一颗小虎牙: 这要打不过 也别去世界赛了真的
[971] 葛饰北斋: bfx连赢两个bo5手正热，还是选kt吧
[972] 一言横满天: 拖住
[973] 磊磊xhxb: 只要多兰不被单杀就可以赢
[974] Xu哈: kt下路菜肯定选kt
[975] 以孤独命名: 6k 的打野
[976] 改名只为中电视666: 我感觉选kt捏小鸡
[977] YellowJesus: t1打区王杯流量不敢想
[978] 晨曦点点: 卡线，三路推进
[979] 东方哥哥的小娇妻: t1复活甲九条命吗？
[980] 十年饮冰难凉热血: 骑士之路闹麻了，涅槃全靠衬托
[981] 我是一颗小虎牙: 这要打不过 也别去世界赛了真的
[982] Y樱花: 16级打12级
[983] 我是一颗小虎牙: 那不怕，T1  16强都走到最后了
[984] Xu哈: kt下路菜肯定选kt
[985] 丨眼缘丨: kt  bfx过不去世界赛不用去了
[986] 我是一颗小虎牙: 那不怕，T1  16强都走到最后了
[987] 高意尽东倾: 不放假呢菜啊老张
[988] 教主: 这劲还落后500
[989] 丨眼缘丨: kt  bfx过不去世界赛不用去了
[990] 商业观众: 区王杯夺冠奖金其实比打世界赛要多的
[991] Xu哈: kt下路菜肯定选kt
[992] 嘉ye: 221三路推太贪了
[993] 丨眼缘丨: kt  bfx过不去世界赛不用去了
[994] 樹枝平底鍋: T1最后一场上周日打的 明天不算放假之后吧……
[995] youuuuuu: 又要开始蠕动进世界赛了
[996] 重本有台: 人头5:1但经济差一万，亏贼
[997] 白活: 20多分钟怎么差距1万啊？有没有这么夸张啊？
[998] Derek: 神人T1这一年一半时间在拍商务
[999] 我是一颗小虎牙: 那不怕，T1  16强都走到最后了，越打越好型
[2026-08-28 20:06:31] 已刷新 /Users/ad/Documents/polymarket/reports/intel_danmu_live_lck_bro_bfx_2026-08-28.html（5330 条弹幕）
[1000] 我是一颗小虎牙: 那不怕，T1  16强都走到最后了，越打越好型
[1001] 教主: 这太勇也不行啊
[1002] 小雪烤地瓜: 25分钟卡莎开过大吗
[1003] wi1d丶: 主播想看T1参加这次的德杯吗
[1004] 仓鼠打得过松鼠: 区王杯60万啊，也可以的
[1005] 迷茫的星宙: 泰迪000马上要输了
[1006] 愿枕星河入梦: t1缺奖金吗就？
[1007] 谷孵鱼: 最后一把这么怂，前面干嘛要赢？
[1008] 小方: 我真觉得t1要来打德玛西亚杯了
[1009] 人在Notion: 翻了翻了
[1010] 商业观众: 打世界赛还不一定夺冠，不如区王杯称大王
[1011] 浩酱: 翻了哥进场
[1012] 我是一颗小虎牙: 说了右边打团容错率很高的
[1013] SageBurke: 一波一波
[1014] 我是一颗小虎牙: 就是要单带
[1015] 小方: 其实已经打的不错了
[2026-08-28 20:07:31] 已刷新 /Users/ad/Documents/polymarket/reports/intel_danmu_live_lck_bro_bfx_2026-08-28.html（5345 条弹幕）
[1016] 浩酱: 一波一波
[1017] 寒风夏梦: 这不一波
[1018] 蟹老板儿你在抓子: 说了后期能翻
[1019] 九制陈皮lemon: 早点这么打，说不定都赢了
[1020] 迷茫的星宙: 早干嘛去了
[1021] 骑马的感觉爽: 66666666
[1022] Ludicrous: 早点开至于这样吗
[1023] AAFFKK: AI不敢开啊一直等队友开
[1024] 守望者11: 一波不了
[1025] 957 vx工作室: 早这么干至于这样。
[1026] 啸湖沙风、: 哈哈哈哈哈
[1027] 愿枕星河入梦: 高你大爷，看不完打团是吧
[1028] 得紫邊: 早说翻了
[1029] 11111: 翻了
[1030] 惨叫鸡的哭声QAQ: 这不一波？
[1031] 好运必赢: 早点打不就行了 就尼玛落后一万才打
[1032] Ming: 早就该硬开了 一直被动防守
[1033] 月下: 早这样还有点机会
[1034] 大师我真的悟了: 之前不开团等死
[1035] 新霜铺就未来路: 早该这样了
[1036] 迷茫的星宙: 前面不敢开，一直在那放
[1037] 数里而留之: 经济差太大了，早这么打早翻了
[1038] 谷孵鱼: 右边怕得要死，怂的要命，怎么赢？
[1039] Xu哈: kt下路菜肯定选kt
[1040] z: 两边上单都挺有战斗力的
[1041] 学长爱睡觉: 我早说了
[1042] 父老36282: 这能三换3
[1043] 大师我真的悟了: 早干嘛去了一直等死
[1044] Xu哈: kt下路菜肯定选kt
[1045] 鲨鱼SharKing丶: 这不一波？
[1046] Xu哈: kt下路菜肯定选kt
[1047] 晨曦点点: 维克托没开出来大招
[1048] 价格累计360: 杀一次豹女有希望
[1049] Xu哈: kt下路菜肯定选kt
[1050] 迷茫的星宙: 蝎子根本不需要大的，左边人很脆的
[1051] 八级大狂风基操: 如果落后五千的时候这样打，就翻了，落后一万再打，没用了
[1052] 蘑菇: 真TM恶心BFX 这么大优势不说5人推了 41都推了
[1053] 猥琐发育我来c: 安妮他妈的技能给重了
[1054] 没事看看直播也不错: 能坚持到下波安妮有闪，能翻
[1055] 带你去茶卡盐湖: 全程被运营结束  这种队比tt还恐怖
[1056] 父老36282: 维克托居然被秒了
[1057] 衡山路耗子: 这安妮怎么不走啊，服了
[1058] 愿枕星河入梦: 早说哥又来了
[1059] seeker: 这ai丝血还不走
[1060] 愿枕星河入梦: 早说哥又来了
[1061] 蘑菇: 你吗非要212的推 给人开的机会 真的恶心
[1062] 蟹老板儿你在抓子: ai都比ai有用
[1063] 寒风夏梦: 蝎子不应该大的
[1064] 开心溜溜球: 这不杀芮尔？
[1065] 小马哥哥: 豹女领先5k我r
[1066] 过的好吗1: 朗姆第一时间没有举烬
[2026-08-28 20:08:32] 已刷新 /Users/ad/Documents/polymarket/reports/intel_danmu_live_lck_bro_bfx_2026-08-28.html（5397 条弹幕）
[1067] 六月别困: 这个逼安妮丝血在哪里干嘛
[1068] 晨曦微露: ？
[1069] ℡遺忘ゞ: 大根来全吃了
[1070] sina_1udhmjl2fk: T1明天要虐BFX了
[1071] 城88888888: 大32很稳
[1072] 小老弟: 大根秒躺
[1073] 父老36282: 要拖时间了
[1074] 邅吾万里霜: 这个逼安妮丝血在哪里干嘛
[1075] 张神是对的: 礼物来直接被翻了
[1076] 一场唤不醒的梦: 火女丝血不走
[1077] 张神是对的: 礼物来直接被翻了
[1078] 我是一颗小虎牙: 礼物呢？礼物死不死？？
[1079] 我是一颗小虎牙: 礼物呢？礼物死不死？？
[1080] 教主: 中野两个人领先10000
[1081] 11111: 大根明年来LPL吧
[1082] 我是一颗小虎牙: 礼物呢？礼物死不死？？
[1083] 守望者11: 打32不稳的
[1084] 我是一颗小虎牙: 礼物呢？礼物死不死？？
[1085] 三节近却无: 鸡窝呢？
[1086] 青醉沉睡海底: 大根小学
[1087] 我是一颗小虎牙: 安妮是牲口
[1088] 蠻衣海鞘: 大根老了
[1089] 鲨鱼SharKing丶: 今天太勇想好什么庆祝动作了吗
[1090] 丨眼缘丨: kt  bfx过不去世界赛不用去了
[1091] 蜗牛-归来浪子: 大根老了
[1092] 到处游荡: 大根是谁？？
[1093] 愿枕星河入梦: 大根交闪送死
[1094] 草丶: 南大根现在比鸡窝还菜
[1095] 张神是对的: 礼物来直接被翻
[1096] Yang21: 绝对故意的
[1097] 南风LPG: 大根来倒欠两条命
[1098] 世界第一男枪雨神丶: 大根是谁
[1099] 没事看看直播也不错: 礼物哪个废物AD，更菜
[1100] 六月别困: 都说了大根LCK的污渍
[1101] 猥琐发育我来c: 安妮留大全杀了，维克托被举不是必死的吗，没金身，没闪现
[1102] 阿木木没有眼泪丶: 中野差一万什么意思
[1103] 寒风夏梦: 蝎子第一时间不应该给大 对面肯定先闪
[1104] nightfall: 蝎子假赛
[1105] 忍刺: 你辅助是莲子你也交不出来
[1106] CMG: 可惜不是EDG。翻不了
[1107] 再回首【过雨云烟】: 打野差4级
[1108] 南风LPG: 大根来倒欠两条命
[1109] Derek: 泰迪换Uzi翻了
[1110] 支持faker: 大根跟你差不多哈哈哈哈哈哈
[1111] 当时蛋散: 大32稳个毛
[1112] 2090513492yy: 喜欢看南小鸟的，可以去看tes比赛有代餐
[1113] 我是一颗小虎牙: 放一条狗上去都比安妮强
[1114] 南风LPG: 大根来倒欠两条命
[1115] Xu哈: kt下路菜肯定选kt
[1116] we蓝莓: 右边还有机会吗
[1117] 好运必赢: 中野两个人领先一万
[1118] 重来: 谁算第七名
[1119] 支持faker: 我说实说大根跟你一样
[1120] 孤城无霜: 还有一位 ad 应该也交不出来
[1121] 到处游荡: 大根是谁啊
[1122] 你不吃飯嗎: 大根比赛前喜欢奖励自己
[1123] 你大爷还是你大爷: 真的太乌龟了   能这么鬼的没有见到过
[1124] 庸细点: 大根是谁
[1125] 沙钱太平洋竹筴鱼: 这俩队不是刚打过吗
[2026-08-28 20:09:32] 已刷新 /Users/ad/Documents/polymarket/reports/intel_danmu_live_lck_bro_bfx_2026-08-28.html（5455 条弹幕）
[1126] 理财大师就是我: 翻了
[1127] SageBurke: 翻了
[1128] 南方: 翻了
[1129] SageBurke: 翻了翻了
[1130] 浩酱: 翻了翻了
[1131] 96lineFaker: 翻了估计
[1132] 人在Notion: 早说了翻了
[1133] 共郎登楼寝: 翻了
[1134] 我是一颗小虎牙: 翻了翻了
[1135] 父老36282: 做任务了我服了
[1136] 阿译: 翻了哥进场
[1137] Nick: 这个维克托真的演
[1138] 学长爱睡觉: 我早说了
[1139] 蟹老板儿你在抓子: 大光是人啊
[1140] 你大爷还是你大爷: 笑死人  丢人现眼啊牛逼了
[1141] 先生: 是人吗？这么演戏
[1142] 商业观众: 没用
[1143] 我是一颗小虎牙: 翻了翻了翻了翻了翻了翻了翻了翻了翻了翻了翻了翻了翻了翻了翻了
[1144] 我是一颗小虎牙: 翻了翻了翻了翻了翻了翻了翻了翻了翻了翻了翻了翻了翻了翻了翻了
[1145] 发剧本两个字被封365: ➖不看了
[1146] 守望者11: 这在干嘛
[1147] 寒风夏梦: 没用啊
[1148] Nick: 看到了还在装
[1149] 南风LPG: 大光给了两次
[1150] 落寞i: 翻了
[1151] 青醉沉睡海底: 太能送了bfx
[1152] 庸细点: 大根是谁
[1153] 莫轻敌cj: 我觉得有用
[1154] 菰纇: 大光要送？
[1155] 我是一颗小虎牙: +号有机会
[1156] 哈拉少不蛤拉少: 翻了哥
[1157] 阿木木没有眼泪丶: 中野差一万也是没谁了
[1158] Yang21: 早干嘛去了
[1159] 开心溜溜球: 司马的
[1160] 泛亚电竞丶小华: 干燥
[1161] 飞翔的小企鹅: 翻不了的
[1162] lupo: 守住！！
[1163] 独角U泥控: 翻不了一点
[1164] 过的好吗1: 卡莎装备不对劲了
[1165] 浩酱: 翻了哥跟随我进场
[1166] 断云依: 长痛局
[1167] 商业观众: 干燥干燥干燥
[1168] 重本有台: 大光蒸菜
[1169] 南风LPG: ？大光给了两次
[1170] 内拉祖里: 翻了翻了
[1171] 喜欢吃低保: 大头抢救一下
[1172] 城88888888: 就为了大时间
[1173] 一言横满天: 拖住
[1174] 小方: 但是卡莎确实是个能创造奇迹的英雄
[1175] 东方哥哥的小娇妻: 谁说没用，人头人物时间任务都有了
[1176] 重来: 谁管第七名，这把输了的还是看常规赛排名
[1177] 余萌芽: 这在干嘛？？
[1178] 香飘飘喜鹊: 张处你是多怕打狐狸。
[1179] 猥琐发育我来c: 泰迪又要出无尽了
[1180] 我是一颗小虎牙: 电龙魂
[1181] 宁不空: 大光有点装逼了
[1182] X1ri爱吃鼻屎: 看龙了
[1183] 小虎牙-j8PPcl0Eoq: 拿鸡毛翻
[1184] 泛亚电竞丶小华: 没用，干燥的人头
[1185] 换季的色彩丶: 落后1万,AD领先？？
[1186] 落寞i: 翻了，翻了
[1187] 愿枕星河入梦: 再送两波再说
[1188] 分析师财宝: 翻了后期卡莎无敌的
[1189] Toby: 龙魂结束了
[1190] 长照凉拌: 做任务罢了
[1191] 愿枕星河入梦: 再送两波再说
[1192] 蟹老板儿你在抓子: 再来一波5换5吧
[1193] 一言横满天: 求求头
[1194] 星月亮起来: 刀妹还没有来
[1195] 刀哥哥布林: 这Victor不做防装
[1196] AAFFKK: 涅槃一切都有可能
[1197] 嘉ye: 早早的41分推哪有这么多事，玩三路推
[1198] 安静: 你在想屁吃
[1199] 大师我真的悟了: 还是差那么多经济
[1200] 一人守一城一生爱一人: 打一波团灭都没用
[1201] 小马哥哥: 有个毛 马上电龙魂
[1202] 人在Notion: 不可能，左边电龙魂怎么输
[1203] 仓鼠打得过松鼠: 熬个时间罢了，放心看
[1204] 黑狗蛋O: 有看好BRO的吗
[1205] 父老36282: 为何不5人集合啊
[1206] 芜湖热心网友小孙: 记得dkvs三星吗
[1207] 爱你丶无期。  ♣♣: 大光真的傻，不出金身，你装什么
[1208] 我是一颗小虎牙: 电龙魂怎么整？？
[1209] 我在必我故: 小龙不等你啊
[1210] 世界第一男枪雨神丶: 有维克托，卡莎C不了
[1211] 我是一颗小虎牙: 电龙魂怎么整？？
[1212] 90铁混子: 蝎子抓三C有感觉吗
[1213] 一言横满天: 拖住 31 求求
[1214] 秦岚是我的: 别的赶紧推
[1215] 我是一颗小虎牙: 电龙魂怎么整？？
[1216] 一人守一城一生爱一人: 至少两波团灭
[1217] 无视一切芝士: 信泰迪c不如信母猪上树
[1218] 暮色醉逍遥: 卡莎还是太难操作了
[1219] 你不吃飯嗎: 大光没闪这么走位的？
[1220] Xskywalker741: 早别刷野了去打团何至于这样
[1221] 11111: 豹女死一次就被翻盘
[1222] ɑ蜨═殇: 有点机会，左边上野打团垃圾
[1223] 康康至尊: 翻了
[1224] 大师我真的悟了: 早点开团真的能赢一直不敢开团
[1225] X1ri爱吃鼻屎: 看龙能不能拿到了
[1226] seeker: 维克托被蝎子和狼母扯来扯去
[2026-08-28 20:10:33] 已刷新 /Users/ad/Documents/polymarket/reports/intel_danmu_live_lck_bro_bfx_2026-08-28.html（5556 条弹幕）
[1227] 守望者11: 真要拖龙魂阿
[1228] 小马哥哥: 马上电龙魂还50分钟40分钟都没有
[1229] 晨曦点点: 这维克托真菜，压塔下去了
[1230] 白活: 翻了啊这把
[1231] 我是一颗小虎牙: 牛逼这能打到大表
[1232] 没事看看直播也不错: 一波团灭就一波了啊，还翻个什么啊
[1233] 父老36282: 领先一万强行做任务
[1234] 康康至尊: 早说翻了
[1235] 一人守一城一生爱一人: 这么大优势抱团推就行了，喜欢分线
[1236] 城88888888: 为了大表
[1237] z: 得杀一次豹女先 才有机会
[1238] Haiking: 谢谢bro啊，能拖大时间了，
[1239] 香飘飘喜鹊: 张处怕T1打狐狸
[1240] 东方哥哥的小娇妻: 逆势卡莎出复活甲，。。。
[1241] 哈拉少不蛤拉少: 卡莎只要操作好点绝对能翻
[1242] 没了: 为啥要出复活甲啊
[1243] 寒风夏梦: 谢谢bro啊，能拖大时间了，
[1244] 我是克莱文: 卡莎复活甲也有了
[1245] 商业观众: 卡莎装备能打的动谁
[1246] 汽水薄冰丶: 大表收米了
[1247] 我是一颗小虎牙: 翻了
[1248] 关东风雨散: 电龙魂能不能拿得到还是个问题
[1249] 白活: 来把极限翻盘
[1250] 恶心🤢: 对面这阵容在一波推不了就输了，刀妹豹子马上没用了
[1251] 一言横满天: 们修
[1252] 候: 卡莎出了个复活甲，要飞进去搏命了
[1253] 人在Notion: 装模作样的，到点就暴毙下班
[1254] 你东哥哥: 泰迪这复活甲有毛用
[1255] 守望者11: 这是在拖什么阿
[1256] 我是一颗小虎牙life: 还在翻，破2路，拿大龙兵线就结束了，谁跟你打团
[1257] 月下: 难道说后期神装卡莎带飞？
[1258] CXIAO: 结束了
[1259] 一言横满天: 拖拖
[1260] 没事看看直播也不错: 一波一波
[1261] 好运必赢: 又是这fw
[1262] 学长爱睡觉: 豆包哥
[1263] 晨曦点点: 刀妹没用的那个你在说什么
[2026-08-28 20:11:33] 已刷新 /Users/ad/Documents/polymarket/reports/intel_danmu_live_lck_bro_bfx_2026-08-28.html（5594 条弹幕）
[1264] 没了: 卡莎p伤害没有
[1265] 守望者11: 一波不了
[1266] 衡山路耗子: 这安妮真的离谱
[1267] 南方: 安妮这个逼
[1268] 南方: 太畜生了
[1269] 浩酱: 一波一波
[1270] 洞庭湖湖主: 右边中路巨演员上把就是
[1271] Reback414923: 千问哥
[1272] 衡山路耗子: 太菜了，这阵容能输
[1273] 洋芋uuu: 梦里去翻吧
[1274] 用心生活: 落后一万知道不放了
[1275] 学长爱睡觉: 我早说了
[1276] 阿译: 弱悲
[1277] 东方哥哥的小娇妻: 31一到就gg
[1278] 六月别困: AI这个➗
[1279] 空岛旅馆: 人机哥
[1280] 骑马的感觉爽: 666666666
[1281] 浩酱: 一波一波
[1282] 猥琐发育我来c: 这安妮无敌了
[1283] 巴蜀拾荒人: 神经病
[1284] 寒风夏梦: 大表突然死亡
[1285] 我是一颗小虎牙: 哈哈哈哈哈哈
[1286] gnr骑虎中单zz态: 大31任务
[1287] AAFFKK: 下一个就是登峰大王死在败绝
[1288] 罐子: 31 31 31
[1289] 你大爷还是你大爷: 牛逼牛逼  看笑了牛逼牛逼
[1290] 旧事酒浓: Ai哥
[1291] 柠檬汁z: 32的叫
[1292] 泛亚电竞丶小华: 这安妮无敌了
[1293] 安静: 这如果能大表才是纯正假赛
[1294] Haiking: 这个中单是真你麻痹畜生
[1295] 鱼跃龙门者: 这都能大表 真牛逼
[1296] 东来东往: 勇哥大心脏
[1297] 林深时见鹿: 恭喜bro进击德玛西亚杯
[1298] 对A的鱼: 劳累啊
[1299] 素雪兔儿跳跳: 团灭了吗最后
[1300] 仓鼠打得过松鼠: 区王杯夺冠一样的
[1301] 洞庭湖湖主: 上把玩狐狸就是
[1302] 谷孵鱼: 这么糯，活该输
[1303] 东方哥哥的小娇妻: 我擦，张硕牛逼克拉斯
[1304] 你大爷还是你大爷: 真的他妈的真的乌龟来的牛逼
[1305] 我是一颗小虎牙: 弱悲了
[1306] 剑雨飘香: 泰勇，哥屌不屌
[1307] Czan.: 假的要死
[1308] 商业观众: bfx闹麻了，赢一堆涅槃
[1309] 动物园逃犯汤姆: bro这两场都是1/2被追2
[1310] 浩酱: 弱悲
[1311] Xu哈: kt下路菜肯定选kt
[1312] 仓鼠打得过松鼠: 说了拖时间而已
[1313] 猥琐发育我来c: 安妮一个人送输了比赛
[1314] 香飘飘喜鹊: 张处，明天你的t1等着输吧
[1315] 小方: 人家是德杯，小心腾竞干你
[1316] 哈拉少不蛤拉少: 泰迪尽力了队友太菜
[1317] 爱你丶无期。  ♣♣: 这个打野有点吊。
[1318] 便宜坊萨摩蚀叶野螟: 蛆王杯
[1319] 束歌: 农心进了吗
[1320] Xu哈: kt下路菜肯定选kt
[1321] 香飘飘喜鹊: 张处，明天你的t1等着输吧。
[1322] 我是一颗小虎牙: tt 的1要选谁呢，打得过吗
[1323] 阿木木没有眼泪丶: 这把中野都差一万了怎么玩
[2026-08-28 20:12:34] 已刷新 /Users/ad/Documents/polymarket/reports/intel_danmu_live_lck_bro_bfx_2026-08-28.html（5654 条弹幕）
[1324] 张杨: 今晚有lec吗
[1325] Xu哈: kt下路菜肯定选kt
[1326] 我是一颗小虎牙: 他们鬼叫什么？是世界赛决胜局吗？
[1327] sina_1udhmjl2fk: 奖励一个T1
[1328] 春与一邑传: 泰永可以吹了
[1329] 叶永胜: 我的大表被安妮整没了
[1330] 三节近却无: 区王杯好歹是世界赛事
[1331] CMG: 翻了翻了
[1332] Xu哈: kt下路菜肯定选kt
[1333] 参差总目: 蛆王杯什么时候开始
[1334] 鲨鱼SharKing丶: 看太勇工作
[1335] 空: 洋妞
[1336] Xu哈: kt下路菜肯定选kt
[1337] 近来叉烧: 当时不是都在吹ai哥走位夸张吗
[1338] 快快乐乐: 勇哥要和we在世界赛顶峰相见了
[1339] 仓鼠打得过松鼠: Ns昨天就滚了
[1340] 非独天地之施: 真右边在干什么右边
[1341] 鲨鱼SharKing丶: 看太勇动作
[1342] 束歌: 农心进没进季后赛
[1343] 我是一颗小虎牙: 选KT
[1344] 阿译: 打kt
[1345] 近来叉烧: 当时不是都在吹ai哥走位夸张吗？怎么被打成人机了
[1346] 小方: 但是上中野会被打爆
[1347] 亿墨L: 我怕明天输bfx啊
[1348] fall: kt太菜了
[1349] 大师我真的悟了: 真的会想吗？肯定随便选
[1350] 小虎牙-by3aI4Vqwi: 这畜生卡莎有闪不交
[1351] 改名只为中电视666: 选kt捏小鸡
[1352] 我是一颗小虎牙: 必须选KT
[1353] 我是一颗小虎牙: 必须选KT
[1354] 沙漏-: 中路呢
[1355] 萧潇如意: kt
[1356] Derek: 选KT，完美把多兰头都打掉
[1357] 非独天地之施: 前面不打后面落后10000了打右边是人么
[1358] 东来东往: 是我我就选kt
[1359] 我是一颗小虎牙: 兰子打谁不被爆？
[1360] 大师我真的悟了: 选哪个兰子不被爆？
[1361] 傲颜Sunny: 自信点 选谁 篮子都会被爆
[1362] KEating: 感觉还是选bfx
[1363] 香飘飘喜鹊: 你是不是怕了？
[1364] 改名只为中电视666: 选kt捏小鸡
[1365] 3kf: 真能选kt的，用皮炎选的嘛
[1366] 你给我熄佛: 肥猪
[1367] 曹公公不能退啊: 别可能了，肯定被爆
[1368] _______L: 选谁多兰都被单杀
[1369] 别让梦想成了梦M: 篮子啥时候不被爆
[1370] So what: 上路打谁不被爆？
[1371] 潙你弹楱肖綁地液浀: 胚子都随便打吧‘’
[1372] 我是一颗小虎牙: 主播老婆
[1373] 我是一颗小虎牙: 主播老婆
[1374] 大师我真的悟了: 选谁多兰都会被爆
[1375] 我在必我故: 感觉选kt不错，bo5应该稳定充电
[1376] 你给我熄佛: 好的肥猪我去
[1377] 晨曦点点: 多兰谁来都能打爆
[1378] 鲨鱼SharKing丶: 肯定选KT啊
[1379] 我是一颗小虎牙: 几条龙啊
[1380] 萧潇如意: 必须选kt
[1381] ●．.─━Manぃ囄开ヴ: 肯定选涅槃
[1382] 我是一颗小虎牙: t1要赢游戏还得中野舒服
[1383] 鱼想衣裳花想容: 篮子打宙斯就不会被爆
[1384] 近来叉烧: 勇哥还能有胚子猛？我不信的
[1385] Yolo: 选BFX背靠背
[1386] 秋霞路庄周: 那T1直接别去了
[1387] 改名只为中电视666: 选kt捏小鸡
[1388] 我是一颗小虎牙: 主播老婆
[1389] 我是一颗小虎牙: 主播老婆
[1390] 余萌芽: 勇哥给我爆衣呀
[1391] sina_1udhmjl2fk: 胜负手不在下路而是中上野稳住
[1392] 小虎牙-zO4omZt4OJ: T1选Kt吧
[2026-08-28 20:13:34] 已刷新 /Users/ad/Documents/polymarket/reports/intel_danmu_live_lck_bro_bfx_2026-08-28.html（5723 条弹幕）
[1393] 我是一颗小虎牙: 兰子打谁都被稳定单杀
[1394] 秋霞路庄周: 有多猛
[1395] 便宜坊萨摩蚀叶野螟: 蛆王杯冠军能参加世界赛就好了
[1396] 宁不空: KT不是老沙包了，用起来多顺手
[1397] 候: 猛在哪
[1398] 香飘飘喜鹊: 选kt是对的。
[1399] 东来东往: 打bfx下路优势就不明显了，打鸡窝能爆线
[1400] 风来了: 中路不提？？！！
[1401] 潙你弹楱肖綁地液浀: 涅槃的随便打
[1402] 大王请吃鱼: 多兰就是冒充职业选手
[1403] 樹枝平底鍋: 但是真的打对线 T1不虚其他下路组啊
[1404] 我是小明啊Zz: 但是比起pezy和小k还是不太够啊
[1405] 雪在雨中告白: 勇哥猛也打不了少爷吧，应该选bfx
[1406] 改名只为中电视666: 选kt捏小鸡
[1407] 鲨鱼SharKing丶: 鸡窝一把能送3次
[1408] 人生茫路: 朱哥有翻译吗
[1409] 香飘飘喜鹊: 选狐狸就是找死。
[1410] 蠻衣海鞘: 老妹被打哭了
[1411] 斟酌照城垛: 这两个队都有威胁的话打锤子比赛出道去吧
[1412] Czan.: 故意杀减号啊
[1413] 孙尚香0: 选KT
[1414] 菰纇: t1是不是选kt更好
[1415] 阿木木没有眼泪丶: 那个坦克是张神的
[1416] T: 张哥  你觉得T1会选谁？
[1417] 你给我熄佛: 全是三百斤的
[1418] 换季的色彩丶: NS卖了大腿
[1419] 我是小明啊Zz: 但是比起pezy和小k还是不太够啊
[1420] 湫雨: 明天t1完蛋了
[1421] Mercedesss: 选BFX啊中路老李头现在状态可以跟这个中单混一混
[1422] Yolo: 选B FX打背靠背了
[1423] ℡遺忘ゞ: T1大概率是选bfx
[1424] 我是小明啊Zz: 但是比起pezy和小k还是不太够啊
[1425] 大王请吃鱼: 上单混冠就喜欢冒充职业选手
[1426] 非独天地之施: 右边这第五把直接送到脸上给bfx
[1427] AAFFKK: 大根也去WE练练
[1428] 饢坑肉什大酥燒饼: 哭也算时间的
[1429] 改名只为中电视666: 选kt捏小鸡
[1430] 人生。: 看选谁能当充电宝了
[1431] YellowJesus: bfx
[1432] 恶灵小子: 肯定选kt牌充电宝
[2026-08-28 20:32:26] 已刷新 /Users/ad/Documents/polymarket/reports/intel_danmu_live_lck_bro_bfx_2026-08-28.html（5763 条弹幕）
[2026-08-28 20:49:21] 已刷新 /Users/ad/Documents/polymarket/reports/intel_danmu_live_lck_bro_bfx_2026-08-28.html（5763 条弹幕）
[ALERT] huya_shuoshuo 采集器退出（code=2），10s 后自动重启；完整性记为受影响
[multi] 已启动 huya_shuoshuo https://www.huya.com/323444 -> /Users/ad/Documents/polymarket/docs/data/danmu/huya/2026-08-28_huya_shuoshuo.jsonl (pid 78629)
[2026-08-28 21:03:26] 已刷新 /Users/ad/Documents/polymarket/reports/intel_danmu_live_lck_bro_bfx_2026-08-28.html（5763 条弹幕）
[2026-08-28 21:04:26] 已刷新 /Users/ad/Documents/polymarket/reports/intel_danmu_live_lck_bro_bfx_2026-08-28.html（5763 条弹幕）
[2026-08-28 21:05:26] 已刷新 /Users/ad/Documents/polymarket/reports/intel_danmu_live_lck_bro_bfx_2026-08-28.html（5763 条弹幕）
[2026-08-28 21:06:27] 已刷新 /Users/ad/Documents/polymarket/reports/intel_danmu_live_lck_bro_bfx_2026-08-28.html（5763 条弹幕）
[2026-08-28 21:07:27] 已刷新 /Users/ad/Documents/polymarket/reports/intel_danmu_live_lck_bro_bfx_2026-08-28.html（5763 条弹幕）
[2026-08-28 21:08:28] 已刷新 /Users/ad/Documents/polymarket/reports/intel_danmu_live_lck_bro_bfx_2026-08-28.html（5763 条弹幕）
[2026-08-28 21:09:28] 已刷新 /Users/ad/Documents/polymarket/reports/intel_danmu_live_lck_bro_bfx_2026-08-28.html（5763 条弹幕）
[2026-08-28 21:10:28] 已刷新 /Users/ad/Documents/polymarket/reports/intel_danmu_live_lck_bro_bfx_2026-08-28.html（5763 条弹幕）
[2026-08-28 21:11:29] 已刷新 /Users/ad/Documents/polymarket/reports/intel_danmu_live_lck_bro_bfx_2026-08-28.html（5763 条弹幕）
[2026-08-28 21:12:29] 已刷新 /Users/ad/Documents/polymarket/reports/intel_danmu_live_lck_bro_bfx_2026-08-28.html（5763 条弹幕）
[2026-08-28 21:13:30] 已刷新 /Users/ad/Documents/polymarket/reports/intel_danmu_live_lck_bro_bfx_2026-08-28.html（5763 条弹幕）
[2026-08-28 21:14:30] 已刷新 /Users/ad/Documents/polymarket/reports/intel_danmu_live_lck_bro_bfx_2026-08-28.html（5763 条弹幕）
[2026-08-28 21:15:32] 已刷新 /Users/ad/Documents/polymarket/reports/intel_danmu_live_lck_bro_bfx_2026-08-28.html（5763 条弹幕）
[2026-08-28 21:16:32] 已刷新 /Users/ad/Documents/polymarket/reports/intel_danmu_live_lck_bro_bfx_2026-08-28.html（5763 条弹幕）
[2026-08-28 21:17:33] 已刷新 /Users/ad/Documents/polymarket/reports/intel_danmu_live_lck_bro_bfx_2026-08-28.html（5763 条弹幕）
[2026-08-28 21:18:33] 已刷新 /Users/ad/Documents/polymarket/reports/intel_danmu_live_lck_bro_bfx_2026-08-28.html（5763 条弹幕）
[2026-08-28 21:19:34] 已刷新 /Users/ad/Documents/polymarket/reports/intel_danmu_live_lck_bro_bfx_2026-08-28.html（5763 条弹幕）
[2026-08-28 21:20:34] 已刷新 /Users/ad/Documents/polymarket/reports/intel_danmu_live_lck_bro_bfx_2026-08-28.html（5763 条弹幕）
[2026-08-28 21:21:34] 已刷新 /Users/ad/Documents/polymarket/reports/intel_danmu_live_lck_bro_bfx_2026-08-28.html（5763 条弹幕）
[2026-08-28 21:22:35] 已刷新 /Users/ad/Documents/polymarket/reports/intel_danmu_live_lck_bro_bfx_2026-08-28.html（5763 条弹幕）
[2026-08-28 21:23:35] 已刷新 /Users/ad/Documents/polymarket/reports/intel_danmu_live_lck_bro_bfx_2026-08-28.html（5763 条弹幕）
[2026-08-28 21:24:36] 已刷新 /Users/ad/Documents/polymarket/reports/intel_danmu_live_lck_bro_bfx_2026-08-28.html（5763 条弹幕）
[2026-08-28 21:25:37] 已刷新 /Users/ad/Documents/polymarket/reports/intel_danmu_live_lck_bro_bfx_2026-08-28.html（5763 条弹幕）
[2026-08-28 21:26:37] 已刷新 /Users/ad/Documents/polymarket/reports/intel_danmu_live_lck_bro_bfx_2026-08-28.html（5763 条弹幕）
[2026-08-28 21:27:37] 已刷新 /Users/ad/Documents/polymarket/reports/intel_danmu_live_lck_bro_bfx_2026-08-28.html（5763 条弹幕）
[2026-08-28 21:28:38] 已刷新 /Users/ad/Documents/polymarket/reports/intel_danmu_live_lck_bro_bfx_2026-08-28.html（5763 条弹幕）
[2026-08-28 21:29:38] 已刷新 /Users/ad/Documents/polymarket/reports/intel_danmu_live_lck_bro_bfx_2026-08-28.html（5763 条弹幕）
[2026-08-28 21:30:39] 已刷新 /Users/ad/Documents/polymarket/reports/intel_danmu_live_lck_bro_bfx_2026-08-28.html（5763 条弹幕）
[2026-08-28 21:31:39] 已刷新 /Users/ad/Documents/polymarket/reports/intel_danmu_live_lck_bro_bfx_2026-08-28.html（5763 条弹幕）
[2026-08-28 21:32:40] 已刷新 /Users/ad/Documents/polymarket/reports/intel_danmu_live_lck_bro_bfx_2026-08-28.html（5763 条弹幕）
[2026-08-28 21:33:41] 已刷新 /Users/ad/Documents/polymarket/reports/intel_danmu_live_lck_bro_bfx_2026-08-28.html（5763 条弹幕）
[2026-08-28 21:34:41] 已刷新 /Users/ad/Documents/polymarket/reports/intel_danmu_live_lck_bro_bfx_2026-08-28.html（5763 条弹幕）
[2026-08-28 21:35:42] 已刷新 /Users/ad/Documents/polymarket/reports/intel_danmu_live_lck_bro_bfx_2026-08-28.html（5763 条弹幕）
[2026-08-28 21:36:43] 已刷新 /Users/ad/Documents/polymarket/reports/intel_danmu_live_lck_bro_bfx_2026-08-28.html（5763 条弹幕）
[2026-08-28 21:37:43] 已刷新 /Users/ad/Documents/polymarket/reports/intel_danmu_live_lck_bro_bfx_2026-08-28.html（5763 条弹幕）
[2026-08-28 21:38:43] 已刷新 /Users/ad/Documents/polymarket/reports/intel_danmu_live_lck_bro_bfx_2026-08-28.html（5763 条弹幕）
[2026-08-28 21:39:44] 已刷新 /Users/ad/Documents/polymarket/reports/intel_danmu_live_lck_bro_bfx_2026-08-28.html（5763 条弹幕）
[2026-08-28 21:40:44] 已刷新 /Users/ad/Documents/polymarket/reports/intel_danmu_live_lck_bro_bfx_2026-08-28.html（5763 条弹幕）
[2026-08-28 21:41:45] 已刷新 /Users/ad/Documents/polymarket/reports/intel_danmu_live_lck_bro_bfx_2026-08-28.html（5763 条弹幕）
[2026-08-28 21:42:46] 已刷新 /Users/ad/Documents/polymarket/reports/intel_danmu_live_lck_bro_bfx_2026-08-28.html（5763 条弹幕）
[2026-08-28 21:43:46] 已刷新 /Users/ad/Documents/polymarket/reports/intel_danmu_live_lck_bro_bfx_2026-08-28.html（5763 条弹幕）
[2026-08-28 21:44:47] 已刷新 /Users/ad/Documents/polymarket/reports/intel_danmu_live_lck_bro_bfx_2026-08-28.html（5763 条弹幕）
[2026-08-28 21:45:47] 已刷新 /Users/ad/Documents/polymarket/reports/intel_danmu_live_lck_bro_bfx_2026-08-28.html（5763 条弹幕）
[2026-08-28 21:46:48] 已刷新 /Users/ad/Documents/polymarket/reports/intel_danmu_live_lck_bro_bfx_2026-08-28.html（5763 条弹幕）
[2026-08-28 21:47:50] 已刷新 /Users/ad/Documents/polymarket/reports/intel_danmu_live_lck_bro_bfx_2026-08-28.html（5763 条弹幕）
[2026-08-28 21:48:50] 已刷新 /Users/ad/Documents/polymarket/reports/intel_danmu_live_lck_bro_bfx_2026-08-28.html（5763 条弹幕）
[2026-08-28 21:49:51] 已刷新 /Users/ad/Documents/polymarket/reports/intel_danmu_live_lck_bro_bfx_2026-08-28.html（5763 条弹幕）
[2026-08-28 21:50:52] 已刷新 /Users/ad/Documents/polymarket/reports/intel_danmu_live_lck_bro_bfx_2026-08-28.html（5763 条弹幕）
[2026-08-28 21:51:52] 已刷新 /Users/ad/Documents/polymarket/reports/intel_danmu_live_lck_bro_bfx_2026-08-28.html（5763 条弹幕）
[2026-08-28 21:52:53] 已刷新 /Users/ad/Documents/polymarket/reports/intel_danmu_live_lck_bro_bfx_2026-08-28.html（5763 条弹幕）
[2026-08-28 21:53:53] 已刷新 /Users/ad/Documents/polymarket/reports/intel_danmu_live_lck_bro_bfx_2026-08-28.html（5763 条弹幕）
[2026-08-28 21:54:54] 已刷新 /Users/ad/Documents/polymarket/reports/intel_danmu_live_lck_bro_bfx_2026-08-28.html（5763 条弹幕）
[2026-08-28 21:55:55] 已刷新 /Users/ad/Documents/polymarket/reports/intel_danmu_live_lck_bro_bfx_2026-08-28.html（5763 条弹幕）
[2026-08-28 21:56:56] 已刷新 /Users/ad/Documents/polymarket/reports/intel_danmu_live_lck_bro_bfx_2026-08-28.html（5763 条弹幕）
[2026-08-28 21:57:57] 已刷新 /Users/ad/Documents/polymarket/reports/intel_danmu_live_lck_bro_bfx_2026-08-28.html（5763 条弹幕）
[2026-08-28 21:58:58] 已刷新 /Users/ad/Documents/polymarket/reports/intel_danmu_live_lck_bro_bfx_2026-08-28.html（5763 条弹幕）
[2026-08-28 21:59:58] 已刷新 /Users/ad/Documents/polymarket/reports/intel_danmu_live_lck_bro_bfx_2026-08-28.html（5763 条弹幕）
[2026-08-28 22:00:59] 已刷新 /Users/ad/Documents/polymarket/reports/intel_danmu_live_lck_bro_bfx_2026-08-28.html（5763 条弹幕）
[2026-08-28 22:02:00] 已刷新 /Users/ad/Documents/polymarket/reports/intel_danmu_live_lck_bro_bfx_2026-08-28.html（5763 条弹幕）
[2026-08-28 22:03:01] 已刷新 /Users/ad/Documents/polymarket/reports/intel_danmu_live_lck_bro_bfx_2026-08-28.html（5763 条弹幕）
[2026-08-28 22:04:02] 已刷新 /Users/ad/Documents/polymarket/reports/intel_danmu_live_lck_bro_bfx_2026-08-28.html（5763 条弹幕）
[2026-08-28 22:05:04] 已刷新 /Users/ad/Documents/polymarket/reports/intel_danmu_live_lck_bro_bfx_2026-08-28.html（5763 条弹幕）
[2026-08-28 22:06:05] 已刷新 /Users/ad/Documents/polymarket/reports/intel_danmu_live_lck_bro_bfx_2026-08-28.html（5763 条弹幕）
[2026-08-28 22:07:06] 已刷新 /Users/ad/Documents/polymarket/reports/intel_danmu_live_lck_bro_bfx_2026-08-28.html（5763 条弹幕）
[2026-08-28 22:08:06] 已刷新 /Users/ad/Documents/polymarket/reports/intel_danmu_live_lck_bro_bfx_2026-08-28.html（5763 条弹幕）
[2026-08-28 22:09:07] 已刷新 /Users/ad/Documents/polymarket/reports/intel_danmu_live_lck_bro_bfx_2026-08-28.html（5763 条弹幕）
[2026-08-28 22:10:07] 已刷新 /Users/ad/Documents/polymarket/reports/intel_danmu_live_lck_bro_bfx_2026-08-28.html（5763 条弹幕）
[2026-08-28 22:11:08] 已刷新 /Users/ad/Documents/polymarket/reports/intel_danmu_live_lck_bro_bfx_2026-08-28.html（5763 条弹幕）
[2026-08-28 22:12:08] 已刷新 /Users/ad/Documents/polymarket/reports/intel_danmu_live_lck_bro_bfx_2026-08-28.html（5763 条弹幕）
[2026-08-28 22:13:08] 已刷新 /Users/ad/Documents/polymarket/reports/intel_danmu_live_lck_bro_bfx_2026-08-28.html（5763 条弹幕）
[2026-08-28 22:14:09] 已刷新 /Users/ad/Documents/polymarket/reports/intel_danmu_live_lck_bro_bfx_2026-08-28.html（5763 条弹幕）
[2026-08-28 22:15:09] 已刷新 /Users/ad/Documents/polymarket/reports/intel_danmu_live_lck_bro_bfx_2026-08-28.html（5763 条弹幕）
[2026-08-28 22:16:10] 已刷新 /Users/ad/Documents/polymarket/reports/intel_danmu_live_lck_bro_bfx_2026-08-28.html（5763 条弹幕）
[2026-08-28 22:17:10] 已刷新 /Users/ad/Documents/polymarket/reports/intel_danmu_live_lck_bro_bfx_2026-08-28.html（5763 条弹幕）
[2026-08-28 22:23:21] 已刷新 /Users/ad/Documents/polymarket/reports/intel_danmu_live_lck_bro_bfx_2026-08-28.html（5763 条弹幕）
[2026-08-28 22:24:21] 已刷新 /Users/ad/Documents/polymarket/reports/intel_danmu_live_lck_bro_bfx_2026-08-28.html（5763 条弹幕）
[2026-08-28 22:25:22] 已刷新 /Users/ad/Documents/polymarket/reports/intel_danmu_live_lck_bro_bfx_2026-08-28.html（5763 条弹幕）
[2026-08-28 22:26:22] 已刷新 /Users/ad/Documents/polymarket/reports/intel_danmu_live_lck_bro_bfx_2026-08-28.html（5763 条弹幕）
[2026-08-28 22:27:22] 已刷新 /Users/ad/Documents/polymarket/reports/intel_danmu_live_lck_bro_bfx_2026-08-28.html（5763 条弹幕）
[2026-08-28 22:28:23] 已刷新 /Users/ad/Documents/polymarket/reports/intel_danmu_live_lck_bro_bfx_2026-08-28.html（5763 条弹幕）
[2026-08-28 22:29:23] 已刷新 /Users/ad/Documents/polymarket/reports/intel_danmu_live_lck_bro_bfx_2026-08-28.html（5763 条弹幕）
[2026-08-28 22:30:24] 已刷新 /Users/ad/Documents/polymarket/reports/intel_danmu_live_lck_bro_bfx_2026-08-28.html（5763 条弹幕）
[2026-08-28 22:31:24] 已刷新 /Users/ad/Documents/polymarket/reports/intel_danmu_live_lck_bro_bfx_2026-08-28.html（5763 条弹幕）
[2026-08-28 22:32:25] 已刷新 /Users/ad/Documents/polymarket/reports/intel_danmu_live_lck_bro_bfx_2026-08-28.html（5763 条弹幕）
[2026-08-28 22:33:25] 已刷新 /Users/ad/Documents/polymarket/reports/intel_danmu_live_lck_bro_bfx_2026-08-28.html（5763 条弹幕）
[2026-08-28 22:34:26] 已刷新 /Users/ad/Documents/polymarket/reports/intel_danmu_live_lck_bro_bfx_2026-08-28.html（5763 条弹幕）
[2026-08-28 22:35:26] 已刷新 /Users/ad/Documents/polymarket/reports/intel_danmu_live_lck_bro_bfx_2026-08-28.html（5763 条弹幕）
[2026-08-28 22:36:27] 已刷新 /Users/ad/Documents/polymarket/reports/intel_danmu_live_lck_bro_bfx_2026-08-28.html（5763 条弹幕）
[2026-08-28 22:37:28] 已刷新 /Users/ad/Documents/polymarket/reports/intel_danmu_live_lck_bro_bfx_2026-08-28.html（5763 条弹幕）
[2026-08-28 22:38:28] 已刷新 /Users/ad/Documents/polymarket/reports/intel_danmu_live_lck_bro_bfx_2026-08-28.html（5763 条弹幕）
[2026-08-28 22:39:29] 已刷新 /Users/ad/Documents/polymarket/reports/intel_danmu_live_lck_bro_bfx_2026-08-28.html（5763 条弹幕）
[2026-08-28 22:40:29] 已刷新 /Users/ad/Documents/polymarket/reports/intel_danmu_live_lck_bro_bfx_2026-08-28.html（5763 条弹幕）
[2026-08-28 22:41:29] 已刷新 /Users/ad/Documents/polymarket/reports/intel_danmu_live_lck_bro_bfx_2026-08-28.html（5763 条弹幕）
[2026-08-28 22:42:30] 已刷新 /Users/ad/Documents/polymarket/reports/intel_danmu_live_lck_bro_bfx_2026-08-28.html（5763 条弹幕）
[2026-08-28 22:43:31] 已刷新 /Users/ad/Documents/polymarket/reports/intel_danmu_live_lck_bro_bfx_2026-08-28.html（5763 条弹幕）
[2026-08-28 22:44:31] 已刷新 /Users/ad/Documents/polymarket/reports/intel_danmu_live_lck_bro_bfx_2026-08-28.html（5763 条弹幕）
[2026-08-28 22:45:32] 已刷新 /Users/ad/Documents/polymarket/reports/intel_danmu_live_lck_bro_bfx_2026-08-28.html（5763 条弹幕）
[2026-08-28 22:46:32] 已刷新 /Users/ad/Documents/polymarket/reports/intel_danmu_live_lck_bro_bfx_2026-08-28.html（5763 条弹幕）
[2026-08-28 22:47:33] 已刷新 /Users/ad/Documents/polymarket/reports/intel_danmu_live_lck_bro_bfx_2026-08-28.html（5763 条弹幕）
[2026-08-28 22:48:34] 已刷新 /Users/ad/Documents/polymarket/reports/intel_danmu_live_lck_bro_bfx_2026-08-28.html（5763 条弹幕）
[2026-08-28 22:49:34] 已刷新 /Users/ad/Documents/polymarket/reports/intel_danmu_live_lck_bro_bfx_2026-08-28.html（5763 条弹幕）
[2026-08-28 22:50:34] 已刷新 /Users/ad/Documents/polymarket/reports/intel_danmu_live_lck_bro_bfx_2026-08-28.html（5763 条弹幕）
[2026-08-28 22:51:35] 已刷新 /Users/ad/Documents/polymarket/reports/intel_danmu_live_lck_bro_bfx_2026-08-28.html（5763 条弹幕）
[2026-08-28 22:52:35] 已刷新 /Users/ad/Documents/polymarket/reports/intel_danmu_live_lck_bro_bfx_2026-08-28.html（5763 条弹幕）
[2026-08-28 22:53:36] 已刷新 /Users/ad/Documents/polymarket/reports/intel_danmu_live_lck_bro_bfx_2026-08-28.html（5763 条弹幕）
[2026-08-28 22:54:36] 已刷新 /Users/ad/Documents/polymarket/reports/intel_danmu_live_lck_bro_bfx_2026-08-28.html（5763 条弹幕）
[2026-08-28 22:55:37] 已刷新 /Users/ad/Documents/polymarket/reports/intel_danmu_live_lck_bro_bfx_2026-08-28.html（5763 条弹幕）
[2026-08-28 22:56:37] 已刷新 /Users/ad/Documents/polymarket/reports/intel_danmu_live_lck_bro_bfx_2026-08-28.html（5763 条弹幕）
[2026-08-28 22:57:38] 已刷新 /Users/ad/Documents/polymarket/reports/intel_danmu_live_lck_bro_bfx_2026-08-28.html（5763 条弹幕）
[2026-08-28 22:58:39] 已刷新 /Users/ad/Documents/polymarket/reports/intel_danmu_live_lck_bro_bfx_2026-08-28.html（5763 条弹幕）
[2026-08-28 22:59:39] 已刷新 /Users/ad/Documents/polymarket/reports/intel_danmu_live_lck_bro_bfx_2026-08-28.html（5763 条弹幕）
[2026-08-28 23:00:39] 已刷新 /Users/ad/Documents/polymarket/reports/intel_danmu_live_lck_bro_bfx_2026-08-28.html（5763 条弹幕）
[2026-08-28 23:01:40] 已刷新 /Users/ad/Documents/polymarket/reports/intel_danmu_live_lck_bro_bfx_2026-08-28.html（5763 条弹幕）
[2026-08-28 23:02:40] 已刷新 /Users/ad/Documents/polymarket/reports/intel_danmu_live_lck_bro_bfx_2026-08-28.html（5763 条弹幕）
[2026-08-28 23:03:41] 已刷新 /Users/ad/Documents/polymarket/reports/intel_danmu_live_lck_bro_bfx_2026-08-28.html（5763 条弹幕）
[2026-08-28 23:04:41] 已刷新 /Users/ad/Documents/polymarket/reports/intel_danmu_live_lck_bro_bfx_2026-08-28.html（5763 条弹幕）
[2026-08-28 23:05:42] 已刷新 /Users/ad/Documents/polymarket/reports/intel_danmu_live_lck_bro_bfx_2026-08-28.html（5763 条弹幕）
[2026-08-28 23:06:42] 已刷新 /Users/ad/Documents/polymarket/reports/intel_danmu_live_lck_bro_bfx_2026-08-28.html（5763 条弹幕）
[2026-08-28 23:07:43] 已刷新 /Users/ad/Documents/polymarket/reports/intel_danmu_live_lck_bro_bfx_2026-08-28.html（5763 条弹幕）
[2026-08-28 23:08:43] 已刷新 /Users/ad/Documents/polymarket/reports/intel_danmu_live_lck_bro_bfx_2026-08-28.html（5763 条弹幕）
[2026-08-28 23:09:44] 已刷新 /Users/ad/Documents/polymarket/reports/intel_danmu_live_lck_bro_bfx_2026-08-28.html（5763 条弹幕）
[2026-08-28 23:10:44] 已刷新 /Users/ad/Documents/polymarket/reports/intel_danmu_live_lck_bro_bfx_2026-08-28.html（5763 条弹幕）
[2026-08-28 23:11:44] 已刷新 /Users/ad/Documents/polymarket/reports/intel_danmu_live_lck_bro_bfx_2026-08-28.html（5763 条弹幕）
[2026-08-28 23:12:45] 已刷新 /Users/ad/Documents/polymarket/reports/intel_danmu_live_lck_bro_bfx_2026-08-28.html（5763 条弹幕）
[2026-08-28 23:13:45] 已刷新 /Users/ad/Documents/polymarket/reports/intel_danmu_live_lck_bro_bfx_2026-08-28.html（5763 条弹幕）
[2026-08-28 23:14:46] 已刷新 /Users/ad/Documents/polymarket/reports/intel_danmu_live_lck_bro_bfx_2026-08-28.html（5763 条弹幕）
[2026-08-28 23:15:46] 已刷新 /Users/ad/Documents/polymarket/reports/intel_danmu_live_lck_bro_bfx_2026-08-28.html（5763 条弹幕）
[2026-08-28 23:16:47] 已刷新 /Users/ad/Documents/polymarket/reports/intel_danmu_live_lck_bro_bfx_2026-08-28.html（5763 条弹幕）
[2026-08-28 23:17:47] 已刷新 /Users/ad/Documents/polymarket/reports/intel_danmu_live_lck_bro_bfx_2026-08-28.html（5763 条弹幕）
[2026-08-28 23:18:48] 已刷新 /Users/ad/Documents/polymarket/reports/intel_danmu_live_lck_bro_bfx_2026-08-28.html（5763 条弹幕）
[2026-08-28 23:19:48] 已刷新 /Users/ad/Documents/polymarket/reports/intel_danmu_live_lck_bro_bfx_2026-08-28.html（5763 条弹幕）
[2026-08-28 23:20:49] 已刷新 /Users/ad/Documents/polymarket/reports/intel_danmu_live_lck_bro_bfx_2026-08-28.html（5763 条弹幕）
[2026-08-28 23:21:50] 已刷新 /Users/ad/Documents/polymarket/reports/intel_danmu_live_lck_bro_bfx_2026-08-28.html（5763 条弹幕）
[2026-08-28 23:22:50] 已刷新 /Users/ad/Documents/polymarket/reports/intel_danmu_live_lck_bro_bfx_2026-08-28.html（5763 条弹幕）
[2026-08-28 23:23:51] 已刷新 /Users/ad/Documents/polymarket/reports/intel_danmu_live_lck_bro_bfx_2026-08-28.html（5763 条弹幕）
[2026-08-28 23:24:51] 已刷新 /Users/ad/Documents/polymarket/reports/intel_danmu_live_lck_bro_bfx_2026-08-28.html（5763 条弹幕）
[2026-08-28 23:25:52] 已刷新 /Users/ad/Documents/polymarket/reports/intel_danmu_live_lck_bro_bfx_2026-08-28.html（5763 条弹幕）
[2026-08-28 23:26:52] 已刷新 /Users/ad/Documents/polymarket/reports/intel_danmu_live_lck_bro_bfx_2026-08-28.html（5763 条弹幕）
[2026-08-28 23:27:53] 已刷新 /Users/ad/Documents/polymarket/reports/intel_danmu_live_lck_bro_bfx_2026-08-28.html（5763 条弹幕）
[2026-08-28 23:28:53] 已刷新 /Users/ad/Documents/polymarket/reports/intel_danmu_live_lck_bro_bfx_2026-08-28.html（5763 条弹幕）
[2026-08-28 23:29:53] 已刷新 /Users/ad/Documents/polymarket/reports/intel_danmu_live_lck_bro_bfx_2026-08-28.html（5763 条弹幕）
[2026-08-28 23:30:54] 已刷新 /Users/ad/Documents/polymarket/reports/intel_danmu_live_lck_bro_bfx_2026-08-28.html（5763 条弹幕）
[2026-08-28 23:31:54] 已刷新 /Users/ad/Documents/polymarket/reports/intel_danmu_live_lck_bro_bfx_2026-08-28.html（5763 条弹幕）
[2026-08-28 23:32:55] 已刷新 /Users/ad/Documents/polymarket/reports/intel_danmu_live_lck_bro_bfx_2026-08-28.html（5763 条弹幕）
[2026-08-28 23:33:55] 已刷新 /Users/ad/Documents/polymarket/reports/intel_danmu_live_lck_bro_bfx_2026-08-28.html（5763 条弹幕）
[2026-08-28 23:34:56] 已刷新 /Users/ad/Documents/polymarket/reports/intel_danmu_live_lck_bro_bfx_2026-08-28.html（5763 条弹幕）
[2026-08-28 23:35:57] 已刷新 /Users/ad/Documents/polymarket/reports/intel_danmu_live_lck_bro_bfx_2026-08-28.html（5763 条弹幕）
[2026-08-28 23:36:57] 已刷新 /Users/ad/Documents/polymarket/reports/intel_danmu_live_lck_bro_bfx_2026-08-28.html（5763 条弹幕）
[2026-08-28 23:37:58] 已刷新 /Users/ad/Documents/polymarket/reports/intel_danmu_live_lck_bro_bfx_2026-08-28.html（5763 条弹幕）
[2026-08-28 23:38:58] 已刷新 /Users/ad/Documents/polymarket/reports/intel_danmu_live_lck_bro_bfx_2026-08-28.html（5763 条弹幕）
[2026-08-28 23:39:59] 已刷新 /Users/ad/Documents/polymarket/reports/intel_danmu_live_lck_bro_bfx_2026-08-28.html（5763 条弹幕）
[2026-08-28 23:40:59] 已刷新 /Users/ad/Documents/polymarket/reports/intel_danmu_live_lck_bro_bfx_2026-08-28.html（5763 条弹幕）
[2026-08-28 23:42:00] 已刷新 /Users/ad/Documents/polymarket/reports/intel_danmu_live_lck_bro_bfx_2026-08-28.html（5763 条弹幕）
[2026-08-28 23:43:00] 已刷新 /Users/ad/Documents/polymarket/reports/intel_danmu_live_lck_bro_bfx_2026-08-28.html（5763 条弹幕）
[2026-08-28 23:44:01] 已刷新 /Users/ad/Documents/polymarket/reports/intel_danmu_live_lck_bro_bfx_2026-08-28.html（5763 条弹幕）
[2026-08-28 23:45:01] 已刷新 /Users/ad/Documents/polymarket/reports/intel_danmu_live_lck_bro_bfx_2026-08-28.html（5763 条弹幕）
[2026-08-28 23:46:03] 已刷新 /Users/ad/Documents/polymarket/reports/intel_danmu_live_lck_bro_bfx_2026-08-28.html（5763 条弹幕）
[2026-08-28 23:47:03] 已刷新 /Users/ad/Documents/polymarket/reports/intel_danmu_live_lck_bro_bfx_2026-08-28.html（5763 条弹幕）
[2026-08-28 23:48:04] 已刷新 /Users/ad/Documents/polymarket/reports/intel_danmu_live_lck_bro_bfx_2026-08-28.html（5763 条弹幕）
[2026-08-28 23:49:05] 已刷新 /Users/ad/Documents/polymarket/reports/intel_danmu_live_lck_bro_bfx_2026-08-28.html（5763 条弹幕）
[2026-08-28 23:50:06] 已刷新 /Users/ad/Documents/polymarket/reports/intel_danmu_live_lck_bro_bfx_2026-08-28.html（5763 条弹幕）
[2026-08-28 23:51:07] 已刷新 /Users/ad/Documents/polymarket/reports/intel_danmu_live_lck_bro_bfx_2026-08-28.html（5763 条弹幕）
[2026-08-28 23:52:07] 已刷新 /Users/ad/Documents/polymarket/reports/intel_danmu_live_lck_bro_bfx_2026-08-28.html（5763 条弹幕）
[2026-08-28 23:53:09] 已刷新 /Users/ad/Documents/polymarket/reports/intel_danmu_live_lck_bro_bfx_2026-08-28.html（5763 条弹幕）
[2026-08-28 23:54:10] 已刷新 /Users/ad/Documents/polymarket/reports/intel_danmu_live_lck_bro_bfx_2026-08-28.html（5763 条弹幕）
[2026-08-28 23:55:10] 已刷新 /Users/ad/Documents/polymarket/reports/intel_danmu_live_lck_bro_bfx_2026-08-28.html（5763 条弹幕）
[2026-08-28 23:56:11] 已刷新 /Users/ad/Documents/polymarket/reports/intel_danmu_live_lck_bro_bfx_2026-08-28.html（5763 条弹幕）
[2026-08-28 23:57:11] 已刷新 /Users/ad/Documents/polymarket/reports/intel_danmu_live_lck_bro_bfx_2026-08-28.html（5763 条弹幕）
[2026-08-28 23:58:12] 已刷新 /Users/ad/Documents/polymarket/reports/intel_danmu_live_lck_bro_bfx_2026-08-28.html（5763 条弹幕）
[2026-08-28 23:59:12] 已刷新 /Users/ad/Documents/polymarket/reports/intel_danmu_live_lck_bro_bfx_2026-08-28.html（5763 条弹幕）
[2026-08-29 00:00:13] 已刷新 /Users/ad/Documents/polymarket/reports/intel_danmu_live_lck_bro_bfx_2026-08-28.html（5763 条弹幕）
[2026-08-29 00:01:13] 已刷新 /Users/ad/Documents/polymarket/reports/intel_danmu_live_lck_bro_bfx_2026-08-28.html（5763 条弹幕）
[2026-08-29 00:02:14] 已刷新 /Users/ad/Documents/polymarket/reports/intel_danmu_live_lck_bro_bfx_2026-08-28.html（5763 条弹幕）
[2026-08-29 00:03:14] 已刷新 /Users/ad/Documents/polymarket/reports/intel_danmu_live_lck_bro_bfx_2026-08-28.html（5763 条弹幕）
[2026-08-29 00:04:14] 已刷新 /Users/ad/Documents/polymarket/reports/intel_danmu_live_lck_bro_bfx_2026-08-28.html（5763 条弹幕）
[2026-08-29 00:05:15] 已刷新 /Users/ad/Documents/polymarket/reports/intel_danmu_live_lck_bro_bfx_2026-08-28.html（5763 条弹幕）
[2026-08-29 00:06:16] 已刷新 /Users/ad/Documents/polymarket/reports/intel_danmu_live_lck_bro_bfx_2026-08-28.html（5763 条弹幕）
[2026-08-29 00:07:17] 已刷新 /Users/ad/Documents/polymarket/reports/intel_danmu_live_lck_bro_bfx_2026-08-28.html（5763 条弹幕）
[2026-08-29 00:08:17] 已刷新 /Users/ad/Documents/polymarket/reports/intel_danmu_live_lck_bro_bfx_2026-08-28.html（5763 条弹幕）
[2026-08-29 00:09:17] 已刷新 /Users/ad/Documents/polymarket/reports/intel_danmu_live_lck_bro_bfx_2026-08-28.html（5763 条弹幕）
[2026-08-29 00:10:19] 已刷新 /Users/ad/Documents/polymarket/reports/intel_danmu_live_lck_bro_bfx_2026-08-28.html（5763 条弹幕）
[2026-08-29 00:11:19] 已刷新 /Users/ad/Documents/polymarket/reports/intel_danmu_live_lck_bro_bfx_2026-08-28.html（5763 条弹幕）
[2026-08-29 00:12:20] 已刷新 /Users/ad/Documents/polymarket/reports/intel_danmu_live_lck_bro_bfx_2026-08-28.html（5763 条弹幕）
[2026-08-29 00:13:20] 已刷新 /Users/ad/Documents/polymarket/reports/intel_danmu_live_lck_bro_bfx_2026-08-28.html（5763 条弹幕）
[2026-08-29 00:14:21] 已刷新 /Users/ad/Documents/polymarket/reports/intel_danmu_live_lck_bro_bfx_2026-08-28.html（5763 条弹幕）
[2026-08-29 00:15:22] 已刷新 /Users/ad/Documents/polymarket/reports/intel_danmu_live_lck_bro_bfx_2026-08-28.html（5763 条弹幕）
[2026-08-29 00:16:22] 已刷新 /Users/ad/Documents/polymarket/reports/intel_danmu_live_lck_bro_bfx_2026-08-28.html（5763 条弹幕）
[2026-08-29 00:17:23] 已刷新 /Users/ad/Documents/polymarket/reports/intel_danmu_live_lck_bro_bfx_2026-08-28.html（5763 条弹幕）
[2026-08-29 00:18:23] 已刷新 /Users/ad/Documents/polymarket/reports/intel_danmu_live_lck_bro_bfx_2026-08-28.html（5763 条弹幕）
[2026-08-29 00:19:23] 已刷新 /Users/ad/Documents/polymarket/reports/intel_danmu_live_lck_bro_bfx_2026-08-28.html（5763 条弹幕）
[2026-08-29 00:20:24] 已刷新 /Users/ad/Documents/polymarket/reports/intel_danmu_live_lck_bro_bfx_2026-08-28.html（5763 条弹幕）
[2026-08-29 00:21:24] 已刷新 /Users/ad/Documents/polymarket/reports/intel_danmu_live_lck_bro_bfx_2026-08-28.html（5763 条弹幕）
[2026-08-29 00:22:25] 已刷新 /Users/ad/Documents/polymarket/reports/intel_danmu_live_lck_bro_bfx_2026-08-28.html（5763 条弹幕）
[2026-08-29 00:23:26] 已刷新 /Users/ad/Documents/polymarket/reports/intel_danmu_live_lck_bro_bfx_2026-08-28.html（5763 条弹幕）
[2026-08-29 00:24:26] 已刷新 /Users/ad/Documents/polymarket/reports/intel_danmu_live_lck_bro_bfx_2026-08-28.html（5763 条弹幕）
[2026-08-29 00:25:27] 已刷新 /Users/ad/Documents/polymarket/reports/intel_danmu_live_lck_bro_bfx_2026-08-28.html（5763 条弹幕）
[2026-08-29 00:26:27] 已刷新 /Users/ad/Documents/polymarket/reports/intel_danmu_live_lck_bro_bfx_2026-08-28.html（5763 条弹幕）
[2026-08-29 00:27:27] 已刷新 /Users/ad/Documents/polymarket/reports/intel_danmu_live_lck_bro_bfx_2026-08-28.html（5763 条弹幕）
[2026-08-29 00:28:28] 已刷新 /Users/ad/Documents/polymarket/reports/intel_danmu_live_lck_bro_bfx_2026-08-28.html（5763 条弹幕）
[2026-08-29 00:29:28] 已刷新 /Users/ad/Documents/polymarket/reports/intel_danmu_live_lck_bro_bfx_2026-08-28.html（5763 条弹幕）
[2026-08-29 00:30:29] 已刷新 /Users/ad/Documents/polymarket/reports/intel_danmu_live_lck_bro_bfx_2026-08-28.html（5763 条弹幕）
[2026-08-29 00:31:29] 已刷新 /Users/ad/Documents/polymarket/reports/intel_danmu_live_lck_bro_bfx_2026-08-28.html（5763 条弹幕）
[2026-08-29 00:32:29] 已刷新 /Users/ad/Documents/polymarket/reports/intel_danmu_live_lck_bro_bfx_2026-08-28.html（5763 条弹幕）
[2026-08-29 00:33:30] 已刷新 /Users/ad/Documents/polymarket/reports/intel_danmu_live_lck_bro_bfx_2026-08-28.html（5763 条弹幕）
[2026-08-29 00:34:30] 已刷新 /Users/ad/Documents/polymarket/reports/intel_danmu_live_lck_bro_bfx_2026-08-28.html（5763 条弹幕）
[2026-08-29 00:35:31] 已刷新 /Users/ad/Documents/polymarket/reports/intel_danmu_live_lck_bro_bfx_2026-08-28.html（5763 条弹幕）
[2026-08-29 00:36:31] 已刷新 /Users/ad/Documents/polymarket/reports/intel_danmu_live_lck_bro_bfx_2026-08-28.html（5763 条弹幕）
[2026-08-29 00:37:31] 已刷新 /Users/ad/Documents/polymarket/reports/intel_danmu_live_lck_bro_bfx_2026-08-28.html（5763 条弹幕）
[2026-08-29 00:38:32] 已刷新 /Users/ad/Documents/polymarket/reports/intel_danmu_live_lck_bro_bfx_2026-08-28.html（5763 条弹幕）
[2026-08-29 00:39:32] 已刷新 /Users/ad/Documents/polymarket/reports/intel_danmu_live_lck_bro_bfx_2026-08-28.html（5763 条弹幕）
[2026-08-29 00:40:33] 已刷新 /Users/ad/Documents/polymarket/reports/intel_danmu_live_lck_bro_bfx_2026-08-28.html（5763 条弹幕）
[2026-08-29 00:41:33] 已刷新 /Users/ad/Documents/polymarket/reports/intel_danmu_live_lck_bro_bfx_2026-08-28.html（5763 条弹幕）
[2026-08-29 00:42:33] 已刷新 /Users/ad/Documents/polymarket/reports/intel_danmu_live_lck_bro_bfx_2026-08-28.html（5763 条弹幕）
[2026-08-29 00:43:34] 已刷新 /Users/ad/Documents/polymarket/reports/intel_danmu_live_lck_bro_bfx_2026-08-28.html（5763 条弹幕）
[2026-08-29 00:44:34] 已刷新 /Users/ad/Documents/polymarket/reports/intel_danmu_live_lck_bro_bfx_2026-08-28.html（5763 条弹幕）
[2026-08-29 00:45:35] 已刷新 /Users/ad/Documents/polymarket/reports/intel_danmu_live_lck_bro_bfx_2026-08-28.html（5763 条弹幕）
[2026-08-29 00:46:35] 已刷新 /Users/ad/Documents/polymarket/reports/intel_danmu_live_lck_bro_bfx_2026-08-28.html（5763 条弹幕）
[2026-08-29 00:47:35] 已刷新 /Users/ad/Documents/polymarket/reports/intel_danmu_live_lck_bro_bfx_2026-08-28.html（5763 条弹幕）
[2026-08-29 00:48:36] 已刷新 /Users/ad/Documents/polymarket/reports/intel_danmu_live_lck_bro_bfx_2026-08-28.html（5763 条弹幕）
[2026-08-29 00:49:36] 已刷新 /Users/ad/Documents/polymarket/reports/intel_danmu_live_lck_bro_bfx_2026-08-28.html（5763 条弹幕）
[2026-08-29 00:50:37] 已刷新 /Users/ad/Documents/polymarket/reports/intel_danmu_live_lck_bro_bfx_2026-08-28.html（5763 条弹幕）
[2026-08-29 00:51:37] 已刷新 /Users/ad/Documents/polymarket/reports/intel_danmu_live_lck_bro_bfx_2026-08-28.html（5763 条弹幕）
[2026-08-29 00:52:38] 已刷新 /Users/ad/Documents/polymarket/reports/intel_danmu_live_lck_bro_bfx_2026-08-28.html（5763 条弹幕）
[2026-08-29 00:53:38] 已刷新 /Users/ad/Documents/polymarket/reports/intel_danmu_live_lck_bro_bfx_2026-08-28.html（5763 条弹幕）
[2026-08-29 00:54:39] 已刷新 /Users/ad/Documents/polymarket/reports/intel_danmu_live_lck_bro_bfx_2026-08-28.html（5763 条弹幕）
[2026-08-29 00:55:39] 已刷新 /Users/ad/Documents/polymarket/reports/intel_danmu_live_lck_bro_bfx_2026-08-28.html（5763 条弹幕）
[2026-08-29 00:56:39] 已刷新 /Users/ad/Documents/polymarket/reports/intel_danmu_live_lck_bro_bfx_2026-08-28.html（5763 条弹幕）
[2026-08-29 00:57:40] 已刷新 /Users/ad/Documents/polymarket/reports/intel_danmu_live_lck_bro_bfx_2026-08-28.html（5763 条弹幕）
[2026-08-29 00:58:40] 已刷新 /Users/ad/Documents/polymarket/reports/intel_danmu_live_lck_bro_bfx_2026-08-28.html（5763 条弹幕）
[2026-08-29 00:59:41] 已刷新 /Users/ad/Documents/polymarket/reports/intel_danmu_live_lck_bro_bfx_2026-08-28.html（5763 条弹幕）
[2026-08-29 01:00:41] 已刷新 /Users/ad/Documents/polymarket/reports/intel_danmu_live_lck_bro_bfx_2026-08-28.html（5763 条弹幕）
[2026-08-29 01:01:41] 已刷新 /Users/ad/Documents/polymarket/reports/intel_danmu_live_lck_bro_bfx_2026-08-28.html（5763 条弹幕）
[2026-08-29 01:02:42] 已刷新 /Users/ad/Documents/polymarket/reports/intel_danmu_live_lck_bro_bfx_2026-08-28.html（5763 条弹幕）
[2026-08-29 01:03:42] 已刷新 /Users/ad/Documents/polymarket/reports/intel_danmu_live_lck_bro_bfx_2026-08-28.html（5763 条弹幕）
[2026-08-29 01:04:43] 已刷新 /Users/ad/Documents/polymarket/reports/intel_danmu_live_lck_bro_bfx_2026-08-28.html（5763 条弹幕）
[2026-08-29 01:05:43] 已刷新 /Users/ad/Documents/polymarket/reports/intel_danmu_live_lck_bro_bfx_2026-08-28.html（5763 条弹幕）
[2026-08-29 01:06:43] 已刷新 /Users/ad/Documents/polymarket/reports/intel_danmu_live_lck_bro_bfx_2026-08-28.html（5763 条弹幕）
[2026-08-29 01:07:44] 已刷新 /Users/ad/Documents/polymarket/reports/intel_danmu_live_lck_bro_bfx_2026-08-28.html（5763 条弹幕）
[2026-08-29 01:08:44] 已刷新 /Users/ad/Documents/polymarket/reports/intel_danmu_live_lck_bro_bfx_2026-08-28.html（5763 条弹幕）
[2026-08-29 01:09:45] 已刷新 /Users/ad/Documents/polymarket/reports/intel_danmu_live_lck_bro_bfx_2026-08-28.html（5763 条弹幕）
[2026-08-29 01:10:46] 已刷新 /Users/ad/Documents/polymarket/reports/intel_danmu_live_lck_bro_bfx_2026-08-28.html（5763 条弹幕）
[2026-08-29 01:11:46] 已刷新 /Users/ad/Documents/polymarket/reports/intel_danmu_live_lck_bro_bfx_2026-08-28.html（5763 条弹幕）
[2026-08-29 01:12:47] 已刷新 /Users/ad/Documents/polymarket/reports/intel_danmu_live_lck_bro_bfx_2026-08-28.html（5763 条弹幕）
[2026-08-29 01:13:47] 已刷新 /Users/ad/Documents/polymarket/reports/intel_danmu_live_lck_bro_bfx_2026-08-28.html（5763 条弹幕）
[2026-08-29 01:14:48] 已刷新 /Users/ad/Documents/polymarket/reports/intel_danmu_live_lck_bro_bfx_2026-08-28.html（5763 条弹幕）
[2026-08-29 01:15:48] 已刷新 /Users/ad/Documents/polymarket/reports/intel_danmu_live_lck_bro_bfx_2026-08-28.html（5763 条弹幕）
[2026-08-29 01:16:49] 已刷新 /Users/ad/Documents/polymarket/reports/intel_danmu_live_lck_bro_bfx_2026-08-28.html（5763 条弹幕）
[2026-08-29 01:17:49] 已刷新 /Users/ad/Documents/polymarket/reports/intel_danmu_live_lck_bro_bfx_2026-08-28.html（5763 条弹幕）
[2026-08-29 01:18:50] 已刷新 /Users/ad/Documents/polymarket/reports/intel_danmu_live_lck_bro_bfx_2026-08-28.html（5763 条弹幕）
[2026-08-29 01:19:50] 已刷新 /Users/ad/Documents/polymarket/reports/intel_danmu_live_lck_bro_bfx_2026-08-28.html（5763 条弹幕）
[2026-08-29 01:20:51] 已刷新 /Users/ad/Documents/polymarket/reports/intel_danmu_live_lck_bro_bfx_2026-08-28.html（5763 条弹幕）
[2026-08-29 01:21:51] 已刷新 /Users/ad/Documents/polymarket/reports/intel_danmu_live_lck_bro_bfx_2026-08-28.html（5763 条弹幕）
[2026-08-29 01:22:51] 已刷新 /Users/ad/Documents/polymarket/reports/intel_danmu_live_lck_bro_bfx_2026-08-28.html（5763 条弹幕）
[2026-08-29 01:23:52] 已刷新 /Users/ad/Documents/polymarket/reports/intel_danmu_live_lck_bro_bfx_2026-08-28.html（5763 条弹幕）
[2026-08-29 01:24:52] 已刷新 /Users/ad/Documents/polymarket/reports/intel_danmu_live_lck_bro_bfx_2026-08-28.html（5763 条弹幕）
[2026-08-29 01:25:53] 已刷新 /Users/ad/Documents/polymarket/reports/intel_danmu_live_lck_bro_bfx_2026-08-28.html（5763 条弹幕）
[2026-08-29 01:26:53] 已刷新 /Users/ad/Documents/polymarket/reports/intel_danmu_live_lck_bro_bfx_2026-08-28.html（5763 条弹幕）
[2026-08-29 01:27:54] 已刷新 /Users/ad/Documents/polymarket/reports/intel_danmu_live_lck_bro_bfx_2026-08-28.html（5763 条弹幕）
[2026-08-29 01:28:54] 已刷新 /Users/ad/Documents/polymarket/reports/intel_danmu_live_lck_bro_bfx_2026-08-28.html（5763 条弹幕）
[2026-08-29 01:29:55] 已刷新 /Users/ad/Documents/polymarket/reports/intel_danmu_live_lck_bro_bfx_2026-08-28.html（5763 条弹幕）
[2026-08-29 01:30:56] 已刷新 /Users/ad/Documents/polymarket/reports/intel_danmu_live_lck_bro_bfx_2026-08-28.html（5763 条弹幕）
[2026-08-29 01:31:56] 已刷新 /Users/ad/Documents/polymarket/reports/intel_danmu_live_lck_bro_bfx_2026-08-28.html（5763 条弹幕）
[2026-08-29 01:32:56] 已刷新 /Users/ad/Documents/polymarket/reports/intel_danmu_live_lck_bro_bfx_2026-08-28.html（5763 条弹幕）
[2026-08-29 01:33:57] 已刷新 /Users/ad/Documents/polymarket/reports/intel_danmu_live_lck_bro_bfx_2026-08-28.html（5763 条弹幕）
[2026-08-29 01:34:58] 已刷新 /Users/ad/Documents/polymarket/reports/intel_danmu_live_lck_bro_bfx_2026-08-28.html（5763 条弹幕）
[2026-08-29 01:35:58] 已刷新 /Users/ad/Documents/polymarket/reports/intel_danmu_live_lck_bro_bfx_2026-08-28.html（5763 条弹幕）
[2026-08-29 01:36:59] 已刷新 /Users/ad/Documents/polymarket/reports/intel_danmu_live_lck_bro_bfx_2026-08-28.html（5763 条弹幕）
[2026-08-29 01:37:59] 已刷新 /Users/ad/Documents/polymarket/reports/intel_danmu_live_lck_bro_bfx_2026-08-28.html（5763 条弹幕）
[2026-08-29 01:39:00] 已刷新 /Users/ad/Documents/polymarket/reports/intel_danmu_live_lck_bro_bfx_2026-08-28.html（5763 条弹幕）
[2026-08-29 01:40:00] 已刷新 /Users/ad/Documents/polymarket/reports/intel_danmu_live_lck_bro_bfx_2026-08-28.html（5763 条弹幕）
[2026-08-29 01:41:00] 已刷新 /Users/ad/Documents/polymarket/reports/intel_danmu_live_lck_bro_bfx_2026-08-28.html（5763 条弹幕）
[2026-08-29 01:42:04] 已刷新 /Users/ad/Documents/polymarket/reports/intel_danmu_live_lck_bro_bfx_2026-08-28.html（5763 条弹幕）
[2026-08-29 01:43:05] 已刷新 /Users/ad/Documents/polymarket/reports/intel_danmu_live_lck_bro_bfx_2026-08-28.html（5763 条弹幕）
[2026-08-29 01:44:05] 已刷新 /Users/ad/Documents/polymarket/reports/intel_danmu_live_lck_bro_bfx_2026-08-28.html（5763 条弹幕）
[2026-08-29 01:45:06] 已刷新 /Users/ad/Documents/polymarket/reports/intel_danmu_live_lck_bro_bfx_2026-08-28.html（5763 条弹幕）
[2026-08-29 01:46:07] 已刷新 /Users/ad/Documents/polymarket/reports/intel_danmu_live_lck_bro_bfx_2026-08-28.html（5763 条弹幕）
[2026-08-29 01:47:07] 已刷新 /Users/ad/Documents/polymarket/reports/intel_danmu_live_lck_bro_bfx_2026-08-28.html（5763 条弹幕）
[2026-08-29 01:48:08] 已刷新 /Users/ad/Documents/polymarket/reports/intel_danmu_live_lck_bro_bfx_2026-08-28.html（5763 条弹幕）
[2026-08-29 01:49:08] 已刷新 /Users/ad/Documents/polymarket/reports/intel_danmu_live_lck_bro_bfx_2026-08-28.html（5763 条弹幕）
[2026-08-29 01:50:09] 已刷新 /Users/ad/Documents/polymarket/reports/intel_danmu_live_lck_bro_bfx_2026-08-28.html（5763 条弹幕）
[2026-08-29 01:51:10] 已刷新 /Users/ad/Documents/polymarket/reports/intel_danmu_live_lck_bro_bfx_2026-08-28.html（5763 条弹幕）
[2026-08-29 01:52:19] 已刷新 /Users/ad/Documents/polymarket/reports/intel_danmu_live_lck_bro_bfx_2026-08-28.html（5763 条弹幕）
[2026-08-29 01:53:25] 已刷新 /Users/ad/Documents/polymarket/reports/intel_danmu_live_lck_bro_bfx_2026-08-28.html（5763 条弹幕）
[2026-08-29 01:54:26] 已刷新 /Users/ad/Documents/polymarket/reports/intel_danmu_live_lck_bro_bfx_2026-08-28.html（5763 条弹幕）
[2026-08-29 01:55:28] 已刷新 /Users/ad/Documents/polymarket/reports/intel_danmu_live_lck_bro_bfx_2026-08-28.html（5763 条弹幕）
[2026-08-29 01:56:31] 已刷新 /Users/ad/Documents/polymarket/reports/intel_danmu_live_lck_bro_bfx_2026-08-28.html（5763 条弹幕）
[2026-08-29 01:57:33] 已刷新 /Users/ad/Documents/polymarket/reports/intel_danmu_live_lck_bro_bfx_2026-08-28.html（5763 条弹幕）
[2026-08-29 01:58:34] 已刷新 /Users/ad/Documents/polymarket/reports/intel_danmu_live_lck_bro_bfx_2026-08-28.html（5763 条弹幕）
[2026-08-29 01:59:35] 已刷新 /Users/ad/Documents/polymarket/reports/intel_danmu_live_lck_bro_bfx_2026-08-28.html（5763 条弹幕）
[2026-08-29 02:00:36] 已刷新 /Users/ad/Documents/polymarket/reports/intel_danmu_live_lck_bro_bfx_2026-08-28.html（5763 条弹幕）
[2026-08-29 02:01:38] 已刷新 /Users/ad/Documents/polymarket/reports/intel_danmu_live_lck_bro_bfx_2026-08-28.html（5763 条弹幕）
[2026-08-29 02:02:39] 已刷新 /Users/ad/Documents/polymarket/reports/intel_danmu_live_lck_bro_bfx_2026-08-28.html（5763 条弹幕）
[2026-08-29 02:03:40] 已刷新 /Users/ad/Documents/polymarket/reports/intel_danmu_live_lck_bro_bfx_2026-08-28.html（5763 条弹幕）
[2026-08-29 02:04:41] 已刷新 /Users/ad/Documents/polymarket/reports/intel_danmu_live_lck_bro_bfx_2026-08-28.html（5763 条弹幕）
[2026-08-29 02:05:42] 已刷新 /Users/ad/Documents/polymarket/reports/intel_danmu_live_lck_bro_bfx_2026-08-28.html（5763 条弹幕）
[2026-08-29 02:06:48] 已刷新 /Users/ad/Documents/polymarket/reports/intel_danmu_live_lck_bro_bfx_2026-08-28.html（5763 条弹幕）
[2026-08-29 02:07:49] 已刷新 /Users/ad/Documents/polymarket/reports/intel_danmu_live_lck_bro_bfx_2026-08-28.html（5763 条弹幕）
[2026-08-29 02:08:56] 已刷新 /Users/ad/Documents/polymarket/reports/intel_danmu_live_lck_bro_bfx_2026-08-28.html（5763 条弹幕）
[2026-08-29 02:09:57] 已刷新 /Users/ad/Documents/polymarket/reports/intel_danmu_live_lck_bro_bfx_2026-08-28.html（5763 条弹幕）
[2026-08-29 02:10:59] 已刷新 /Users/ad/Documents/polymarket/reports/intel_danmu_live_lck_bro_bfx_2026-08-28.html（5763 条弹幕）
[2026-08-29 02:12:01] 已刷新 /Users/ad/Documents/polymarket/reports/intel_danmu_live_lck_bro_bfx_2026-08-28.html（5763 条弹幕）
[2026-08-29 02:13:02] 已刷新 /Users/ad/Documents/polymarket/reports/intel_danmu_live_lck_bro_bfx_2026-08-28.html（5763 条弹幕）
[2026-08-29 02:14:02] 已刷新 /Users/ad/Documents/polymarket/reports/intel_danmu_live_lck_bro_bfx_2026-08-28.html（5763 条弹幕）
[2026-08-29 02:15:04] 已刷新 /Users/ad/Documents/polymarket/reports/intel_danmu_live_lck_bro_bfx_2026-08-28.html（5763 条弹幕）
[2026-08-29 02:16:05] 已刷新 /Users/ad/Documents/polymarket/reports/intel_danmu_live_lck_bro_bfx_2026-08-28.html（5763 条弹幕）
[2026-08-29 02:17:05] 已刷新 /Users/ad/Documents/polymarket/reports/intel_danmu_live_lck_bro_bfx_2026-08-28.html（5763 条弹幕）
[2026-08-29 02:18:06] 已刷新 /Users/ad/Documents/polymarket/reports/intel_danmu_live_lck_bro_bfx_2026-08-28.html（5763 条弹幕）
[2026-08-29 02:19:06] 已刷新 /Users/ad/Documents/polymarket/reports/intel_danmu_live_lck_bro_bfx_2026-08-28.html（5763 条弹幕）
[2026-08-29 02:20:07] 已刷新 /Users/ad/Documents/polymarket/reports/intel_danmu_live_lck_bro_bfx_2026-08-28.html（5763 条弹幕）
[2026-08-29 02:21:10] 已刷新 /Users/ad/Documents/polymarket/reports/intel_danmu_live_lck_bro_bfx_2026-08-28.html（5763 条弹幕）
[2026-08-29 02:22:11] 已刷新 /Users/ad/Documents/polymarket/reports/intel_danmu_live_lck_bro_bfx_2026-08-28.html（5763 条弹幕）
[2026-08-29 02:23:12] 已刷新 /Users/ad/Documents/polymarket/reports/intel_danmu_live_lck_bro_bfx_2026-08-28.html（5763 条弹幕）
[2026-08-29 02:24:12] 已刷新 /Users/ad/Documents/polymarket/reports/intel_danmu_live_lck_bro_bfx_2026-08-28.html（5763 条弹幕）
[2026-08-29 02:25:13] 已刷新 /Users/ad/Documents/polymarket/reports/intel_danmu_live_lck_bro_bfx_2026-08-28.html（5763 条弹幕）
[2026-08-29 02:26:13] 已刷新 /Users/ad/Documents/polymarket/reports/intel_danmu_live_lck_bro_bfx_2026-08-28.html（5763 条弹幕）
[2026-08-29 02:27:14] 已刷新 /Users/ad/Documents/polymarket/reports/intel_danmu_live_lck_bro_bfx_2026-08-28.html（5763 条弹幕）
[2026-08-29 02:28:14] 已刷新 /Users/ad/Documents/polymarket/reports/intel_danmu_live_lck_bro_bfx_2026-08-28.html（5763 条弹幕）
[2026-08-29 02:29:15] 已刷新 /Users/ad/Documents/polymarket/reports/intel_danmu_live_lck_bro_bfx_2026-08-28.html（5763 条弹幕）
[2026-08-29 02:30:15] 已刷新 /Users/ad/Documents/polymarket/reports/intel_danmu_live_lck_bro_bfx_2026-08-28.html（5763 条弹幕）
[2026-08-29 02:31:16] 已刷新 /Users/ad/Documents/polymarket/reports/intel_danmu_live_lck_bro_bfx_2026-08-28.html（5763 条弹幕）
[2026-08-29 02:32:17] 已刷新 /Users/ad/Documents/polymarket/reports/intel_danmu_live_lck_bro_bfx_2026-08-28.html（5763 条弹幕）
[2026-08-29 02:33:18] 已刷新 /Users/ad/Documents/polymarket/reports/intel_danmu_live_lck_bro_bfx_2026-08-28.html（5763 条弹幕）
[2026-08-29 02:34:18] 已刷新 /Users/ad/Documents/polymarket/reports/intel_danmu_live_lck_bro_bfx_2026-08-28.html（5763 条弹幕）
[2026-08-29 02:35:18] 已刷新 /Users/ad/Documents/polymarket/reports/intel_danmu_live_lck_bro_bfx_2026-08-28.html（5763 条弹幕）
[2026-08-29 02:36:19] 已刷新 /Users/ad/Documents/polymarket/reports/intel_danmu_live_lck_bro_bfx_2026-08-28.html（5763 条弹幕）
[2026-08-29 02:37:20] 已刷新 /Users/ad/Documents/polymarket/reports/intel_danmu_live_lck_bro_bfx_2026-08-28.html（5763 条弹幕）
[2026-08-29 02:38:20] 已刷新 /Users/ad/Documents/polymarket/reports/intel_danmu_live_lck_bro_bfx_2026-08-28.html（5763 条弹幕）
[2026-08-29 02:39:20] 已刷新 /Users/ad/Documents/polymarket/reports/intel_danmu_live_lck_bro_bfx_2026-08-28.html（5763 条弹幕）
[2026-08-29 02:40:22] 已刷新 /Users/ad/Documents/polymarket/reports/intel_danmu_live_lck_bro_bfx_2026-08-28.html（5763 条弹幕）
[2026-08-29 02:41:22] 已刷新 /Users/ad/Documents/polymarket/reports/intel_danmu_live_lck_bro_bfx_2026-08-28.html（5763 条弹幕）
[2026-08-29 02:42:24] 已刷新 /Users/ad/Documents/polymarket/reports/intel_danmu_live_lck_bro_bfx_2026-08-28.html（5763 条弹幕）
[2026-08-29 02:43:25] 已刷新 /Users/ad/Documents/polymarket/reports/intel_danmu_live_lck_bro_bfx_2026-08-28.html（5763 条弹幕）
[2026-08-29 02:44:26] 已刷新 /Users/ad/Documents/polymarket/reports/intel_danmu_live_lck_bro_bfx_2026-08-28.html（5763 条弹幕）
[2026-08-29 02:45:26] 已刷新 /Users/ad/Documents/polymarket/reports/intel_danmu_live_lck_bro_bfx_2026-08-28.html（5763 条弹幕）
[2026-08-29 02:46:27] 已刷新 /Users/ad/Documents/polymarket/reports/intel_danmu_live_lck_bro_bfx_2026-08-28.html（5763 条弹幕）
[2026-08-29 02:47:28] 已刷新 /Users/ad/Documents/polymarket/reports/intel_danmu_live_lck_bro_bfx_2026-08-28.html（5763 条弹幕）
[2026-08-29 02:50:59] 已刷新 /Users/ad/Documents/polymarket/reports/intel_danmu_live_lck_bro_bfx_2026-08-28.html（5763 条弹幕）
[2026-08-29 02:51:59] 已刷新 /Users/ad/Documents/polymarket/reports/intel_danmu_live_lck_bro_bfx_2026-08-28.html（5763 条弹幕）
[2026-08-29 02:52:59] 已刷新 /Users/ad/Documents/polymarket/reports/intel_danmu_live_lck_bro_bfx_2026-08-28.html（5763 条弹幕）
[2026-08-29 02:54:00] 已刷新 /Users/ad/Documents/polymarket/reports/intel_danmu_live_lck_bro_bfx_2026-08-28.html（5763 条弹幕）
[2026-08-29 02:55:00] 已刷新 /Users/ad/Documents/polymarket/reports/intel_danmu_live_lck_bro_bfx_2026-08-28.html（5763 条弹幕）
[2026-08-29 02:56:00] 已刷新 /Users/ad/Documents/polymarket/reports/intel_danmu_live_lck_bro_bfx_2026-08-28.html（5763 条弹幕）
[2026-08-29 02:57:02] 已刷新 /Users/ad/Documents/polymarket/reports/intel_danmu_live_lck_bro_bfx_2026-08-28.html（5763 条弹幕）
[2026-08-29 02:58:02] 已刷新 /Users/ad/Documents/polymarket/reports/intel_danmu_live_lck_bro_bfx_2026-08-28.html（5763 条弹幕）
[2026-08-29 02:59:03] 已刷新 /Users/ad/Documents/polymarket/reports/intel_danmu_live_lck_bro_bfx_2026-08-28.html（5763 条弹幕）
[2026-08-29 03:00:03] 已刷新 /Users/ad/Documents/polymarket/reports/intel_danmu_live_lck_bro_bfx_2026-08-28.html（5763 条弹幕）
[2026-08-29 03:03:49] 已刷新 /Users/ad/Documents/polymarket/reports/intel_danmu_live_lck_bro_bfx_2026-08-28.html（5763 条弹幕）
[2026-08-29 03:20:30] 已刷新 /Users/ad/Documents/polymarket/reports/intel_danmu_live_lck_bro_bfx_2026-08-28.html（5763 条弹幕）
[2026-08-29 03:37:16] 已刷新 /Users/ad/Documents/polymarket/reports/intel_danmu_live_lck_bro_bfx_2026-08-28.html（5763 条弹幕）
[2026-08-29 03:54:42] 已刷新 /Users/ad/Documents/polymarket/reports/intel_danmu_live_lck_bro_bfx_2026-08-28.html（5763 条弹幕）
[2026-08-29 04:12:01] 已刷新 /Users/ad/Documents/polymarket/reports/intel_danmu_live_lck_bro_bfx_2026-08-28.html（5763 条弹幕）
[2026-08-29 04:45:14] 已刷新 /Users/ad/Documents/polymarket/reports/intel_danmu_live_lck_bro_bfx_2026-08-28.html（5763 条弹幕）
[2026-08-29 05:22:40] 已刷新 /Users/ad/Documents/polymarket/reports/intel_danmu_live_lck_bro_bfx_2026-08-28.html（5763 条弹幕）
[2026-08-29 05:41:05] 已刷新 /Users/ad/Documents/polymarket/reports/intel_danmu_live_lck_bro_bfx_2026-08-28.html（5763 条弹幕）
[2026-08-29 06:06:31] 已刷新 /Users/ad/Documents/polymarket/reports/intel_danmu_live_lck_bro_bfx_2026-08-28.html（5763 条弹幕）
[2026-08-29 06:24:53] 已刷新 /Users/ad/Documents/polymarket/reports/intel_danmu_live_lck_bro_bfx_2026-08-28.html（5763 条弹幕）
[2026-08-29 06:42:02] 已刷新 /Users/ad/Documents/polymarket/reports/intel_danmu_live_lck_bro_bfx_2026-08-28.html（5763 条弹幕）
[2026-08-29 07:03:20] 已刷新 /Users/ad/Documents/polymarket/reports/intel_danmu_live_lck_bro_bfx_2026-08-28.html（5763 条弹幕）
[2026-08-29 07:07:42] 已刷新 /Users/ad/Documents/polymarket/reports/intel_danmu_live_lck_bro_bfx_2026-08-28.html（5763 条弹幕）
[2026-08-29 07:41:27] 已刷新 /Users/ad/Documents/polymarket/reports/intel_danmu_live_lck_bro_bfx_2026-08-28.html（5763 条弹幕）
[2026-08-29 07:54:28] 已刷新 /Users/ad/Documents/polymarket/reports/intel_danmu_live_lck_bro_bfx_2026-08-28.html（5763 条弹幕）
[2026-08-29 07:55:29] 已刷新 /Users/ad/Documents/polymarket/reports/intel_danmu_live_lck_bro_bfx_2026-08-28.html（5763 条弹幕）
[2026-08-29 07:56:29] 已刷新 /Users/ad/Documents/polymarket/reports/intel_danmu_live_lck_bro_bfx_2026-08-28.html（5763 条弹幕）
[2026-08-29 08:09:13] 已刷新 /Users/ad/Documents/polymarket/reports/intel_danmu_live_lck_bro_bfx_2026-08-28.html（5763 条弹幕）
[2026-08-29 08:42:17] 已刷新 /Users/ad/Documents/polymarket/reports/intel_danmu_live_lck_bro_bfx_2026-08-28.html（5763 条弹幕）
[2026-08-29 09:00:56] 已刷新 /Users/ad/Documents/polymarket/reports/intel_danmu_live_lck_bro_bfx_2026-08-28.html（5763 条弹幕）
[2026-08-29 09:09:52] 已刷新 /Users/ad/Documents/polymarket/reports/intel_danmu_live_lck_bro_bfx_2026-08-28.html（5763 条弹幕）
[2026-08-29 09:45:31] 已刷新 /Users/ad/Documents/polymarket/reports/intel_danmu_live_lck_bro_bfx_2026-08-28.html（5763 条弹幕）
[2026-08-29 10:04:16] 已刷新 /Users/ad/Documents/polymarket/reports/intel_danmu_live_lck_bro_bfx_2026-08-28.html（5763 条弹幕）
[2026-08-29 10:10:52] 已刷新 /Users/ad/Documents/polymarket/reports/intel_danmu_live_lck_bro_bfx_2026-08-28.html（5763 条弹幕）
[2026-08-29 10:29:15] 已刷新 /Users/ad/Documents/polymarket/reports/intel_danmu_live_lck_bro_bfx_2026-08-28.html（5763 条弹幕）
[2026-08-29 10:47:46] 已刷新 /Users/ad/Documents/polymarket/reports/intel_danmu_live_lck_bro_bfx_2026-08-28.html（5763 条弹幕）
[2026-08-29 11:06:03] 已刷新 /Users/ad/Documents/polymarket/reports/intel_danmu_live_lck_bro_bfx_2026-08-28.html（5763 条弹幕）
[2026-08-29 11:29:30] 已刷新 /Users/ad/Documents/polymarket/reports/intel_danmu_live_lck_bro_bfx_2026-08-28.html（5763 条弹幕）
[2026-08-29 11:47:28] 已刷新 /Users/ad/Documents/polymarket/reports/intel_danmu_live_lck_bro_bfx_2026-08-28.html（5763 条弹幕）
[2026-08-29 12:12:40] 已刷新 /Users/ad/Documents/polymarket/reports/intel_danmu_live_lck_bro_bfx_2026-08-28.html（5763 条弹幕）
[2026-08-29 12:31:35] 已刷新 /Users/ad/Documents/polymarket/reports/intel_danmu_live_lck_bro_bfx_2026-08-28.html（5763 条弹幕）
[2026-08-29 13:06:56] 已刷新 /Users/ad/Documents/polymarket/reports/intel_danmu_live_lck_bro_bfx_2026-08-28.html（5763 条弹幕）
[2026-08-29 13:13:36] 已刷新 /Users/ad/Documents/polymarket/reports/intel_danmu_live_lck_bro_bfx_2026-08-28.html（5763 条弹幕）
[2026-08-29 13:30:24] 已刷新 /Users/ad/Documents/polymarket/reports/intel_danmu_live_lck_bro_bfx_2026-08-28.html（5763 条弹幕）
[2026-08-29 14:03:52] 已刷新 /Users/ad/Documents/polymarket/reports/intel_danmu_live_lck_bro_bfx_2026-08-28.html（5763 条弹幕）
[2026-08-29 14:15:01] 已刷新 /Users/ad/Documents/polymarket/reports/intel_danmu_live_lck_bro_bfx_2026-08-28.html（5763 条弹幕）
[2026-08-29 15:05:10] 已刷新 /Users/ad/Documents/polymarket/reports/intel_danmu_live_lck_bro_bfx_2026-08-28.html（5763 条弹幕）
[2026-08-29 15:15:36] 已刷新 /Users/ad/Documents/polymarket/reports/intel_danmu_live_lck_bro_bfx_2026-08-28.html（5763 条弹幕）
[2026-08-29 15:31:43] 已刷新 /Users/ad/Documents/polymarket/reports/intel_danmu_live_lck_bro_bfx_2026-08-28.html（5763 条弹幕）
[2026-08-29 15:32:43] 已刷新 /Users/ad/Documents/polymarket/reports/intel_danmu_live_lck_bro_bfx_2026-08-28.html（5763 条弹幕）
[2026-08-29 15:33:44] 已刷新 /Users/ad/Documents/polymarket/reports/intel_danmu_live_lck_bro_bfx_2026-08-28.html（5763 条弹幕）
[2026-08-29 15:34:44] 已刷新 /Users/ad/Documents/polymarket/reports/intel_danmu_live_lck_bro_bfx_2026-08-28.html（5763 条弹幕）
[2026-08-29 15:35:44] 已刷新 /Users/ad/Documents/polymarket/reports/intel_danmu_live_lck_bro_bfx_2026-08-28.html（5763 条弹幕）
[2026-08-29 15:36:45] 已刷新 /Users/ad/Documents/polymarket/reports/intel_danmu_live_lck_bro_bfx_2026-08-28.html（5763 条弹幕）
[2026-08-29 15:37:45] 已刷新 /Users/ad/Documents/polymarket/reports/intel_danmu_live_lck_bro_bfx_2026-08-28.html（5763 条弹幕）
[2026-08-29 15:38:46] 已刷新 /Users/ad/Documents/polymarket/reports/intel_danmu_live_lck_bro_bfx_2026-08-28.html（5763 条弹幕）
[2026-08-29 15:39:46] 已刷新 /Users/ad/Documents/polymarket/reports/intel_danmu_live_lck_bro_bfx_2026-08-28.html（5763 条弹幕）
[2026-08-29 15:40:46] 已刷新 /Users/ad/Documents/polymarket/reports/intel_danmu_live_lck_bro_bfx_2026-08-28.html（5763 条弹幕）
[2026-08-29 15:41:47] 已刷新 /Users/ad/Documents/polymarket/reports/intel_danmu_live_lck_bro_bfx_2026-08-28.html（5763 条弹幕）
[2026-08-29 15:42:47] 已刷新 /Users/ad/Documents/polymarket/reports/intel_danmu_live_lck_bro_bfx_2026-08-28.html（5763 条弹幕）
[2026-08-29 15:43:47] 已刷新 /Users/ad/Documents/polymarket/reports/intel_danmu_live_lck_bro_bfx_2026-08-28.html（5763 条弹幕）
