game,league,date,slug,g1_winner,g2_winner,series_winner,struct,prematch_price_available
CS2,FiReCONTER Playoffs,2026-03-01,cs2-pcy-shin-2026-03-01,ShindeN,ShindeN,ShindeN,2:0 横扫,否（无赛前价存档）
CS2,FiReCONTER Playoffs,2026-03-01,cs2-isg-desped-2026-03-01,Despedidos,Isurus,Isurus,2:1 打满,否（无赛前价存档）
CS2,PGL Bucharest: North American Closed Qualifier Playoffs,2026-02-28,cs2-lag-boss-2026-02-28,LAG Gaming,LAG Gaming,LAG Gaming,2:0 横扫,否（无赛前价存档）
CS2,CCT Europe Series #17 Group Stage,2026-03-01,cs2-ruby1-omega1-2026-03-01,Omega,ex-RUBY,ex-RUBY,2:1 打满,否（无赛前价存档）
CS2,Exort Meteor Playoffs,2026-03-01,cs2-mzp-aim1-2026-03-01,Metizport,Metizport,Metizport,2:0 横扫,否（无赛前价存档）
CS2,Exort Meteor Playoffs,2026-03-01,cs2-zerote-sta6-2026-03-01,ex-Zero Tenacity,STATE,ex-Zero Tenacity,2:1 打满,否（无赛前价存档）
CS2,Exort Meteor Playoffs,2026-03-01,cs2-ace1-g2a-2026-03-01,G2 Ares,G2 Ares,G2 Ares,2:0 横扫,否（无赛前价存档）
CS2,CCT Europe Series #17 Group Stage,2026-03-01,cs2-ast-zerote-2026-03-01,ex-Zero Tenacity,ex-Zero Tenacity,ex-Zero Tenacity,2:0 横扫,否（无赛前价存档）
CS2,United21 Playoffs,2026-03-03,cs2-rt1-imperi-2026-03-03,Imperial Academy,ReThink,Imperial Academy,2:1 打满,否（无赛前价存档）
CS2,CCT South America Series #9 Group Stage,2026-03-01,cs2-bad-vsc-2026-03-01,Vasco Esports,Vasco Esports,Vasco Esports,2:0 横扫,否（无赛前价存档）
CS2,PGL Bucharest: South American Closed Qualifier Playoffs,2026-03-01,cs2-gls1-imp11-2026-03-01,Imperial,Imperial,Imperial,2:0 横扫,否（无赛前价存档）
CS2,United21 Playoffs,2026-03-02,cs2-fokus-mis-2026-03-02,Misa Esports,Misa Esports,Misa Esports,2:0 横扫,否（无赛前价存档）
CS2,CCT South America Series #9 Group Stage,2026-03-01,cs2-crash-metano-2026-03-01,Crashers,Crashers,Crashers,2:0 横扫,否（无赛前价存档）
CS2,CCT South America Series #9 Group Stage,2026-03-01,cs2-pls-r2-2026-03-01,Players,R2 Esports Club,R2 Esports Club,2:1 打满,否（无赛前价存档）
CS2,CCT Europe Series #17 Group Stage,2026-03-01,cs2-mouzn-oxuji-2026-03-01,MOUZ NXT,MOUZ NXT,MOUZ NXT,2:0 横扫,否（无赛前价存档）
CS2,CCT Europe Series #17 Group Stage,2026-03-02,cs2-fav-havu-2026-03-02,HAVU,Favbet,Favbet,2:1 打满,否（无赛前价存档）
CS2,CCT Europe Series #17 Group Stage,2026-03-02,cs2-ace1-nvq-2026-03-02,Acend,Acend,Acend,2:0 横扫,否（无赛前价存档）
CS2,PGL Bucharest: North American Closed Qualifier Playoffs,2026-03-01,cs2-wc1-lag-2026-03-01,Wildcard,Wildcard,Wildcard,2:0 横扫,否（无赛前价存档）
CS2,JB Pro League Season 2 Playoffs,2026-03-01,cs2-kol-lk-2026-03-01,KOLESIE,KOLESIE,KOLESIE,2:0 横扫,否（无赛前价存档）
CS2,Exort Meteor Playoffs,2026-03-02,cs2-forzer-ursa-2026-03-02,FORZE Reload,Ursa,FORZE Reload,2:1 打满,否（无赛前价存档）
CS2,BetBoom Storm Group Stage,2026-03-02,cs2-ds-paina-2026-03-02,DashSkins,paiN Academy,DashSkins,2:1 打满,否（无赛前价存档）
CS2,Exort Meteor Playoffs,2026-03-02,cs2-sparta-ww-2026-03-02,SPARTA,WW Team,WW Team,2:1 打满,否（无赛前价存档）
CS2,BetBoom Storm Group Stage,2026-03-02,cs2-fa-r2-2026-03-02,FOLHA AMARELA,FOLHA AMARELA,FOLHA AMARELA,2:0 横扫,否（无赛前价存档）
CS2,Exort Meteor Playoffs,2026-03-02,cs2-33-unity-2026-03-02,33,33,33,2:0 横扫,否（无赛前价存档）
CS2,BetBoom Storm Group Stage,2026-03-02,cs2-isg-crash-2026-03-02,Isurus,Crashers,Isurus,2:1 打满,否（无赛前价存档）
CS2,Exort Meteor Playoffs,2026-03-02,cs2-jjh-fal-2026-03-02,JiJieHao,JiJieHao,JiJieHao,2:0 横扫,否（无赛前价存档）
CS2,JB Pro League Season 2 Playoffs,2026-03-01,cs2-sashi-lc-2026-03-01,Lazer Cats,Lazer Cats,Lazer Cats,2:0 横扫,否（无赛前价存档）
CS2,FiReCONTER Playoffs,2026-03-01,cs2-pcy-isg-2026-03-01,Procyon Gaming,Procyon Gaming,Procyon Gaming,2:0 横扫,否（无赛前价存档）
CS2,CCT Europe Closed Qualifier: Series #18 Group B,2026-03-02,cs2-bbp-pge-2026-03-02,Bebop,Bebop,Bebop,2:0 横扫,否（无赛前价存档）
CS2,CCT Europe Closed Qualifier: Series #18 Group C,2026-03-04,cs2-heroa-qua1-2026-03-04,QUAZAR,HEROIC Academy,QUAZAR,2:1 打满,否（无赛前价存档）
CS2,CCT Europe Closed Qualifier: Series #18 Group C,2026-03-04,cs2-fcf-csdiil-2026-03-04, CSDIILIT, CSDIILIT, CSDIILIT,2:0 横扫,否（无赛前价存档）
CS2,CCT Europe Closed Qualifier: Series #18 Group D,2026-03-04,cs2-bmb-msc-2026-03-04,MASONIC,BASEMENT BOYS,BASEMENT BOYS,2:1 打满,否（无赛前价存档）
CS2,FiReCONTER Playoffs,2026-03-01,cs2-shin-pcy-2026-03-01,Procyon Gaming,ShindeN,ShindeN,2:1 打满,否（无赛前价存档）
CS2,CCT Europe Contenders #1 Playoffs,2026-03-01,cs2-atreid-bl-2026-03-01,Atreides,brazylijski luz,Atreides,2:1 打满,否（无赛前价存档）
CS2,BC Game Masters Group Stage,2026-03-02,cs2-run2-pge-2026-03-02,Rune Eaters,Rune Eaters,Rune Eaters,2:0 横扫,否（无赛前价存档）
CS2,BC Game Masters Group Stage,2026-03-02,cs2-nvq-heroa-2026-03-02,Team Novaq,Team Novaq,Team Novaq,2:0 横扫,否（无赛前价存档）
CS2,BC Game Masters Group Stage,2026-03-02,cs2-ursa-ef1-2026-03-02,Eternal Fire,Eternal Fire,Eternal Fire,2:0 横扫,否（无赛前价存档）
CS2,BC Game Masters Group Stage,2026-03-02,cs2-omega1-encea1-2026-03-02,ENCE Academy,ENCE Academy,ENCE Academy,2:0 横扫,否（无赛前价存档）
CS2,United21 Playoffs,2026-03-02,cs2-sta6-heroa-2026-03-02,HEROIC Academy,HEROIC Academy,HEROIC Academy,2:0 横扫,否（无赛前价存档）
CS2,BetBoom Storm Group Stage,2026-03-03,cs2-pcy-uno-2026-03-03,UNO MILLE,UNO MILLE,UNO MILLE,2:0 横扫,否（无赛前价存档）
CS2,United21 Playoffs,2026-03-03,cs2-lph-navij1-2026-03-03,NAVI Junior,NAVI Junior,NAVI Junior,2:0 横扫,否（无赛前价存档）
CS2,BetBoom Storm Group Stage,2026-03-03,cs2-furiaf-pug1-2026-03-03,pugdesonesto,FURIA fe,pugdesonesto,2:1 打满,否（无赛前价存档）
CS2,ESL Pro League Stage 1,2026-03-02,cs2-g2-lgc-2026-03-02,Legacy,Legacy,Legacy,2:0 横扫,否（无赛前价存档）
CS2,ESL Pro League Stage 1,2026-03-02,cs2-tl1-gg5-2026-03-02,Gaimin Gladiators,Liquid,Gaimin Gladiators,2:1 打满,否（无赛前价存档）
CS2,ESL Pro League Stage 1,2026-03-02,cs2-nip-m80-2026-03-02,M80,NIP,M80,2:1 打满,否（无赛前价存档）
CS2,ESL Pro League Stage 1,2026-03-02,cs2-pssnua-fut-2026-03-02,FUT Esports,Passion UA,FUT Esports,2:1 打满,否（无赛前价存档）
CS2,ESL Pro League Stage 1,2026-03-02,cs2-hero-ast10-2026-03-02,Astralis,Astralis,Astralis,2:0 横扫,否（无赛前价存档）
CS2,ESL Pro League Stage 1,2026-03-02,cs2-3dmax-sfe-2026-03-02,3DMAX,3DMAX,3DMAX,2:0 横扫,否（无赛前价存档）
CS2,ESL Pro League Stage 1,2026-03-02,cs2-nrg-mnte-2026-03-02,Monte,Monte,Monte,2:0 横扫,否（无赛前价存档）
CS2,ESL Pro League Stage 1,2026-03-02,cs2-prv-pain-2026-03-02,PARIVISION,PARIVISION,PARIVISION,2:0 横扫,否（无赛前价存档）
CS2,CCT South America Series #9 Playoffs,2026-03-02,cs2-furiaf-paina-2026-03-02,paiN Academy,FURIA fe,FURIA fe,2:1 打满,否（无赛前价存档）
CS2,CCT South America Series #9 Playoffs,2026-03-02,cs2-pcy-fa-2026-03-02,FOLHA AMARELA,Procyon Gaming,FOLHA AMARELA,2:1 打满,否（无赛前价存档）
CS2,CCT South America Series #9 Playoffs,2026-03-02,cs2-keyd-vsc-2026-03-02,Keyd,Keyd,Keyd,2:0 横扫,否（无赛前价存档）
CS2,CCT South America Series #9 Playoffs,2026-03-02,cs2-mibrf-r2-2026-03-02,R2 Esports Club,R2 Esports Club,R2 Esports Club,2:0 横扫,否（无赛前价存档）
CS2,BC Game Masters Group Stage,2026-03-03,cs2-meg1-fuzos-2026-03-03,megoshort,megoshort,megoshort,2:0 横扫,否（无赛前价存档）
CS2,CCT Europe Closed Qualifier: Series #18 Group A,2026-03-02,cs2-ww-oxuji-2026-03-02,Oxuji Esports,Oxuji Esports,Oxuji Esports,2:0 横扫,否（无赛前价存档）
CS2,IZI WEX Group A,2026-03-03,cs2-ntr-yl-2026-03-03,Nuclear TigeRES,Nuclear TigeRES,Nuclear TigeRES,2:0 横扫,否（无赛前价存档）
CS2,IZI WEX Group B,2026-03-03,cs2-ww-b52-2026-03-03,WW Team,WW Team,WW Team,2:0 横扫,否（无赛前价存档）
CS2,IZI WEX Group A,2026-03-03,cs2-wb1-5actor-2026-03-03,5Actors,WHITEBIRD,WHITEBIRD,2:1 打满,否（无赛前价存档）
CS2,IZI WEX Group C,2026-03-04,cs2-tdk-muerta-2026-03-04,TDK,TDK,TDK,2:0 横扫,否（无赛前价存档）
CS2,IZI WEX Group C,2026-03-04,cs2-1win-ep-2026-03-04,1WIN,1WIN,1WIN,2:0 横扫,否（无赛前价存档）
CS2,CCT South America Series #9 Playoffs,2026-03-03,cs2-yaw-ldp-2026-03-03,largadosypelados,largadosypelados,largadosypelados,2:0 横扫,否（无赛前价存档）
CS2,CCT Europe Series #17 Group Stage,2026-03-02,cs2-mzp-lk-2026-03-02,Metizport,Metizport,Metizport,2:0 横扫,否（无赛前价存档）
CS2,CCT South America Series #9 Playoffs,2026-03-03,cs2-bhe-crash-2026-03-03,Bounty Hunters Esports,Bounty Hunters Esports,Bounty Hunters Esports,2:0 横扫,否（无赛前价存档）
CS2,CCT Europe Series #17 Group Stage,2026-03-02,cs2-leo2-lc-2026-03-02,Leo Team,Leo Team,Leo Team,2:0 横扫,否（无赛前价存档）
CS2,CCT South America Series #9 Playoffs,2026-03-03,cs2-fdb-isg-2026-03-03,Fake do Biru,Isurus,Isurus,2:1 打满,否（无赛前价存档）
CS2,CCT South America Series #9 Playoffs,2026-03-03,cs2-krespo-gh-2026-03-03,ex-KRÜ Esports,Game Hunters,ex-KRÜ Esports,2:1 打满,否（无赛前价存档）
CS2,Exort Meteor Playoffs,2026-03-03,cs2-33-forzer-2026-03-03,33,33,33,2:0 横扫,否（无赛前价存档）
CS2,Exort Meteor Playoffs,2026-03-03,cs2-mzp-jjh-2026-03-03,JiJieHao,Metizport,JiJieHao,2:1 打满,否（无赛前价存档）
CS2,Exort Meteor Playoffs,2026-03-03,cs2-g2a-ww-2026-03-03,WW Team,G2 Ares,G2 Ares,2:1 打满,否（无赛前价存档）
CS2,European Pro League Series 5 Playoffs,2026-03-04,cs2-sashi-encea1-2026-03-04,Sashi Esport,ENCE Academy,Sashi Esport,2:1 打满,否（无赛前价存档）
CS2,European Pro League Series 5 Playoffs,2026-03-03,cs2-k271-forzer-2026-03-03,K27,K27,K27,2:0 横扫,否（无赛前价存档）
CS2,European Pro League Series 5 Playoffs,2026-03-05,cs2-nem-ecf-2026-03-05,Team Nemesis,Team Nemesis,Team Nemesis,2:0 横扫,否（无赛前价存档）
CS2,European Pro League Series 5 Playoffs,2026-03-06,cs2-mouzn-unity-2026-03-06,MOUZ NXT,MOUZ NXT,MOUZ NXT,2:0 横扫,否（无赛前价存档）
CS2,ESL Pro League Stage 1,2026-03-03,cs2-fut-ast10-2026-03-03,FUT Esports,FUT Esports,FUT Esports,2:0 横扫,否（无赛前价存档）
CS2,ESL Pro League Stage 1,2026-03-03,cs2-hero-mnte-2026-03-03,Monte,Monte,Monte,2:0 横扫,否（无赛前价存档）
CS2,ESL Pro League Stage 1,2026-03-03,cs2-3dmax-gg5-2026-03-03,3DMAX,3DMAX,3DMAX,2:0 横扫,否（无赛前价存档）
CS2,ESL Pro League Stage 1,2026-03-03,cs2-prv-lgc-2026-03-03,Legacy,Legacy,Legacy,2:0 横扫,否（无赛前价存档）
CS2,ESL Pro League Stage 1,2026-03-03,cs2-pain-pssnua-2026-03-03,paiN,Passion UA,paiN,2:1 打满,否（无赛前价存档）
CS2,ESL Pro League Stage 1,2026-03-03,cs2-sfe-tl1-2026-03-03,Liquid,SemperFi Esports,Liquid,2:1 打满,否（无赛前价存档）
CS2,ESL Pro League Stage 1,2026-03-03,cs2-nip-nrg-2026-03-03,NIP,NRG,NIP,2:1 打满,否（无赛前价存档）
CS2,ESL Pro League Stage 1,2026-03-03,cs2-g2-m80-2026-03-03,G2,M80,G2,2:1 打满,否（无赛前价存档）
CS2,CCT Europe Closed Qualifier: Series #18 Group B,2026-03-03,cs2-lilmix-pge-2026-03-03,Lilmix,Lilmix,Lilmix,2:0 横扫,否（无赛前价存档）
CS2,CCT Europe Closed Qualifier: Series #18 Group A,2026-03-03,cs2-oxuji-ef1-2026-03-03,Oxuji Esports,Oxuji Esports,Oxuji Esports,2:0 横扫,否（无赛前价存档）
CS2,CCT Europe Series #17 Group Stage,2026-03-04,cs2-ruby1-ace1-2026-03-04,ex-RUBY,ex-RUBY,ex-RUBY,2:0 横扫,否（无赛前价存档）
CS2,CCT Europe Series #17 Group Stage,2026-03-03,cs2-oxuji-pha-2026-03-03,Oxuji Esports,Phantom,Phantom,2:1 打满,否（无赛前价存档）
CS2,CCT Europe Series #17 Group Stage,2026-03-03,cs2-ast-havu-2026-03-03,ASTRAL,ASTRAL,ASTRAL,2:0 横扫,否（无赛前价存档）
CS2,CCT Europe Series #17 Group Stage,2026-03-04,cs2-fav-zerote-2026-03-04,Favbet,Favbet,Favbet,2:0 横扫,否（无赛前价存档）
CS2,CCT Europe Series #17 Group Stage,2026-03-03,cs2-mzp-leo2-2026-03-03,Metizport,Metizport,Metizport,2:0 横扫,否（无赛前价存档）
CS2,CCT Europe Series #17 Group Stage,2026-03-03,cs2-nvq-omega1-2026-03-03,Team Novaq,Omega,Omega,2:1 打满,否（无赛前价存档）
CS2,CCT Europe Series #17 Group Stage,2026-03-04,cs2-lc-lk-2026-03-04,Lazer Cats,Lazer Cats,Lazer Cats,2:0 横扫,否（无赛前价存档）
CS2,NODWIN Clutch Series Playoffs,2026-03-03,cs2-nem-lc-2026-03-03,Team Nemesis,Team Nemesis,Team Nemesis,2:0 横扫,否（无赛前价存档）
CS2,BC Game Masters Group Stage,2026-03-03,cs2-lk-lilmix-2026-03-03,Lilmix,los kogutos,los kogutos,2:1 打满,否（无赛前价存档）
CS2,IZI WEX Group B,2026-03-03,cs2-nemi1-pg4-2026-03-03,Nemiga,Nemiga,Nemiga,2:0 横扫,否（无赛前价存档）
CS2,Stake Ranked Episode 1: Closed Qualifier Playoffs,2026-03-05,cs2-ice-fc3-2026-03-05,Inner Circle Esports,FriendlyCampers,FriendlyCampers,2:1 打满,否（无赛前价存档）
CS2,Stake Ranked Episode 1: Closed Qualifier Playoffs,2026-03-04,cs2-sin2-ecs-2026-03-04,Sinners,Sinners,Sinners,2:0 横扫,否（无赛前价存档）
CS2,Stake Ranked Episode 1: Closed Qualifier Playoffs,2026-03-04,cs2-k271-cs1-2026-03-04,K27,CYBERSHOKE Esports,K27,2:1 打满,否（无赛前价存档）
CS2,Stake Ranked Episode 1: Closed Qualifier Playoffs,2026-03-04,cs2-big5-js1-2026-03-04,BIG,BIG,BIG,2:0 横扫,否（无赛前价存档）
CS2,Stake Ranked Episode 1: Closed Qualifier Playoffs,2026-03-04,cs2-eye-nem-2026-03-04,EYEBALLERS,Team Nemesis,Team Nemesis,2:1 打满,否（无赛前价存档）
CS2,Stake Ranked Episode 1: Closed Qualifier Playoffs,2026-03-05,cs2-9ine-tri9-2026-03-05,9INE,9INE,9INE,2:0 横扫,否（无赛前价存档）
CS2,Stake Ranked Episode 1: Closed Qualifier Playoffs,2026-03-05,cs2-fnc-ence-2026-03-05,fnatic,fnatic,fnatic,2:0 横扫,否（无赛前价存档）
CS2,Stake Ranked Episode 1: Closed Qualifier Playoffs,2026-03-05,cs2-pssnua-fokus-2026-03-05,FOKUS,FOKUS,FOKUS,2:0 横扫,否（无赛前价存档）
CS2,IZI WEX Group B,2026-03-03,cs2-nemi1-ww-2026-03-03,Nemiga,Nemiga,Nemiga,2:0 横扫,否（无赛前价存档）
CS2,NODWIN Clutch Series Playoffs,2026-03-04,cs2-cs1-ecs-2026-03-04,ECSTATIC,ECSTATIC,ECSTATIC,2:0 横扫,否（无赛前价存档）
CS2,A1 Gaming League Playoffs,2026-03-07,cs2-ecs-nemi1-2026-03-07,Nemiga,Nemiga,Nemiga,2:0 横扫,否（无赛前价存档）
CS2,A1 Gaming League Playoffs,2026-03-07,cs2-33-ace1-2026-03-07,33,Acend,Acend,2:1 打满,否（无赛前价存档）
CS2,NODWIN Clutch Series Playoffs,2026-03-04,cs2-am-nem-2026-03-04,AM Gaming,AM Gaming,AM Gaming,2:0 横扫,否（无赛前价存档）
CS2,IZI WEX Group B,2026-03-03,cs2-pg4-b52-2026-03-03,premghouls,premghouls,premghouls,2:0 横扫,否（无赛前价存档）
CS2,IZI WEX Group A,2026-03-03,cs2-yl-5actor-2026-03-03,Younglings,5Actors,Younglings,2:1 打满,否（无赛前价存档）
CS2,European Pro League Series 5 Playoffs,2026-03-07,cs2-k271-js1-2026-03-07,K27,K27,K27,2:0 横扫,否（无赛前价存档）
CS2,European Pro League Series 5 Playoffs,2026-03-04,cs2-pha-oxuji-2026-03-04,Oxuji Esports,Oxuji Esports,Oxuji Esports,2:0 横扫,否（无赛前价存档）
CS2,IZI WEX Group B,2026-03-03,cs2-ww-pg4-2026-03-03,premghouls,WW Team,WW Team,2:1 打满,否（无赛前价存档）
CS2,NODWIN Clutch Series Playoffs,2026-03-04,cs2-hotu-mgc-2026-03-04,magic,magic,magic,2:0 横扫,否（无赛前价存档）
CS2,IZI WEX Group A,2026-03-03,cs2-wb1-yl-2026-03-03,Younglings,WHITEBIRD,WHITEBIRD,2:1 打满,否（无赛前价存档）
CS2,NODWIN Clutch Series Playoffs,2026-03-04,cs2-big5-ill-2026-03-04,BIG,BIG,BIG,2:0 横扫,否（无赛前价存档）
CS2,Exort Meteor Playoffs,2026-03-04,cs2-33-g2a-2026-03-04,33,33,33,2:0 横扫,否（无赛前价存档）
CS2,ESL Pro League Stage 1,2026-03-04,cs2-prv-mnte-2026-03-04,Monte,PARIVISION,Monte,2:1 打满,否（无赛前价存档）
CS2,ESL Pro League Stage 1,2026-03-04,cs2-ast10-3dmax-2026-03-04,Astralis,Astralis,Astralis,2:0 横扫,否（无赛前价存档）
CS2,ESL Pro League Stage 1,2026-03-04,cs2-nip-gg5-2026-03-04,NIP,NIP,NIP,2:0 横扫,否（无赛前价存档）
CS2,ESL Pro League Stage 1,2026-03-04,cs2-hero-pssnua-2026-03-04,Heroic,Heroic,Heroic,2:0 横扫,否（无赛前价存档）
CS2,ESL Pro League Stage 1,2026-03-04,cs2-pain-g2-2026-03-04,paiN,paiN,paiN,2:0 横扫,否（无赛前价存档）
CS2,ESL Pro League Stage 1,2026-03-04,cs2-m80-tl1-2026-03-04,Liquid,M80,Liquid,2:1 打满,否（无赛前价存档）
CS2,CCT South America Series #9 Playoffs,2026-03-04,cs2-r2-fa-2026-03-04,FOLHA AMARELA,R2 Esports Club,R2 Esports Club,2:1 打满,否（无赛前价存档）
CS2,CCT South America Series #9 Playoffs,2026-03-04,cs2-keyd-krespo-2026-03-04,Keyd,Keyd,Keyd,2:0 横扫,否（无赛前价存档）
CS2,CCT South America Series #9 Playoffs,2026-03-04,cs2-isg-furiaf-2026-03-04,FURIA fe,Isurus,Isurus,2:1 打满,否（无赛前价存档）
CS2,BetBoom Storm Group Stage,2026-03-04,cs2-keyd-pug1-2026-03-04,Keyd,Keyd,Keyd,2:0 横扫,否（无赛前价存档）
CS2,BetBoom Storm Group Stage,2026-03-04,cs2-bhe-uno-2026-03-04,Bounty Hunters Esports,Bounty Hunters Esports,Bounty Hunters Esports,2:0 横扫,否（无赛前价存档）
CS2,BC Game Masters Group Stage,2026-03-04,cs2-ww-heroa-2026-03-04,HEROIC Academy,HEROIC Academy,HEROIC Academy,2:0 横扫,否（无赛前价存档）
CS2,BC Game Masters Group Stage,2026-03-05,cs2-zerote-nvq-2026-03-05,Team Novaq,ex-Zero Tenacity,Team Novaq,2:1 打满,否（无赛前价存档）
CS2,BC Game Masters Group Stage,2026-03-05,cs2-run2-ef1-2026-03-05,Rune Eaters,Eternal Fire,Eternal Fire,2:1 打满,否（无赛前价存档）
CS2,BC Game Masters Group Stage,2026-03-05,cs2-lk-encea1-2026-03-05,ENCE Academy,ENCE Academy,ENCE Academy,2:0 横扫,否（无赛前价存档）
CS2,CCT South America Series #9 Playoffs,2026-03-04,cs2-bhe-ldp-2026-03-04,largadosypelados,Bounty Hunters Esports,Bounty Hunters Esports,2:1 打满,否（无赛前价存档）
CS2,BC Game Masters Group Stage,2026-03-04,cs2-ursa-lilmix-2026-03-04,Lilmix,Ursa,Ursa,2:1 打满,否（无赛前价存档）
CS2,IZI WEX Group D,2026-03-04,cs2-vpp-oxuji-2026-03-04,VP.Prodigy,VP.Prodigy,VP.Prodigy,2:0 横扫,否（无赛前价存档）
CS2,IZI WEX Group C,2026-03-04,cs2-ep-muerta-2026-03-04,MUERTA TEAM,MUERTA TEAM,MUERTA TEAM,2:0 横扫,否（无赛前价存档）
CS2,IZI WEX Group C,2026-03-04,cs2-1win-tdk-2026-03-04,1WIN,TDK,TDK,2:1 打满,否（无赛前价存档）
CS2,IZI WEX Group D,2026-03-04,cs2-arc4-vpp-2026-03-04,ARCRED,VP.Prodigy,VP.Prodigy,2:1 打满,否（无赛前价存档）
CS2,BetBoom Storm Group Stage,2026-03-04,cs2-furiaf-paina-2026-03-04,paiN Academy,paiN Academy,paiN Academy,2:0 横扫,否（无赛前价存档）
CS2,BetBoom Storm Group Stage,2026-03-05,cs2-isg-fa-2026-03-05,FOLHA AMARELA,FOLHA AMARELA,FOLHA AMARELA,2:0 横扫,否（无赛前价存档）
CS2,BetBoom Storm Group Stage,2026-03-05,cs2-pcy-r2-2026-03-05,R2 Esports Club,Procyon Gaming,Procyon Gaming,2:1 打满,否（无赛前价存档）
CS2,BetBoom Storm Group Stage,2026-03-05,cs2-krespo-ds-2026-03-05,DashSkins,DashSkins,DashSkins,2:0 横扫,否（无赛前价存档）
CS2,NODWIN Clutch Series Playoffs,2026-03-05,cs2-big5-am-2026-03-05,BIG,BIG,BIG,2:0 横扫,否（无赛前价存档）
CS2,IZI WEX Group D,2026-03-04,cs2-oxuji-arc4-2026-03-04,ARCRED,ARCRED,ARCRED,2:0 横扫,否（无赛前价存档）
CS2,CCT Europe Closed Qualifier: Series #18 Group C,2026-03-05,cs2-heroa-fcf-2026-03-05,HEROIC Academy,HEROIC Academy,HEROIC Academy,2:0 横扫,否（无赛前价存档）
CS2,CCT Europe Closed Qualifier: Series #18 Group C,2026-03-05,cs2-qua1-csdiil-2026-03-05, CSDIILIT,QUAZAR,QUAZAR,2:1 打满,否（无赛前价存档）
CS2,Exort Meteor Playoffs,2026-03-04,cs2-jjh-33-2026-03-04,JiJieHao,JiJieHao,JiJieHao,2:0 横扫,否（无赛前价存档）
CS2,Circuit X Pantanal Cuiabá Group A,2026-03-04,cs2-shin-metano-2026-03-04,ShindeN,ShindeN,ShindeN,2:0 横扫,否（无赛前价存档）
CS2,Circuit X Pantanal Cuiabá Group A,2026-03-04,cs2-fxw7-imp11-2026-03-04,Imperial,Fluxo W7M,Imperial,2:1 打满,否（无赛前价存档）
CS2,European Pro League Series 5 Playoffs,2026-03-05,cs2-kol-ace1-2026-03-05,KOLESIE,Acend,Acend,2:1 打满,否（无赛前价存档）
CS2,IZI WEX Group C,2026-03-04,cs2-1win-muerta-2026-03-04,1WIN,1WIN,1WIN,2:0 横扫,否（无赛前价存档）
CS2,CCT Europe Closed Qualifier: Series #18 Group D,2026-03-05,cs2-zerote-msc-2026-03-05,ex-Zero Tenacity,ex-Zero Tenacity,ex-Zero Tenacity,2:0 横扫,否（无赛前价存档）
CS2,ESL Pro League Stage 1,2026-03-05,cs2-g2-nip-2026-03-05,G2,G2,G2,2:0 横扫,否（无赛前价存档）
CS2,ESL Pro League Stage 1,2026-03-05,cs2-3dmax-tl1-2026-03-05,3DMAX,3DMAX,3DMAX,2:0 横扫,否（无赛前价存档）
CS2,CCT Europe Series #17 Group Stage,2026-03-05,cs2-pha-ast-2026-03-05,Phantom,Phantom,Phantom,2:0 横扫,否（无赛前价存档）
CS2,CCT Europe Series #17 Group Stage,2026-03-05,cs2-nvq-oxuji-2026-03-05,Team Novaq,Oxuji Esports,Team Novaq,2:1 打满,否（无赛前价存档）
CS2,CCT Europe Series #17 Group Stage,2026-03-05,cs2-leo2-zerote-2026-03-05,Leo Team,Leo Team,Leo Team,2:0 横扫,否（无赛前价存档）
CS2,ESL Pro League Stage 1,2026-03-05,cs2-prv-hero-2026-03-05,Heroic,Heroic,Heroic,2:0 横扫,否（无赛前价存档）
CS2,Winline Star Series Playoffs,2026-03-05,cs2-bratis-morphi-2026-03-05,Team Bratishkin,Team Morphilina,Team Bratishkin,2:1 打满,否（无赛前价存档）
CS2,Winline Star Series Playoffs,2026-03-05,cs2-recrent-lixxx-2026-03-05,Team Lixxx,Team Recrent,Team Recrent,2:1 打满,否（无赛前价存档）
CS2,Winline Star Series Playoffs,2026-03-05,cs2-cybers-pch3lk-2026-03-05,Team CYBERSHOKE,Team CYBERSHOKE,Team CYBERSHOKE,2:0 横扫,否（无赛前价存档）
CS2,Winline Star Series Playoffs,2026-03-05,cs2-snailk-morphe-2026-03-05,Team Morphe_ya,Team SNAILKICK,Team SNAILKICK,2:1 打满,否（无赛前价存档）
CS2,IZI WEX Playoffs,2026-03-05,cs2-tdk-ww-2026-03-05,WW Team,WW Team,WW Team,2:0 横扫,否（无赛前价存档）
CS2,IZI WEX Playoffs,2026-03-05,cs2-vpp-wb1-2026-03-05,WHITEBIRD,VP.Prodigy,VP.Prodigy,2:1 打满,否（无赛前价存档）
CS2,IZI WEX Playoffs,2026-03-05,cs2-ntr-arc4-2026-03-05,ARCRED,ARCRED,ARCRED,2:0 横扫,否（无赛前价存档）
CS2,NODWIN Clutch Series Playoffs,2026-03-05,cs2-mgc-ecs-2026-03-05,magic,ECSTATIC,ECSTATIC,2:1 打满,否（无赛前价存档）
CS2,IZI WEX Playoffs,2026-03-05,cs2-nemi1-1win-2026-03-05,1WIN,Nemiga,1WIN,2:1 打满,否（无赛前价存档）
CS2,CCT Europe Series #17 Group Stage,2026-03-06,cs2-ace1-omega1-2026-03-06,Omega,Acend,Acend,2:1 打满,否（无赛前价存档）
CS2,CCT Europe Series #17 Group Stage,2026-03-06,cs2-mouzn-ruby1-2026-03-06,ex-RUBY,ex-RUBY,ex-RUBY,2:0 横扫,否（无赛前价存档）
CS2,CCT South America Series #9 Playoffs,2026-03-05,cs2-keyd-bhe-2026-03-05,Bounty Hunters Esports,Keyd,Keyd,2:1 打满,否（无赛前价存档）
CS2,CCT Europe Series #17 Group Stage,2026-03-06,cs2-fav-mzp-2026-03-06,Favbet,Favbet,Favbet,2:0 横扫,否（无赛前价存档）
CS2,CCT South America Series #9 Playoffs,2026-03-05,cs2-r2-isg-2026-03-05,Isurus,Isurus,Isurus,2:0 横扫,否（无赛前价存档）
CS2,Circuit X Pantanal Cuiabá Group B,2026-03-05,cs2-bst-9z-2026-03-05,9z,9z,9z,2:0 横扫,否（无赛前价存档）
CS2,Circuit X Pantanal Cuiabá Group A,2026-03-06,cs2-fxw7-shin-2026-03-06,Fluxo W7M,Fluxo W7M,Fluxo W7M,2:0 横扫,否（无赛前价存档）
CS2,Circuit X Pantanal Cuiabá Group B,2026-03-06,cs2-fdb-bst-2026-03-06,BESTIA,Fake do Biru,BESTIA,2:1 打满,否（无赛前价存档）
CS2,Stake Ranked Episode 1: Closed Qualifier Playoffs,2026-03-07,cs2-nem-sin2-2026-03-07,Team Nemesis,Team Nemesis,Team Nemesis,2:0 横扫,否（无赛前价存档）
CS2,Stake Ranked Episode 1: Closed Qualifier Playoffs,2026-03-07,cs2-big5-k271-2026-03-07,K27,BIG,BIG,2:1 打满,否（无赛前价存档）
CS2,Circuit X Pantanal Cuiabá Group C,2026-03-05,cs2-shk-odk-2026-03-05,Sharks,Sharks,Sharks,2:0 横扫,否（无赛前价存档）
CS2,Circuit X Pantanal Cuiabá Group C,2026-03-05,cs2-mibra-yaw-2026-03-05,Yawara Esports,Yawara Esports,Yawara Esports,2:0 横扫,否（无赛前价存档）
CS2,NODWIN Clutch Series Playoffs,2026-03-05,cs2-big5-ecs-2026-03-05,ECSTATIC,BIG,BIG,2:1 打满,否（无赛前价存档）
CS2,ESEA Advanced Europe Playoffs,2026-03-05,cs2-old-ex1-2026-03-05,ex-GANK Esports,OLDBOYS-,OLDBOYS-,2:1 打满,否（无赛前价存档）
CS2,IZI WEX Playoffs,2026-03-05,cs2-ntr-nemi1-2026-03-05,Nuclear TigeRES,Nemiga,Nuclear TigeRES,2:1 打满,否（无赛前价存档）
CS2,IZI WEX Playoffs,2026-03-05,cs2-arc4-1win-2026-03-05,ARCRED,1WIN,ARCRED,2:1 打满,否（无赛前价存档）
CS2,ESEA Advanced Europe Playoffs,2026-03-05,cs2-tlr-old1-2026-03-05,The Last Resort,The Last Resort,The Last Resort,2:0 横扫,否（无赛前价存档）
CS2,ESEA Advanced Europe Playoffs,2026-03-05,cs2-brute-csdiil-2026-03-05, CSDIILIT,Brute, CSDIILIT,2:1 打满,否（无赛前价存档）
CS2,ESEA Advanced Europe Playoffs,2026-03-05,cs2-mis-havu-2026-03-05,Misa Esports,Misa Esports,Misa Esports,2:0 横扫,否（无赛前价存档）
CS2,Stake Ranked Episode 1: Closed Qualifier Playoffs,2026-03-07,cs2-9ine-fnc-2026-03-07,9INE,9INE,9INE,2:0 横扫,否（无赛前价存档）
CS2,CCT South America Series #9 Playoffs,2026-03-05,cs2-isg-keyd-2026-03-05,Keyd,Keyd,Keyd,2:0 横扫,否（无赛前价存档）
CS2,IZI WEX Playoffs,2026-03-05,cs2-ww-vpp-2026-03-05,WW Team,VP.Prodigy,WW Team,2:1 打满,否（无赛前价存档）
CS2,IZI WEX Playoffs,2026-03-05,cs2-tdk-wb1-2026-03-05,WHITEBIRD,TDK,WHITEBIRD,2:1 打满,否（无赛前价存档）
CS2,Circuit X Pantanal Cuiabá Group D,2026-03-05,cs2-gh-gls1-2026-03-05,Galorys,Game Hunters,Galorys,2:1 打满,否（无赛前价存档）
CS2,Circuit X Pantanal Cuiabá Group D,2026-03-05,cs2-red9-mars-2026-03-05,RED Canids,Marsborne,Marsborne,2:1 打满,否（无赛前价存档）
CS2,ESL Pro League Stage 2,2026-03-06,cs2-aur1-lgc-2026-03-06,Aurora Gaming,Legacy,Aurora Gaming,2:1 打满,否（无赛前价存档）
CS2,ESL Pro League Stage 2,2026-03-06,cs2-mouz-hero-2026-03-06,Heroic,MOUZ,MOUZ,2:1 打满,否（无赛前价存档）
CS2,ESL Pro League Stage 2,2026-03-06,cs2-g2-faze-2026-03-06,G2,G2,G2,2:0 横扫,否（无赛前价存档）
CS2,ESL Pro League Stage 2,2026-03-06,cs2-fut-ast10-2026-03-06,Astralis,Astralis,Astralis,2:0 横扫,否（无赛前价存档）
CS2,ESL Pro League Stage 2,2026-03-06,cs2-furia-b8-2026-03-06,B8,FURIA,B8,2:1 打满,否（无赛前价存档）
CS2,ESL Pro League Stage 2,2026-03-06,cs2-navi-mnte-2026-03-06,Monte,Natus Vincere,Natus Vincere,2:1 打满,否（无赛前价存档）
CS2,ESL Pro League Stage 2,2026-03-06,cs2-mglz-pain-2026-03-06,TheMongolz,TheMongolz,TheMongolz,2:0 横扫,否（无赛前价存档）
CS2,ESL Pro League Stage 2,2026-03-06,cs2-ts7-3dmax-2026-03-06,Spirit,Spirit,Spirit,2:0 横扫,否（无赛前价存档）
CS2,CCT Europe Closed Qualifier: Series #18 Group D,2026-03-06,cs2-bmb-zerote-2026-03-06,ex-Zero Tenacity,ex-Zero Tenacity,ex-Zero Tenacity,2:0 横扫,否（无赛前价存档）
CS2,CCT Europe Closed Qualifier: Series #18 Group C,2026-03-06,cs2-csdiil-heroa-2026-03-06,HEROIC Academy, CSDIILIT, CSDIILIT,2:1 打满,否（无赛前价存档）
CS2,BetBoom Storm Group Stage,2026-03-06,cs2-bhe-ds-2026-03-06,DashSkins,DashSkins,DashSkins,2:0 横扫,否（无赛前价存档）
CS2,BetBoom Storm Group Stage,2026-03-06,cs2-keyd-fa-2026-03-06,Keyd,Keyd,Keyd,2:0 横扫,否（无赛前价存档）
CS2,BC Game Masters Group Stage,2026-03-06,cs2-finger1-heroa-2026-03-06,ex-Fingers Crossed,ex-Fingers Crossed,ex-Fingers Crossed,2:0 横扫,否（无赛前价存档）
CS2,Stake Ranked Episode 1: Closed Qualifier Playoffs,2026-03-07,cs2-fokus-fc3-2026-03-07,FOKUS,FOKUS,FOKUS,2:0 横扫,否（无赛前价存档）
CS2,BC Game Masters Group Stage,2026-03-06,cs2-meg1-ef1-2026-03-06,Eternal Fire,Eternal Fire,Eternal Fire,2:0 横扫,否（无赛前价存档）
CS2,BC Game Masters Group Stage,2026-03-06,cs2-nvq-encea1-2026-03-06,ENCE Academy,Team Novaq,Team Novaq,2:1 打满,否（无赛前价存档）
CS2,Circuit X Pantanal Cuiabá Group C,2026-03-06,cs2-yaw-odk-2026-03-06,Yawara Esports,ODDIK,Yawara Esports,2:1 打满,否（无赛前价存档）
CS2,Circuit X Pantanal Cuiabá Group D,2026-03-06,cs2-red9-gls1-2026-03-06,Galorys,RED Canids,RED Canids,2:1 打满,否（无赛前价存档）
CS2,IZI WEX Playoffs,2026-03-06,cs2-arc4-ww-2026-03-06,ARCRED,ARCRED,ARCRED,2:0 横扫,否（无赛前价存档）
CS2,IZI WEX Playoffs,2026-03-06,cs2-1win-wb1-2026-03-06,1WIN,WHITEBIRD,WHITEBIRD,2:1 打满,否（无赛前价存档）
CS2,IZI WEX Playoffs,2026-03-06,cs2-vpp-ntr-2026-03-06,VP.Prodigy,VP.Prodigy,VP.Prodigy,2:0 横扫,否（无赛前价存档）
CS2,European Pro League Series 5 Playoffs,2026-03-06,cs2-g1-lk-2026-03-06,GenOne,GenOne,GenOne,2:0 横扫,否（无赛前价存档）
CS2,IZI WEX Playoffs,2026-03-06,cs2-vpp-wb1-2026-03-06,VP.Prodigy,WHITEBIRD,WHITEBIRD,2:1 打满,否（无赛前价存档）
CS2,IZI WEX Playoffs,2026-03-06,cs2-ww-wb1-2026-03-06,WW Team,WW Team,WW Team,2:0 横扫,否（无赛前价存档）
CS2,BetBoom Storm Group Stage,2026-03-07,cs2-isg-uno-2026-03-07,UNO MILLE,UNO MILLE,UNO MILLE,2:0 横扫,否（无赛前价存档）
CS2,BC Game Masters Group Stage,2026-03-07,cs2-omega1-zerote-2026-03-07,ex-Zero Tenacity,Omega,ex-Zero Tenacity,2:1 打满,否（无赛前价存档）
CS2,BetBoom Storm Group Stage,2026-03-07,cs2-pcy-paina-2026-03-07,Procyon Gaming,Procyon Gaming,Procyon Gaming,2:0 横扫,否（无赛前价存档）
CS2,BetBoom Storm Group Stage,2026-03-07,cs2-krespo-crash-2026-03-07,Crashers,Crashers,Crashers,2:0 横扫,否（无赛前价存档）
CS2,CIS LAN Championship Group C,2026-03-10,cs2-nem-rust-2026-03-10,Team Nemesis,RUSTEC,Team Nemesis,2:1 打满,否（无赛前价存档）
CS2,CIS LAN Championship Group B,2026-03-09,cs2-muerta-ww-2026-03-09,WW Team,WW Team,WW Team,2:0 横扫,否（无赛前价存档）
CS2,CIS LAN Championship Group D,2026-03-10,cs2-arc4-5actor-2026-03-10,5Actors,ARCRED,ARCRED,2:1 打满,否（无赛前价存档）
CS2,CIS LAN Championship Group A,2026-03-09,cs2-1win-don-2026-03-09,1WIN,1WIN,1WIN,2:0 横扫,否（无赛前价存档）
CS2,CIS LAN Championship Group C,2026-03-10,cs2-33-qua1-2026-03-10,33,33,33,2:0 横扫,否（无赛前价存档）
CS2,CIS LAN Championship Group D,2026-03-10,cs2-nemi1-sparta-2026-03-10,Nemiga,Nemiga,Nemiga,2:0 横扫,否（无赛前价存档）
CS2,European Pro League Series 5 Playoffs,2026-03-07,cs2-oxuji-sashi-2026-03-07,Sashi Esport,Sashi Esport,Sashi Esport,2:0 横扫,否（无赛前价存档）
CS2,CCT Europe Series #17 Group Stage,2026-03-07,cs2-zerote-havu-2026-03-07,ex-Zero Tenacity,HAVU,ex-Zero Tenacity,2:1 打满,否（无赛前价存档）
CS2,ESL Pro League Stage 2,2026-03-07,cs2-mouz-ast10-2026-03-07,Astralis,MOUZ,MOUZ,2:1 打满,否（无赛前价存档）
CS2,European Pro League Series 5 Playoffs,2026-03-08,cs2-mouzn-g1-2026-03-08,MOUZ NXT,GenOne,MOUZ NXT,2:1 打满,否（无赛前价存档）
CS2,ESL Pro League Stage 2,2026-03-07,cs2-furia-3dmax-2026-03-07,3DMAX,3DMAX,3DMAX,2:0 横扫,否（无赛前价存档）
CS2,ESL Pro League Stage 2,2026-03-07,cs2-ts7-b8-2026-03-07,B8,Spirit,Spirit,2:1 打满,否（无赛前价存档）
CS2,CCT Europe Series #17 Group Stage,2026-03-08,cs2-mouzn-ace1-2026-03-08,MOUZ NXT,Acend,MOUZ NXT,2:1 打满,否（无赛前价存档）
CS2,CCT Europe Series #17 Group Stage,2026-03-08,cs2-pha-leo2-2026-03-08,Leo Team,Phantom,Leo Team,2:1 打满,否（无赛前价存档）
CS2,ESL Pro League Stage 2,2026-03-07,cs2-fut-hero-2026-03-07,FUT Esports,Heroic,FUT Esports,2:1 打满,否（无赛前价存档）
CS2,CCT Europe Closed Qualifier: Series #18 Play-In,2026-03-07,cs2-bbp-csdiil-2026-03-07, CSDIILIT,Bebop,Bebop,2:1 打满,否（无赛前价存档）
CS2,ESL Pro League Stage 2,2026-03-07,cs2-mglz-aur1-2026-03-07,TheMongolz,TheMongolz,TheMongolz,2:0 横扫,否（无赛前价存档）
CS2,ESL Pro League Stage 2,2026-03-07,cs2-mnte-lgc-2026-03-07,Legacy,Legacy,Legacy,2:0 横扫,否（无赛前价存档）
CS2,ESL Pro League Stage 2,2026-03-07,cs2-pain-faze-2026-03-07,paiN,FaZe,paiN,2:1 打满,否（无赛前价存档）
CS2,ESL Pro League Stage 2,2026-03-07,cs2-navi-g2-2026-03-07,Natus Vincere,G2,G2,2:1 打满,否（无赛前价存档）
CS2,CCT Europe Series #17 Group Stage,2026-03-07,cs2-ast-omega1-2026-03-07,Omega,Omega,Omega,2:0 横扫,否（无赛前价存档）
CS2,Circuit X Pantanal Cuiabá Playoffs,2026-03-07,cs2-9z-red9-2026-03-07,RED Canids,9z,9z,2:1 打满,否（无赛前价存档）
CS2,Circuit X Pantanal Cuiabá Playoffs,2026-03-07,cs2-imp11-yaw-2026-03-07,Imperial,Imperial,Imperial,2:0 横扫,否（无赛前价存档）
CS2,Circuit X Pantanal Cuiabá Playoffs,2026-03-07,cs2-mars-bst-2026-03-07,Marsborne,Marsborne,Marsborne,2:0 横扫,否（无赛前价存档）
CS2,Circuit X Pantanal Cuiabá Playoffs,2026-03-07,cs2-shk-fxw7-2026-03-07,Sharks,Sharks,Sharks,2:0 横扫,否（无赛前价存档）
CS2,CCT Europe Series #17 Group Stage,2026-03-07,cs2-lc-nvq-2026-03-07,Lazer Cats,Team Novaq,Team Novaq,2:1 打满,否（无赛前价存档）
CS2,CCT Europe Closed Qualifier: Series #18 Play-In,2026-03-07,cs2-oxuji-zerote-2026-03-07,ex-Zero Tenacity,ex-Zero Tenacity,ex-Zero Tenacity,2:0 横扫,否（无赛前价存档）
CS2,United21 Playoffs,2026-03-07,cs2-navij1-heroa-2026-03-07,NAVI Junior,HEROIC Academy,NAVI Junior,2:1 打满,否（无赛前价存档）
CS2,European Pro League Series 5 Playoffs,2026-03-08,cs2-ace1-nem-2026-03-08,Acend,Team Nemesis,Team Nemesis,2:1 打满,否（无赛前价存档）
CS2,ESEA Advanced Europe Playoffs,2026-03-07,cs2-tlr-tnt-2026-03-07,TNT,TNT,TNT,2:0 横扫,否（无赛前价存档）
CS2,Circuit X Pantanal Cuiabá Playoffs,2026-03-07,cs2-mars-imp11-2026-03-07,Imperial,Marsborne,Marsborne,2:1 打满,否（无赛前价存档）
CS2,Circuit X Pantanal Cuiabá Playoffs,2026-03-07,cs2-shk-9z-2026-03-07,9z,9z,9z,2:0 横扫,否（无赛前价存档）
CS2,Stake Ranked Episode 1: Closed Qualifier Playoffs,2026-03-08,cs2-fokus-9ine-2026-03-08,9INE,9INE,9INE,2:0 横扫,否（无赛前价存档）
CS2,Stake Ranked Episode 1: Closed Qualifier Playoffs,2026-03-08,cs2-big5-nem-2026-03-08,Team Nemesis,BIG,Team Nemesis,2:1 打满,否（无赛前价存档）
CS2,ESL Pro League Stage 2,2026-03-08,cs2-faze-mnte-2026-03-08,FaZe,FaZe,FaZe,2:0 横扫,否（无赛前价存档）
CS2,ESL Pro League Stage 2,2026-03-08,cs2-lgc-ast10-2026-03-08,Legacy,Legacy,Legacy,2:0 横扫,否（无赛前价存档）
CS2,ESL Pro League Stage 2,2026-03-08,cs2-pain-aur1-2026-03-08,Aurora Gaming,Aurora Gaming,Aurora Gaming,2:0 横扫,否（无赛前价存档）
CS2,ESL Pro League Stage 2,2026-03-08,cs2-fut-3dmax-2026-03-08,3DMAX,3DMAX,3DMAX,2:0 横扫,否（无赛前价存档）
CS2,ESL Pro League Stage 2,2026-03-08,cs2-navi-b8-2026-03-08,Natus Vincere,Natus Vincere,Natus Vincere,2:0 横扫,否（无赛前价存档）
CS2,ESL Pro League Stage 2,2026-03-08,cs2-mouz-mglz-2026-03-08,MOUZ,MOUZ,MOUZ,2:0 横扫,否（无赛前价存档）
CS2,ESL Pro League Stage 2,2026-03-08,cs2-furia-hero-2026-03-08,FURIA,Heroic,FURIA,2:1 打满,否（无赛前价存档）
CS2,ESL Pro League Stage 2,2026-03-08,cs2-ts7-g2-2026-03-08,Spirit,Spirit,Spirit,2:0 横扫,否（无赛前价存档）
CS2,European Pro League Series 5 Playoffs,2026-03-09,cs2-k271-sashi-2026-03-09,K27,K27,K27,2:0 横扫,否（无赛前价存档）
CS2,BC Game Masters Group Stage,2026-03-08,cs2-ww-fuzos-2026-03-08,WW Team,WW Team,WW Team,2:0 横扫,否（无赛前价存档）
CS2,CCT Europe Series #18 Group Stage,2026-03-09,cs2-run2-ace1-2026-03-09,Acend,Rune Eaters,Acend,2:1 打满,否（无赛前价存档）
CS2,CCT Europe Series #18 Group Stage,2026-03-09,cs2-fav-zerote-2026-03-09,Favbet,Favbet,Favbet,2:0 横扫,否（无赛前价存档）
CS2,BC Game Masters Group Stage,2026-03-09,cs2-ursa-encea1-2026-03-09,ENCE Academy,Ursa,ENCE Academy,2:1 打满,否（无赛前价存档）
CS2,NODWIN Clutch Series Play-In Group B,2026-03-09,cs2-ec1-heroa-2026-03-09,HEROIC Academy,HEROIC Academy,HEROIC Academy,2:0 横扫,否（无赛前价存档）
CS2,BC Game Masters Group Stage,2026-03-09,cs2-finger1-run2-2026-03-09,Rune Eaters,Rune Eaters,Rune Eaters,2:0 横扫,否（无赛前价存档）
CS2,NODWIN Clutch Series Play-In Group A,2026-03-09,cs2-hs2-hashir-2026-03-09,HyperSpirit,HyperSpirit,HyperSpirit,2:0 横扫,否（无赛前价存档）
CS2,CCT Europe Series #18 Group Stage,2026-03-09,cs2-sta6-hashir-2026-03-09,Hashiras,STATE,STATE,2:1 打满,否（无赛前价存档）
CS2,CCT Europe Series #18 Group Stage,2026-03-09,cs2-havu-ef1-2026-03-09,Eternal Fire,Eternal Fire,Eternal Fire,2:0 横扫,否（无赛前价存档）
CS2,CCT Europe Series #18 Group Stage,2026-03-08,cs2-ruby1-bbp-2026-03-08,Bebop,ex-RUBY,ex-RUBY,2:1 打满,否（无赛前价存档）
CS2,BC Game Masters Group Stage,2026-03-08,cs2-heroa-csdiil-2026-03-08,HEROIC Academy,HEROIC Academy,HEROIC Academy,2:0 横扫,否（无赛前价存档）
CS2,CCT Europe Series #18 Group Stage,2026-03-08,cs2-oly-ursa-2026-03-08,Ursa,Ursa,Ursa,2:0 横扫,否（无赛前价存档）
CS2,BetBoom Storm Group Stage,2026-03-08,cs2-pcy-pug1-2026-03-08,Procyon Gaming,Procyon Gaming,Procyon Gaming,2:0 横扫,否（无赛前价存档）
CS2,BetBoom Storm Group Stage,2026-03-08,cs2-furiaf-r2-2026-03-08,R2 Esports Club,R2 Esports Club,R2 Esports Club,2:0 横扫,否（无赛前价存档）
CS2,BetBoom Storm Group Stage,2026-03-08,cs2-bhe-crash-2026-03-08,Bounty Hunters Esports,Bounty Hunters Esports,Bounty Hunters Esports,2:0 横扫,否（无赛前价存档）
CS2,BetBoom Storm Group Stage,2026-03-08,cs2-fa-uno-2026-03-08,UNO MILLE,UNO MILLE,UNO MILLE,2:0 横扫,否（无赛前价存档）
CS2,CIS LAN Championship Group A,2026-03-09,cs2-ntr-vpp-2026-03-09,VP.Prodigy,VP.Prodigy,VP.Prodigy,2:0 横扫,否（无赛前价存档）
CS2,A1 Gaming League Playoffs,2026-03-08,cs2-ace1-nemi1-2026-03-08,Nemiga,Nemiga,Nemiga,2:0 横扫,否（无赛前价存档）
CS2,Circuit X Pantanal Cuiabá Playoffs,2026-03-08,cs2-imp11-shk-2026-03-08,Sharks,Sharks,Sharks,2:0 横扫,否（无赛前价存档）
CS2,BetBoom Storm Group Stage,2026-03-08,cs2-krespo-paina-2026-03-08,paiN Academy,ex-KRÜ Esports,paiN Academy,2:1 打满,否（无赛前价存档）
CS2,ESEA Advanced Europe Playoffs,2026-03-08,cs2-auryb-old-2026-03-08,Aurora Young Blood,OLDBOYS-,OLDBOYS-,2:1 打满,否（无赛前价存档）
CS2,CCT Europe Series #18 Group Stage,2026-03-08,cs2-omega1-lk-2026-03-08,Omega,Omega,Omega,2:0 横扫,否（无赛前价存档）
CS2,European Pro League Series 5 Playoffs,2026-03-09,cs2-nem-mouzn-2026-03-09,Team Nemesis,MOUZ NXT,MOUZ NXT,2:1 打满,否（无赛前价存档）
CS2,ESL Pro League Stage 2,2026-03-09,cs2-navi-lgc-2026-03-09,Legacy,Legacy,Legacy,2:0 横扫,否（无赛前价存档）
CS2,ESL Pro League Stage 2,2026-03-09,cs2-ast10-faze-2026-03-09,FaZe,Astralis,Astralis,2:1 打满,否（无赛前价存档）
CS2,ESL Pro League Stage 2,2026-03-09,cs2-g2-aur1-2026-03-09,Aurora Gaming,Aurora Gaming,Aurora Gaming,2:0 横扫,否（无赛前价存档）
CS2,ESL Pro League Stage 2,2026-03-09,cs2-mglz-3dmax-2026-03-09,TheMongolz,3DMAX,TheMongolz,2:1 打满,否（无赛前价存档）
CS2,ESL Pro League Stage 2,2026-03-09,cs2-furia-pain-2026-03-09,FURIA,FURIA,FURIA,2:0 横扫,否（无赛前价存档）
CS2,ESL Pro League Stage 2,2026-03-09,cs2-fut-b8-2026-03-09,FUT Esports,FUT Esports,FUT Esports,2:0 横扫,否（无赛前价存档）
CS2,Dfrag Wildcard LAN Group A,2026-03-11,cs2-thunde-timewa-2026-03-11,THUNDER dOWNUNDER,THUNDER dOWNUNDER,THUNDER dOWNUNDER,2:0 横扫,否（无赛前价存档）
CS2,Dfrag Wildcard LAN Group B,2026-03-12,cs2-sfe-skele-2026-03-12,SemperFi Esports,SemperFi Esports,SemperFi Esports,2:0 横扫,否（无赛前价存档）
CS2,Dfrag Wildcard LAN Group B,2026-03-12,cs2-mf-arc-2026-03-12,Arcade Esports,Mindfreak,Mindfreak,2:1 打满,否（无赛前价存档）
CS2,Dfrag Wildcard LAN Group A,2026-03-11,cs2-gz1-rstr-2026-03-11,Ground Zero,Rooster,Ground Zero,2:1 打满,否（无赛前价存档）
CS2,CCT Europe Series #17 Group Stage,2026-03-09,cs2-mzp-nvq-2026-03-09,Team Novaq,Metizport,Metizport,2:1 打满,否（无赛前价存档）
CS2,CCT Europe Series #17 Group Stage,2026-03-09,cs2-pha-omega1-2026-03-09,Phantom,Phantom,Phantom,2:0 横扫,否（无赛前价存档）
CS2,CCT Europe Series #17 Group Stage,2026-03-09,cs2-ace1-zerote-2026-03-09,ex-Zero Tenacity,Acend,ex-Zero Tenacity,2:1 打满,否（无赛前价存档）
CS2,Parken Challenger Championship Playoffs,2026-03-09,cs2-100t-fokus-2026-03-09,100 Thieves,FOKUS,100 Thieves,2:1 打满,否（无赛前价存档）
CS2,Parken Challenger Championship Playoffs,2026-03-09,cs2-voc-js1-2026-03-09,Johnny Speeds,Johnny Speeds,Johnny Speeds,2:0 横扫,否（无赛前价存档）
CS2,Parken Challenger Championship Playoffs,2026-03-09,cs2-aab-bca-2026-03-09,AaB esport,Betclic Apogee Esports,Betclic Apogee Esports,2:1 打满,否（无赛前价存档）
CS2,Parken Challenger Championship Playoffs,2026-03-09,cs2-am-msc-2026-03-09,MASONIC,AM Gaming,MASONIC,2:1 打满,否（无赛前价存档）
CS2,ESEA Advanced Europe Playoffs,2026-03-09,cs2-brute-futa-2026-03-09,FUT Academy,Brute,Brute,2:1 打满,否（无赛前价存档）
CS2,BetBoom Storm Group Stage,2026-03-09,cs2-pug1-r2-2026-03-09,R2 Esports Club,R2 Esports Club,R2 Esports Club,2:0 横扫,否（无赛前价存档）
CS2,ESEA Advanced Europe Playoffs,2026-03-09,cs2-tnt-mis-2026-03-09,Misa Esports,Misa Esports,Misa Esports,2:0 横扫,否（无赛前价存档）
CS2,ESEA Advanced Europe Playoffs,2026-03-09,cs2-havu-imperi-2026-03-09,HAVU,HAVU,HAVU,2:0 横扫,否（无赛前价存档）
CS2,ESEA Advanced Europe Playoffs,2026-03-10,cs2-eliten-enr1-2026-03-10,ENRAGE,eLITenergy,ENRAGE,2:1 打满,否（无赛前价存档）
CS2,BetBoom Storm Group Stage,2026-03-09,cs2-fa-crash-2026-03-09,FOLHA AMARELA,FOLHA AMARELA,FOLHA AMARELA,2:0 横扫,否（无赛前价存档）
CS2,Parken Challenger Championship Playoffs,2026-03-09,cs2-msc-voc-2026-03-09,MASONIC,Voca,Voca,2:1 打满,否（无赛前价存档）
CS2,Parken Challenger Championship Playoffs,2026-03-09,cs2-am-100t-2026-03-09,AM Gaming,AM Gaming,AM Gaming,2:0 横扫,否（无赛前价存档）
CS2,ESEA Advanced Europe Playoffs,2026-03-09,cs2-don-old-2026-03-09,OLDBOYS-,OLDBOYS-,OLDBOYS-,2:0 横扫,否（无赛前价存档）
CS2,European Pro League Series 5 Playoffs,2026-03-10,cs2-sashi-nem-2026-03-10,Sashi Esport,Team Nemesis,Team Nemesis,2:1 打满,否（无赛前价存档）
CS2,Parken Challenger Championship Playoffs,2026-03-10,cs2-js1-bca-2026-03-10,Johnny Speeds,Betclic Apogee Esports,Betclic Apogee Esports,2:1 打满,否（无赛前价存档）
CS2,Parken Challenger Championship Playoffs,2026-03-09,cs2-voc-am-2026-03-09,AM Gaming,Voca,AM Gaming,2:1 打满,否（无赛前价存档）
CS2,NODWIN Clutch Series Play-In Group A,2026-03-10,cs2-hs2-aim1-2026-03-10,HyperSpirit,aimclub,HyperSpirit,2:1 打满,否（无赛前价存档）
CS2,NODWIN Clutch Series Play-In Group A,2026-03-10,cs2-hashir-nvq-2026-03-10,Team Novaq,Team Novaq,Team Novaq,2:0 横扫,否（无赛前价存档）
CS2,United21 Group A,2026-03-10,cs2-aaa-inf1-2026-03-10,INFURITY Gaming,INFURITY Gaming,INFURITY Gaming,2:0 横扫,否（无赛前价存档）
CS2,CIS LAN Championship Group B,2026-03-09,cs2-k271-oxuji-2026-03-09,K27,K27,K27,2:0 横扫,否（无赛前价存档）
CS2,ESL Pro League Stage 2,2026-03-10,cs2-3dmax-navi-2026-03-10,Natus Vincere,3DMAX,Natus Vincere,2:1 打满,否（无赛前价存档）
CS2,ESL Pro League Stage 2,2026-03-10,cs2-g2-fut-2026-03-10,G2,FUT Esports,FUT Esports,2:1 打满,否（无赛前价存档）
CS2,ESL Pro League Stage 2,2026-03-10,cs2-ast10-furia-2026-03-10,Astralis,FURIA,Astralis,2:1 打满,否（无赛前价存档）
CS2,CCT Europe Series #18 Group Stage,2026-03-11,cs2-omega1-ursa-2026-03-11,Ursa,Ursa,Ursa,2:0 横扫,否（无赛前价存档）
CS2,CCT Europe Series #17 Playoffs,2026-03-10,cs2-k271-mzp-2026-03-10,K27,Metizport,K27,2:1 打满,否（无赛前价存档）
CS2,CCT Europe Series #18 Group Stage,2026-03-11,cs2-sta6-ace1-2026-03-11,Acend,STATE,Acend,2:1 打满,否（无赛前价存档）
CS2,CCT Europe Series #17 Playoffs,2026-03-10,cs2-ntr-mouzn-2026-03-10,MOUZ NXT,Nuclear TigeRES,MOUZ NXT,2:1 打满,否（无赛前价存档）
CS2,CCT Europe Series #18 Group Stage,2026-03-10,cs2-havu-zerote-2026-03-10,ex-Zero Tenacity,HAVU,ex-Zero Tenacity,2:1 打满,否（无赛前价存档）
CS2,CCT Europe Series #17 Playoffs,2026-03-11,cs2-cs1-pha-2026-03-11,CYBERSHOKE Esports,CYBERSHOKE Esports,CYBERSHOKE Esports,2:0 横扫,否（无赛前价存档）
CS2,CCT Europe Series #18 Group Stage,2026-03-11,cs2-fav-ef1-2026-03-11,Favbet,Eternal Fire,Eternal Fire,2:1 打满,否（无赛前价存档）
CS2,CCT Europe Series #17 Playoffs,2026-03-11,cs2-am-fav-2026-03-11,Favbet,Favbet,Favbet,2:0 横扫,否（无赛前价存档）
CS2,CCT Europe Series #17 Playoffs,2026-03-11,cs2-js1-ruby1-2026-03-11,Johnny Speeds,ex-RUBY,ex-RUBY,2:1 打满,否（无赛前价存档）
CS2,CCT Europe Series #18 Group Stage,2026-03-10,cs2-run2-hashir-2026-03-10,Hashiras,Rune Eaters,Rune Eaters,2:1 打满,否（无赛前价存档）
CS2,BetBoom Storm Playoffs,2026-03-10,cs2-uno-pcy-2026-03-10,UNO MILLE,UNO MILLE,UNO MILLE,2:0 横扫,否（无赛前价存档）
CS2,BetBoom Storm Playoffs,2026-03-10,cs2-bhe-fa-2026-03-10,Bounty Hunters Esports,Bounty Hunters Esports,Bounty Hunters Esports,2:0 横扫,否（无赛前价存档）
CS2,BetBoom Storm Playoffs,2026-03-11,cs2-keyd-paina-2026-03-11,Keyd,Keyd,Keyd,2:0 横扫,否（无赛前价存档）
CS2,United21 Group B,2026-03-11,cs2-mis-np3-2026-03-11,New Project,Misa Esports,New Project,2:1 打满,否（无赛前价存档）
CS2,United21 Group B,2026-03-11,cs2-g2a-innerc-2026-03-11,Inner Circle Academy,Inner Circle Academy,Inner Circle Academy,2:0 横扫,否（无赛前价存档）
CS2,Asia Championships Closed Qualifier Playoffs,2026-03-10,cs2-mornin-ctg-2026-03-10,Morningstar,Morningstar,Morningstar,2:0 横扫,否（无赛前价存档）
CS2,CIS LAN Championship Group C,2026-03-10,cs2-qua1-rust-2026-03-10,QUAZAR,RUSTEC,QUAZAR,2:1 打满,否（无赛前价存档）
CS2,CIS LAN Championship Group C,2026-03-10,cs2-33-nem-2026-03-10,33,33,33,2:0 横扫,否（无赛前价存档）
CS2,Asia Championships Closed Qualifier Playoffs,2026-03-10,cs2-ra1-dep-2026-03-10,Rare Atom,Rare Atom,Rare Atom,2:0 横扫,否（无赛前价存档）
CS2,Asia Championships Closed Qualifier Playoffs,2026-03-11,cs2-the9-tyloo-2026-03-11,TYLOO,TYLOO,TYLOO,2:0 横扫,否（无赛前价存档）
CS2,NODWIN Clutch Series Play-In Group D,2026-03-12,cs2-encea1-lilmix-2026-03-12,ENCE Academy,Lilmix,Lilmix,2:1 打满,否（无赛前价存档）
CS2,Asia Championships Closed Qualifier Playoffs,2026-03-10,cs2-fly-fdg-2026-03-10,FlyQuest,FlyQuest,FlyQuest,2:0 横扫,否（无赛前价存档）
CS2,Asia Championships Closed Qualifier Playoffs,2026-03-11,cs2-cw-ae2-2026-03-11,Chinggis Warriors,Chinggis Warriors,Chinggis Warriors,2:0 横扫,否（无赛前价存档）
CS2,NODWIN Clutch Series Play-In Group C,2026-03-12,cs2-bbp-tlr-2026-03-12,The Last Resort,Bebop,The Last Resort,2:1 打满,否（无赛前价存档）
CS2,United21 Group C,2026-03-12,cs2-sng-imperi-2026-03-12,Imperial Academy,Imperial Academy,Imperial Academy,2:0 横扫,否（无赛前价存档）
CS2,United21 Group C,2026-03-12,cs2-lph-unity-2026-03-12,UNiTY esports,UNiTY esports,UNiTY esports,2:0 横扫,否（无赛前价存档）
CS2,United21 Group D,2026-03-13,cs2-b8acad-ksm-2026-03-13,B8 Academy,B8 Academy,B8 Academy,2:0 横扫,否（无赛前价存档）
CS2,United21 Group D,2026-03-13,cs2-biga-fokusr-2026-03-13,BIG Academy,BIG Academy,BIG Academy,2:0 横扫,否（无赛前价存档）
CS2,CCT Europe Series #17 Playoffs,2026-03-10,cs2-kol-leo2-2026-03-10,Leo Team,KOLESIE,Leo Team,2:1 打满,否（无赛前价存档）
CS2,Asia Championships Closed Qualifier Playoffs,2026-03-11,cs2-mornin-lvg-2026-03-11,Lynn Vision,Lynn Vision,Lynn Vision,2:0 横扫,否（无赛前价存档）
CS2,ESEA Advanced Europe Playoffs,2026-03-11,cs2-ex1-meg1-2026-03-11,megoshort,ex-GANK Esports,megoshort,2:1 打满,否（无赛前价存档）
CS2,Parken Challenger Championship Playoffs,2026-03-10,cs2-am-js1-2026-03-10,AM Gaming,Johnny Speeds,AM Gaming,2:1 打满,否（无赛前价存档）
CS2,CIS LAN Championship Group C,2026-03-10,cs2-nem-qua1-2026-03-10,Team Nemesis,Team Nemesis,Team Nemesis,2:0 横扫,否（无赛前价存档）
CS2,BC Game Masters Group Stage,2026-03-10,cs2-lk-ww-2026-03-10,los kogutos,WW Team,WW Team,2:1 打满,否（无赛前价存档）
CS2,Parken Challenger Championship Playoffs,2026-03-10,cs2-bca-am-2026-03-10,Betclic Apogee Esports,Betclic Apogee Esports,Betclic Apogee Esports,2:0 横扫,否（无赛前价存档）
CS2,CCT Europe Series #17 Playoffs,2026-03-11,cs2-hotu-zerote-2026-03-11,HOTU,ex-Zero Tenacity,HOTU,2:1 打满,否（无赛前价存档）
CS2,CCT Europe Series #18 Group Stage,2026-03-10,cs2-oly-lk-2026-03-10,OlyBet SB,los kogutos,los kogutos,2:1 打满,否（无赛前价存档）
CS2,CIS LAN Championship Group D,2026-03-10,cs2-sparta-5actor-2026-03-10,SPARTA,5Actors,5Actors,2:1 打满,否（无赛前价存档）
CS2,CIS LAN Championship Group D,2026-03-10,cs2-nemi1-arc4-2026-03-10,ARCRED,ARCRED,ARCRED,2:0 横扫,否（无赛前价存档）
CS2,NODWIN Clutch Series Play-In Group A,2026-03-11,cs2-aim1-nvq-2026-03-11,Team Novaq,Team Novaq,Team Novaq,2:0 横扫,否（无赛前价存档）
CS2,CIS LAN Championship Group D,2026-03-10,cs2-nemi1-5actor-2026-03-10,Nemiga,5Actors,Nemiga,2:1 打满,否（无赛前价存档）
CS2,ESL Pro League Playoffs,2026-03-13,cs2-mglz-navi-2026-03-13,Natus Vincere,Natus Vincere,Natus Vincere,2:0 横扫,否（无赛前价存档）
CS2,ESL Pro League Playoffs,2026-03-13,cs2-lgc-aur1-2026-03-13,Aurora Gaming,Legacy,Aurora Gaming,2:1 打满,否（无赛前价存档）
CS2,ESL Pro League Playoffs,2026-03-13,cs2-mouz-fut-2026-03-13,FUT Esports,MOUZ,FUT Esports,2:1 打满,否（无赛前价存档）
CS2,ESL Pro League Playoffs,2026-03-13,cs2-ast10-ts7-2026-03-13,Astralis,Astralis,Astralis,2:0 横扫,否（无赛前价存档）
CS2,CIS LAN Championship Playoffs,2026-03-11,cs2-33-nemi1-2026-03-11,33,Nemiga,Nemiga,2:1 打满,否（无赛前价存档）
CS2,CIS LAN Championship Playoffs,2026-03-11,cs2-vpp-k271-2026-03-11,K27,K27,K27,2:0 横扫,否（无赛前价存档）
CS2,CIS LAN Championship Playoffs,2026-03-11,cs2-nem-arc4-2026-03-11,Team Nemesis,Team Nemesis,Team Nemesis,2:0 横扫,否（无赛前价存档）
CS2,CIS LAN Championship Playoffs,2026-03-11,cs2-ntr-ww-2026-03-11,WW Team,WW Team,WW Team,2:0 横扫,否（无赛前价存档）
CS2,United21 Group A,2026-03-14,cs2-navij1-aaa-2026-03-14,NAVI Junior,against All authority,NAVI Junior,2:1 打满,否（无赛前价存档）
CS2,United21 Group A,2026-03-14,cs2-sta6-inf1-2026-03-14,INFURITY Gaming,INFURITY Gaming,INFURITY Gaming,2:0 横扫,否（无赛前价存档）
CS2,Asia Championships Closed Qualifier Playoffs,2026-03-11,cs2-ra1-fly-2026-03-11,FlyQuest,FlyQuest,FlyQuest,2:0 横扫,否（无赛前价存档）
CS2,Aorus League LATAM Group A,2026-03-11,cs2-r2-super-2026-03-11,R2 Esports Club,R2 Esports Club,R2 Esports Club,2:0 横扫,否（无赛前价存档）
CS2,Aorus League LATAM Group B,2026-03-11,cs2-hachae-lunaes-2026-03-11,LUNA Esports,LUNA Esports,LUNA Esports,2:0 横扫,否（无赛前价存档）
CS2,ESEA Advanced Europe Playoffs,2026-03-11,cs2-havu-enr1-2026-03-11,HAVU,ENRAGE,HAVU,2:1 打满,否（无赛前价存档）
CS2,CIS LAN Championship Playoffs,2026-03-12,cs2-nem-k271-2026-03-12,K27,Team Nemesis,K27,2:1 打满,否（无赛前价存档）
CS2,CCT Europe Series #17 Playoffs,2026-03-12,cs2-cs1-mouzn-2026-03-12,MOUZ NXT,CYBERSHOKE Esports,CYBERSHOKE Esports,2:1 打满,否（无赛前价存档）
CS2,CCT Europe Series #17 Playoffs,2026-03-12,cs2-hotu-fav-2026-03-12,HOTU,Favbet,HOTU,2:1 打满,否（无赛前价存档）
CS2,Asia Championships Closed Qualifier Playoffs,2026-03-11,cs2-the9-lvg-2026-03-11,Lynn Vision,Lynn Vision,Lynn Vision,2:0 横扫,否（无赛前价存档）
CS2,Asia Championships Closed Qualifier Playoffs,2026-03-11,cs2-ae2-fly-2026-03-11,Alter Ego,FlyQuest,Alter Ego,2:1 打满,否（无赛前价存档）
CS2,Asia Championships Closed Qualifier Playoffs,2026-03-12,cs2-cw-tyloo-2026-03-12,TYLOO,TYLOO,TYLOO,2:0 横扫,否（无赛前价存档）
CS2,BC Game Masters Playoffs,2026-03-12,cs2-mzp-encea1-2026-03-12,ENCE Academy,Metizport,Metizport,2:1 打满,否（无赛前价存档）
CS2,BC Game Masters Playoffs,2026-03-12,cs2-mouzn-meg1-2026-03-12,MOUZ NXT,megoshort,MOUZ NXT,2:1 打满,否（无赛前价存档）
CS2,CIS LAN Championship Playoffs,2026-03-12,cs2-ww-nemi1-2026-03-12,WW Team,Nemiga,WW Team,2:1 打满,否（无赛前价存档）
CS2,BC Game Masters Playoffs,2026-03-12,cs2-havu-nvq-2026-03-12,HAVU,Team Novaq,Team Novaq,2:1 打满,否（无赛前价存档）
CS2,BetBoom Storm Playoffs,2026-03-12,cs2-ds-bhe-2026-03-12,Bounty Hunters Esports,Bounty Hunters Esports,Bounty Hunters Esports,2:0 横扫,否（无赛前价存档）
CS2,CCT Europe Series #17 Playoffs,2026-03-12,cs2-k271-ruby1-2026-03-12,K27,ex-RUBY,ex-RUBY,2:1 打满,否（无赛前价存档）
CS2,CCT Europe Series #18 Group Stage,2026-03-12,cs2-havu-bbp-2026-03-12,Bebop,Bebop,Bebop,2:0 横扫,否（无赛前价存档）
CS2,CCT Europe Series #18 Group Stage,2026-03-12,cs2-fav-omega1-2026-03-12,Favbet,Omega,Omega,2:1 打满,否（无赛前价存档）
CS2,CCT Europe Series #18 Group Stage,2026-03-13,cs2-sta6-run2-2026-03-13,Rune Eaters,Rune Eaters,Rune Eaters,2:0 横扫,否（无赛前价存档）
CS2,BC Game Masters Playoffs,2026-03-13,cs2-ill-ursa-2026-03-13,illwill,illwill,illwill,2:0 横扫,否（无赛前价存档）
CS2,CCT Europe Series #18 Group Stage,2026-03-13,cs2-sng2-zerote-2026-03-13,Sangal,ex-Zero Tenacity,ex-Zero Tenacity,2:1 打满,否（无赛前价存档）
CS2,CCT Europe Series #18 Group Stage,2026-03-13,cs2-ace1-ef1-2026-03-13,Eternal Fire,Acend,Acend,2:1 打满,否（无赛前价存档）
CS2,BC Game Masters Playoffs,2026-03-13,cs2-nemi1-run2-2026-03-13,Nemiga,Nemiga,Nemiga,2:0 横扫,否（无赛前价存档）
CS2,BetBoom Storm Playoffs,2026-03-12,cs2-keyd-uno-2026-03-12,UNO MILLE,Keyd,Keyd,2:1 打满,否（无赛前价存档）
CS2,BC Game Masters Playoffs,2026-03-13,cs2-nem-ww-2026-03-13,Team Nemesis,Team Nemesis,Team Nemesis,2:0 横扫,否（无赛前价存档）
CS2,ESEA Advanced Europe Playoffs,2026-03-13,cs2-auryb-havu-2026-03-13,Aurora Young Blood,HAVU,Aurora Young Blood,2:1 打满,否（无赛前价存档）
CS2,ESEA Advanced Europe Playoffs,2026-03-13,cs2-csdiil-ep-2026-03-13,eternal premium,eternal premium,eternal premium,2:0 横扫,否（无赛前价存档）
CS2,Dfrag Wildcard LAN Group A,2026-03-12,cs2-thunde-gz1-2026-03-12,THUNDER dOWNUNDER,Ground Zero,THUNDER dOWNUNDER,2:1 打满,否（无赛前价存档）
CS2,Dfrag Wildcard LAN Group A,2026-03-12,cs2-timewa-rstr-2026-03-12,Rooster,Rooster,Rooster,2:0 横扫,否（无赛前价存档）
CS2,Aorus League LATAM Group A,2026-03-12,cs2-c0ki-r2-2026-03-12,R2 Esports Club,R2 Esports Club,R2 Esports Club,2:0 横扫,否（无赛前价存档）
CS2,Aorus League LATAM Group B,2026-03-12,cs2-pcy-lunaes-2026-03-12,Procyon Gaming,Procyon Gaming,Procyon Gaming,2:0 横扫,否（无赛前价存档）
CS2,Asia Championships Closed Qualifier Playoffs,2026-03-12,cs2-lvg-ae2-2026-03-12,Alter Ego,Lynn Vision,Lynn Vision,2:1 打满,否（无赛前价存档）
CS2,BC Game Masters Playoffs,2026-03-13,cs2-kol-heroa-2026-03-13,KOLESIE,KOLESIE,KOLESIE,2:0 横扫,否（无赛前价存档）
CS2,Dfrag Wildcard LAN Group A,2026-03-12,cs2-rstr-gz1-2026-03-12,Ground Zero,Ground Zero,Ground Zero,2:0 横扫,否（无赛前价存档）
CS2,CCT Europe Contenders #2 Playoffs,2026-03-12,cs2-don-mis-2026-03-12,Donstu Esports,Donstu Esports,Donstu Esports,2:0 横扫,否（无赛前价存档）
CS2,CCT Europe Contenders #2 Playoffs,2026-03-12,cs2-yn-ej-2026-03-12,Endless Journey,Endless Journey,Endless Journey,2:0 横扫,否（无赛前价存档）
CS2,CCT Europe Series #18 Group Stage,2026-03-12,cs2-ruby1-lk-2026-03-12,ex-RUBY,los kogutos,ex-RUBY,2:1 打满,否（无赛前价存档）
CS2,Asia Championships Closed Qualifier Playoffs,2026-03-12,cs2-cw-lvg-2026-03-12,Lynn Vision,Lynn Vision,Lynn Vision,2:0 横扫,否（无赛前价存档）
CS2,CIS LAN Championship Playoffs,2026-03-12,cs2-nem-nemi1-2026-03-12,Team Nemesis,Team Nemesis,Team Nemesis,2:0 横扫,否（无赛前价存档）
CS2,CIS LAN Championship Playoffs,2026-03-12,cs2-k271-ww-2026-03-12,WW Team,K27,K27,2:1 打满,否（无赛前价存档）
CS2,CCT Europe Series #17 Playoffs,2026-03-13,cs2-ruby1-cs1-2026-03-13,ex-RUBY,CYBERSHOKE Esports,ex-RUBY,2:1 打满,否（无赛前价存档）
CS2,CCT Europe Series #17 Playoffs,2026-03-13,cs2-leo2-hotu-2026-03-13,HOTU,Leo Team,HOTU,2:1 打满,否（无赛前价存档）
CS2,Dfrag Wildcard LAN Group B,2026-03-13,cs2-sfe-mf-2026-03-13,SemperFi Esports,SemperFi Esports,SemperFi Esports,2:0 横扫,否（无赛前价存档）
CS2,Dfrag Wildcard LAN Group B,2026-03-13,cs2-skele-arc-2026-03-13,Arcade Esports,Arcade Esports,Arcade Esports,2:0 横扫,否（无赛前价存档）
CS2,BetBoom Storm Playoffs,2026-03-13,cs2-keyd-bhe-2026-03-13,Bounty Hunters Esports,Bounty Hunters Esports,Bounty Hunters Esports,2:0 横扫,否（无赛前价存档）
CS2,CCT South America Series #10 Group Stage,2026-03-13,cs2-pls-hwga-2026-03-13,Players,Players,Players,2:0 横扫,否（无赛前价存档）
CS2,Dfrag Wildcard LAN Group B,2026-03-13,cs2-arc-mf-2026-03-13,Mindfreak,Mindfreak,Mindfreak,2:0 横扫,否（无赛前价存档）
CS2,CCT South America Series #10 Group Stage,2026-03-13,cs2-mw-paina-2026-03-13,paiN Academy,METANOIA WOLVES,paiN Academy,2:1 打满,否（无赛前价存档）
CS2,NODWIN Clutch Series Play-In Group D,2026-03-13,cs2-mana-csdiil-2026-03-13,MANA eSports,MANA eSports,MANA eSports,2:0 横扫,否（无赛前价存档）
CS2,CCT South America Series #10 Group Stage,2026-03-14,cs2-gh-mag-2026-03-14,Game Hunters,Game Hunters,Game Hunters,2:0 横扫,否（无赛前价存档）
CS2,NODWIN Clutch Series Play-In Group C,2026-03-13,cs2-bbp-encea1-2026-03-13,Bebop,Bebop,Bebop,2:0 横扫,否（无赛前价存档）
CS2,NODWIN Clutch Series Play-In Group C,2026-03-13,cs2-tlr-lilmix-2026-03-13,The Last Resort,The Last Resort,The Last Resort,2:0 横扫,否（无赛前价存档）
CS2,CCT South America Series #10 Group Stage,2026-03-14,cs2-uno-mibra-2026-03-14,UNO MILLE,MIBR Academy,UNO MILLE,2:1 打满,否（无赛前价存档）
CS2,NODWIN Clutch Series Play-In Group D,2026-03-13,cs2-fuzos-msq-2026-03-13,Mousquetaires,Mousquetaires,Mousquetaires,2:0 横扫,否（无赛前价存档）
CS2,Dfrag Wildcard LAN Playoffs,2026-03-13,cs2-thunde-mf-2026-03-13,THUNDER dOWNUNDER,THUNDER dOWNUNDER,THUNDER dOWNUNDER,2:0 横扫,否（无赛前价存档）
CS2,Dfrag Wildcard LAN Playoffs,2026-03-13,cs2-sfe-gz1-2026-03-13,SemperFi Esports,SemperFi Esports,SemperFi Esports,2:0 横扫,否（无赛前价存档）
CS2,ESL Pro League Playoffs,2026-03-14,cs2-navi-fut-2026-03-14,Natus Vincere,FUT Esports,Natus Vincere,2:1 打满,否（无赛前价存档）
CS2,ESL Pro League Playoffs,2026-03-14,cs2-aur1-ast10-2026-03-14,Astralis,Aurora Gaming,Aurora Gaming,2:1 打满,否（无赛前价存档）
CS2,BC Game Masters Playoffs,2026-03-14,cs2-nemi1-mouzn-2026-03-14,Nemiga,Nemiga,Nemiga,2:0 横扫,否（无赛前价存档）
CS2,BC Game Masters Playoffs,2026-03-14,cs2-kol-mzp-2026-03-14,Metizport,KOLESIE,Metizport,2:1 打满,否（无赛前价存档）
CS2,BC Game Masters Playoffs,2026-03-14,cs2-ill-nvq-2026-03-14,illwill,illwill,illwill,2:0 横扫,否（无赛前价存档）
CS2,Roman Imperium Cup Playoffs,2026-03-14,cs2-jjh-og1-2026-03-14,OG,OG,OG,2:0 横扫,否（无赛前价存档）
CS2,Roman Imperium Cup Playoffs,2026-03-14,cs2-9ine-all-2026-03-14,Alliance,9INE,Alliance,2:1 打满,否（无赛前价存档）
CS2,Roman Imperium Cup Playoffs,2026-03-14,cs2-eye-tl1-2026-03-14,Liquid,Liquid,Liquid,2:0 横扫,否（无赛前价存档）
CS2,BC Game Masters Playoffs,2026-03-14,cs2-nem-ef1-2026-03-14,Eternal Fire,Eternal Fire,Eternal Fire,2:0 横扫,否（无赛前价存档）
CS2,Roman Imperium Cup Playoffs,2026-03-14,cs2-gg5-nip-2026-03-14,NIP,NIP,NIP,2:0 横扫,否（无赛前价存档）
CS2,Dfrag Wildcard LAN Playoffs,2026-03-13,cs2-thunde-sfe-2026-03-13,SemperFi Esports,SemperFi Esports,SemperFi Esports,2:0 横扫,否（无赛前价存档）
CS2,ESEA Advanced Europe Playoffs,2026-03-14,cs2-auryb-ep-2026-03-14,eternal premium,Aurora Young Blood,Aurora Young Blood,2:1 打满,否（无赛前价存档）
CS2,Dfrag Wildcard LAN Playoffs,2026-03-13,cs2-mf-gz1-2026-03-13,Ground Zero,Ground Zero,Ground Zero,2:0 横扫,否（无赛前价存档）
CS2,NODWIN Clutch Series Play-In Group D,2026-03-14,cs2-csdiil-msq-2026-03-14,Mousquetaires, CSDIILIT, CSDIILIT,2:1 打满,否（无赛前价存档）
CS2,NODWIN Clutch Series Play-In Group C,2026-03-14,cs2-lilmix-bbp-2026-03-14,Lilmix,Bebop,Bebop,2:1 打满,否（无赛前价存档）
CS2,CCT Europe Series #18 Group Stage,2026-03-14,cs2-sta6-bbp-2026-03-14,Bebop,Bebop,Bebop,2:0 横扫,否（无赛前价存档）
CS2,CCT Europe Series #18 Group Stage,2026-03-14,cs2-fav-hashir-2026-03-14,Favbet,Favbet,Favbet,2:0 横扫,否（无赛前价存档）
CS2,Aorus League LATAM Playoffs,2026-03-14,cs2-shin-pcy-2026-03-14,ShindeN,ShindeN,ShindeN,2:0 横扫,否（无赛前价存档）
CS2,Aorus League LATAM Playoffs,2026-03-14,cs2-isg-r2-2026-03-14,R2 Esports Club,Isurus,Isurus,2:1 打满,否（无赛前价存档）
CS2,Dfrag Wildcard LAN Playoffs,2026-03-14,cs2-thunde-gz1-2026-03-14,Ground Zero,THUNDER dOWNUNDER,THUNDER dOWNUNDER,2:1 打满,否（无赛前价存档）
CS2,CCT Europe Series #18 Group Stage,2026-03-14,cs2-sng2-lk-2026-03-14,Sangal,los kogutos,Sangal,2:1 打满,否（无赛前价存档）
CS2,CCT Europe Series #18 Group Stage,2026-03-15,cs2-ruby1-zerote-2026-03-15,ex-RUBY,ex-Zero Tenacity,ex-RUBY,2:1 打满,否（无赛前价存档）
CS2,CCT Europe Series #18 Group Stage,2026-03-15,cs2-omega1-ef1-2026-03-15,Eternal Fire,Eternal Fire,Eternal Fire,2:0 横扫,否（无赛前价存档）
CS2,Dust2.dk Ligaen Group A,2026-03-14,cs2-msc-ecs-2026-03-14,MASONIC,ECSTATIC,ECSTATIC,2:1 打满,否（无赛前价存档）
CS2,Dust2.dk Ligaen Group B,2026-03-14,cs2-tri9-for10-2026-03-14,Tricked,Tricked,Tricked,2:0 横扫,否（无赛前价存档）
CS2,Dust2.dk Ligaen Group B,2026-03-14,cs2-str4-aab-2026-03-14,AaB esport,AaB esport,AaB esport,2:0 横扫,否（无赛前价存档）
CS2,NODWIN Clutch Series Play-In,2026-03-15,cs2-mana-nvq-2026-03-15,MANA eSports,MANA eSports,MANA eSports,2:0 横扫,否（无赛前价存档）
CS2,NODWIN Clutch Series Play-In,2026-03-15,cs2-tlr-heroa-2026-03-15,The Last Resort,The Last Resort,The Last Resort,2:0 横扫,否（无赛前价存档）
CS2,NODWIN Clutch Series Play-In,2026-03-15,cs2-hs2-csdiil-2026-03-15, CSDIILIT,HyperSpirit, CSDIILIT,2:1 打满,否（无赛前价存档）
CS2,Aorus League LATAM Playoffs,2026-03-14,cs2-shin-isg-2026-03-14,ShindeN,Isurus,ShindeN,2:1 打满,否（无赛前价存档）
CS2,ESL Pro League Playoffs,2026-03-15,cs2-fut-ast10-2026-03-15,FUT Esports,Astralis,Astralis,2:1 打满,否（无赛前价存档）
CS2,Roman Imperium Cup Playoffs,2026-03-15,cs2-nip-all-2026-03-15,NIP,NIP,NIP,2:0 横扫,否（无赛前价存档）
CS2,Roman Imperium Cup Playoffs,2026-03-15,cs2-tl1-og1-2026-03-15,OG,Liquid,OG,2:1 打满,否（无赛前价存档）
CS2,BC Game Masters Playoffs,2026-03-15,cs2-mzp-ill-2026-03-15,Metizport,Metizport,Metizport,2:0 横扫,否（无赛前价存档）
CS2,BC Game Masters Playoffs,2026-03-15,cs2-nemi1-ef1-2026-03-15,Eternal Fire,Nemiga,Nemiga,2:1 打满,否（无赛前价存档）
CS2,Dust2.dk Ligaen Playoffs,2026-03-15,cs2-ecs-tri9-2026-03-15,Tricked,ECSTATIC,Tricked,2:1 打满,否（无赛前价存档）
CS2,Dust2.dk Ligaen Playoffs,2026-03-15,cs2-aab-sashi-2026-03-15,Sashi Esport,Sashi Esport,Sashi Esport,2:0 横扫,否（无赛前价存档）
CS2,CCT South America Series #10 Group Stage,2026-03-15,cs2-r2-mibra-2026-03-15,MIBR Academy,MIBR Academy,MIBR Academy,2:0 横扫,否（无赛前价存档）
CS2,CCT South America Series #10 Group Stage,2026-03-15,cs2-mw-mag-2026-03-15,METANOIA WOLVES,METANOIA WOLVES,METANOIA WOLVES,2:0 横扫,否（无赛前价存档）
CS2,CCT South America Series #10 Group Stage,2026-03-16,cs2-pls-ge3-2026-03-16,Players,Players,Players,2:0 横扫,否（无赛前价存档）
CS2,CCT South America Series #10 Group Stage,2026-03-16,cs2-gh-paina-2026-03-16,Game Hunters,paiN Academy,Game Hunters,2:1 打满,否（无赛前价存档）
CS2,ESL Challenger League South America Cup #2 Playoffs,2026-03-20,cs2-shin-ge-2026-03-20,ShindeN,ShindeN,ShindeN,2:0 横扫,否（无赛前价存档）
CS2,ESL Challenger League South America Cup #2 Playoffs,2026-03-20,cs2-uno-keyd-2026-03-20,Keyd,UNO MILLE,Keyd,2:1 打满,否（无赛前价存档）
CS2,ESL Challenger League South America Cup #2 Playoffs,2026-03-20,cs2-furiaf-pcy-2026-03-20,Procyon Gaming,Procyon Gaming,Procyon Gaming,2:0 横扫,否（无赛前价存档）
CS2,Dfrag Wildcard LAN Playoffs,2026-03-15,cs2-sfe-thunde-2026-03-15,THUNDER dOWNUNDER,SemperFi Esports,THUNDER dOWNUNDER,2:1 打满,否（无赛前价存档）
CS2,CCT South America Series #10 Group Stage,2026-03-16,cs2-ds-backto-2026-03-16,DashSkins,DashSkins,DashSkins,2:0 横扫,否（无赛前价存档）
CS2,CCT South America Series #10 Group Stage,2026-03-16,cs2-uno-crash-2026-03-16,Crashers,Crashers,Crashers,2:0 横扫,否（无赛前价存档）
CS2,CCT Europe Closed Qualifier: Series #19 Group A,2026-03-16,cs2-hashir-atreid-2026-03-16,Hashiras,Hashiras,Hashiras,2:0 横扫,否（无赛前价存档）
CS2,CCT Europe Closed Qualifier: Series #19 Group B,2026-03-16,cs2-bbp-8s-2026-03-16,Bebop,Bebop,Bebop,2:0 横扫,否（无赛前价存档）
CS2,ESL Challenger League Europe Cup #2 Playoffs,2026-03-16,cs2-lilmix-msq-2026-03-16,Mousquetaires,Mousquetaires,Mousquetaires,2:0 横扫,否（无赛前价存档）
CS2,ESL Challenger League Europe Cup #2 Playoffs,2026-03-16,cs2-run2-aka-2026-03-16,Rune Eaters,Rune Eaters,Rune Eaters,2:0 横扫,否（无赛前价存档）
CS2,ESL Challenger League Europe Cup #2 Playoffs,2026-03-16,cs2-leo2-sinqu-2026-03-16,Leo Team,Leo Team,Leo Team,2:0 横扫,否（无赛前价存档）
CS2,ESL Challenger League Europe Cup #2 Playoffs,2026-03-16,cs2-ursa-biga-2026-03-16,Ursa,Ursa,Ursa,2:0 横扫,否（无赛前价存档）
CS2,ESL Challenger League Europe Cup #2 Playoffs,2026-03-16,cs2-aim1-hs2-2026-03-16,aimclub,HyperSpirit,HyperSpirit,2:1 打满,否（无赛前价存档）
CS2,ESL Challenger League Europe Cup #2 Playoffs,2026-03-16,cs2-hin-mana-2026-03-16,MANA eSports,MANA eSports,MANA eSports,2:0 横扫,否（无赛前价存档）
CS2,ESL Challenger League Europe Cup #2 Playoffs,2026-03-16,cs2-heroa-zerote-2026-03-16,ex-Zero Tenacity,ex-Zero Tenacity,ex-Zero Tenacity,2:0 横扫,否（无赛前价存档）
CS2,ESL Challenger League Europe Cup #2 Playoffs,2026-03-16,cs2-csdiil-bw-2026-03-16,Bushido Wildcats,Bushido Wildcats,Bushido Wildcats,2:0 横扫,否（无赛前价存档）
CS2,Dust2.dk Ligaen Playoffs,2026-03-15,cs2-sashi-tri9-2026-03-15,Tricked,Tricked,Tricked,2:0 横扫,否（无赛前价存档）
CS2,Dust2.dk Ligaen Playoffs,2026-03-15,cs2-aab-ecs-2026-03-15,ECSTATIC,ECSTATIC,ECSTATIC,2:0 横扫,否（无赛前价存档）
CS2,BC Game Masters Playoffs,2026-03-15,cs2-nemi1-mzp-2026-03-15,Metizport,Nemiga,Nemiga,2:1 打满,否（无赛前价存档）
CS2,Journey Group B,2026-03-24,cs2-js1-fcf-2026-03-24,Johnny Speeds,Johnny Speeds,Johnny Speeds,2:0 横扫,否（无赛前价存档）
CS2,Journey Group D,2026-03-26,cs2-eye-yn-2026-03-26,EYEBALLERS,EYEBALLERS,EYEBALLERS,2:0 横扫,否（无赛前价存档）
CS2,Journey Group C,2026-03-25,cs2-bca-heroa-2026-03-25,Betclic Apogee Esports,Betclic Apogee Esports,Betclic Apogee Esports,2:0 横扫,否（无赛前价存档）
CS2,Journey Group D,2026-03-26,cs2-all-rt1-2026-03-26,Alliance,Alliance,Alliance,2:0 横扫,否（无赛前价存档）
CS2,ESEA Advanced Europe Playoffs,2026-03-15,cs2-tnt-auryb-2026-03-15,Aurora Young Blood,TNT,TNT,2:1 打满,否（无赛前价存档）
CS2,Journey Group A,2026-03-23,cs2-mzp-unity-2026-03-23,Metizport,UNiTY esports,Metizport,2:1 打满,否（无赛前价存档）
CS2,Roman Imperium Cup Playoffs,2026-03-15,cs2-og1-nip-2026-03-15,OG,NIP,NIP,2:1 打满,否（无赛前价存档）
CS2,Roman Imperium Cup Playoffs,2026-03-15,cs2-tl1-all-2026-03-15,Liquid,Alliance,Alliance,2:1 打满,否（无赛前价存档）
CS2,ANZC Locals Brisbane: Group A,2026-03-15,cs2-sfe-mf-2026-03-15,SemperFi Esports,SemperFi Esports,SemperFi Esports,2:0 横扫,否（无赛前价存档）
CS2,ANZC Locals Brisbane: Group A,2026-03-15,cs2-arc-abyssa-2026-03-15,Arcade Esports,Arcade Esports,Arcade Esports,2:0 横扫,否（无赛前价存档）
CS2,CCT Europe Series #18 Group Stage,2026-03-16,cs2-fav-sng2-2026-03-16,Favbet,Favbet,Favbet,2:0 横扫,否（无赛前价存档）
CS2,CCT Europe Series #18 Group Stage,2026-03-16,cs2-omega1-zerote-2026-03-16,ex-Zero Tenacity,ex-Zero Tenacity,ex-Zero Tenacity,2:0 横扫,否（无赛前价存档）
CS2,ANZC Locals Brisbane: Group A,2026-03-16,cs2-mf-arc-2026-03-16,Mindfreak,Arcade Esports,Arcade Esports,2:1 打满,否（无赛前价存档）
CS2,ANZC Locals Brisbane: Group B,2026-03-16,cs2-thunde-gz1-2026-03-16,THUNDER dOWNUNDER,Ground Zero,THUNDER dOWNUNDER,2:1 打满,否（无赛前价存档）
CS2,ANZC Locals Brisbane: Group B,2026-03-16,cs2-timewa-rstr-2026-03-16,Rooster,Rooster,Rooster,2:0 横扫,否（无赛前价存档）
CS2,NODWIN Clutch Series Group Stage,2026-03-17,cs2-algo1-meg1-2026-03-17,ALGO Esports,megoshort,ALGO Esports,2:1 打满,否（无赛前价存档）
CS2,NODWIN Clutch Series Group Stage,2026-03-17,cs2-leo2-run2-2026-03-17,Leo Team,Rune Eaters,Rune Eaters,2:1 打满,否（无赛前价存档）
CS2,NODWIN Clutch Series Group Stage,2026-03-18,cs2-rbls-csdiil-2026-03-18,Rebels Gaming, CSDIILIT,Rebels Gaming,2:1 打满,否（无赛前价存档）
CS2,NODWIN Clutch Series Group Stage,2026-03-17,cs2-ast-ursa-2026-03-17,Ursa,ASTRAL,ASTRAL,2:1 打满,否（无赛前价存档）
CS2,NODWIN Clutch Series Group Stage,2026-03-17,cs2-minlat-bige-2026-03-17,MINLATE,MINLATE,MINLATE,2:0 横扫,否（无赛前价存档）
CS2,NODWIN Clutch Series Group Stage,2026-03-18,cs2-ruby1-tlr-2026-03-18,The Last Resort,The Last Resort,The Last Resort,2:0 横扫,否（无赛前价存档）
CS2,ANZC Locals Brisbane: Group B,2026-03-16,cs2-gz1-rstr-2026-03-16,Ground Zero,Ground Zero,Ground Zero,2:0 横扫,否（无赛前价存档）
CS2,ESL Challenger League South America Cup #2 Playoffs,2026-03-20,cs2-bhe-mw-2026-03-20,METANOIA WOLVES,METANOIA WOLVES,METANOIA WOLVES,2:0 横扫,否（无赛前价存档）
CS2,CCT Europe Closed Qualifier: Series #19 Group C,2026-03-18,cs2-lilmix-biga-2026-03-18,BIG Academy,Lilmix,Lilmix,2:1 打满,否（无赛前价存档）
CS2,ESL Challenger League Europe Cup #2 Playoffs,2026-03-17,cs2-nem-zerote-2026-03-17,ex-Zero Tenacity,Team Nemesis,Team Nemesis,2:1 打满,否（无赛前价存档）
CS2,ESL Challenger League South America Cup #2 Playoffs,2026-03-20,cs2-vexa-ds-2026-03-20,DashSkins,DashSkins,DashSkins,2:0 横扫,否（无赛前价存档）
CS2,ESL Challenger League Europe Cup #2 Playoffs,2026-03-17,cs2-sta6-g2a-2026-03-17,G2 Ares,G2 Ares,G2 Ares,2:0 横扫,否（无赛前价存档）
CS2,ESL Challenger League Europe Cup #2 Playoffs,2026-03-17,cs2-tdk-hs2-2026-03-17,TDK,TDK,TDK,2:0 横扫,否（无赛前价存档）
CS2,ESL Challenger League Europe Cup #2 Playoffs,2026-03-17,cs2-nemi1-tlr-2026-03-17,Nemiga,Nemiga,Nemiga,2:0 横扫,否（无赛前价存档）
CS2,ESL Challenger League Europe Cup #2 Playoffs,2026-03-17,cs2-ef1-mana-2026-03-17,Eternal Fire,Eternal Fire,Eternal Fire,2:0 横扫,否（无赛前价存档）
CS2,ESL Challenger League Europe Cup #2 Playoffs,2026-03-17,cs2-sng2-ursa-2026-03-17,Ursa,Ursa,Ursa,2:0 横扫,否（无赛前价存档）
CS2,ESL Challenger League Europe Cup #2 Playoffs,2026-03-17,cs2-omega1-msc-2026-03-17,MASONIC,Omega,Omega,2:1 打满,否（无赛前价存档）
CS2,ESL Challenger League Europe Cup #2 Playoffs,2026-03-17,cs2-k271-bw-2026-03-17,K27,Bushido Wildcats,K27,2:1 打满,否（无赛前价存档）
CS2,ESL Challenger League Europe Cup #2 Playoffs,2026-03-17,cs2-unity-minlat-2026-03-17,UNiTY esports,MINLATE,MINLATE,2:1 打满,否（无赛前价存档）
CS2,CCT Europe Series #18 Playoffs,2026-03-17,cs2-fc3-ruby1-2026-03-17,FriendlyCampers,ex-RUBY,FriendlyCampers,2:1 打满,否（无赛前价存档）
CS2,CCT Europe Series #18 Playoffs,2026-03-17,cs2-ice-run2-2026-03-17,Inner Circle Esports,Inner Circle Esports,Inner Circle Esports,2:0 横扫,否（无赛前价存档）
CS2,CCT Europe Series #18 Playoffs,2026-03-17,cs2-hotu-bbp-2026-03-17,Bebop,HOTU,Bebop,2:1 打满,否（无赛前价存档）
CS2,CCT Europe Series #18 Playoffs,2026-03-17,cs2-ecs-ursa-2026-03-17,Ursa,Ursa,Ursa,2:0 横扫,否（无赛前价存档）
CS2,CCT Europe Closed Qualifier: Series #19 Group B,2026-03-17,cs2-8s-ec1-2026-03-17,8Sins,8Sins,8Sins,2:0 横扫,否（无赛前价存档）
CS2,ANZC Locals Brisbane: Playoffs,2026-03-17,cs2-sfe-arc-2026-03-17,SemperFi Esports,SemperFi Esports,SemperFi Esports,2:0 横扫,否（无赛前价存档）
CS2,CCT Europe Series #18 Playoffs,2026-03-18,cs2-all-fav-2026-03-18,Favbet,Favbet,Favbet,2:0 横扫,否（无赛前价存档）
CS2,CCT South America Series #10 Group Stage,2026-03-17,cs2-isg-ge3-2026-03-17,Isurus,Isurus,Isurus,2:0 横扫,否（无赛前价存档）
CS2,CCT South America Series #10 Group Stage,2026-03-17,cs2-uno-hwga-2026-03-17,UNO MILLE,UNO MILLE,UNO MILLE,2:0 横扫,否（无赛前价存档）
CS2,CCT Europe Series #18 Playoffs,2026-03-18,cs2-k271-ef1-2026-03-18,Eternal Fire,K27,K27,2:1 打满,否（无赛前价存档）
CS2,CCT Europe Series #18 Playoffs,2026-03-18,cs2-cs1-ace1-2026-03-18,CYBERSHOKE Esports,CYBERSHOKE Esports,CYBERSHOKE Esports,2:0 横扫,否（无赛前价存档）
CS2,CCT Europe Series #18 Playoffs,2026-03-18,cs2-big5-zerote-2026-03-18,BIG,BIG,BIG,2:0 横扫,否（无赛前价存档）
CS2,CCT Europe Closed Qualifier: Series #19 Group C,2026-03-18,cs2-csdiil-aim1-2026-03-18, CSDIILIT, CSDIILIT, CSDIILIT,2:0 横扫,否（无赛前价存档）
CS2,CCT South America Series #10 Group Stage,2026-03-18,cs2-mibra-paina-2026-03-18,MIBR Academy,MIBR Academy,MIBR Academy,2:0 横扫,否（无赛前价存档）
CS2,CCT South America Series #10 Group Stage,2026-03-18,cs2-mw-backto-2026-03-18,METANOIA WOLVES,Back to Back ,Back to Back ,2:1 打满,否（无赛前价存档）
CS2,CCT South America Series #10 Group Stage,2026-03-18,cs2-pls-gh-2026-03-18,Game Hunters,Players,Game Hunters,2:1 打满,否（无赛前价存档）
CS2,CCT South America Series #10 Group Stage,2026-03-18,cs2-ds-crash-2026-03-18,DashSkins,DashSkins,DashSkins,2:0 横扫,否（无赛前价存档）
CS2,CCT Europe Closed Qualifier: Series #19 Group A,2026-03-17,cs2-hashir-oxuji-2026-03-17,Oxuji Esports,Hashiras,Hashiras,2:1 打满,否（无赛前价存档）
CS2,ESL Challenger League Europe Cup #2 Playoffs,2026-03-18,cs2-lilmix-bw-2026-03-18,Lilmix,Bushido Wildcats,Bushido Wildcats,2:1 打满,否（无赛前价存档）
CS2,ESL Challenger League Europe Cup #2 Playoffs,2026-03-18,cs2-hin-run2-2026-03-18,Rune Eaters,Rune Eaters,Rune Eaters,2:0 横扫,否（无赛前价存档）
CS2,ESL Challenger League Europe Cup #2 Playoffs,2026-03-18,cs2-tlr-heroa-2026-03-18,The Last Resort,HEROIC Academy,The Last Resort,2:1 打满,否（无赛前价存档）
CS2,CCT Europe Closed Qualifier: Series #19 Group D,2026-03-18,cs2-zerote-yng-2026-03-18,yngods,ex-Zero Tenacity,yngods,2:1 打满,否（无赛前价存档）
CS2,ESL Challenger League Europe Cup #2 Playoffs,2026-03-19,cs2-ruby1-omega1-2026-03-19,ex-RUBY,ex-RUBY,ex-RUBY,2:0 横扫,否（无赛前价存档）
CS2,ESL Challenger League Europe Cup #2 Playoffs,2026-03-19,cs2-k271-g2a-2026-03-19,K27,G2 Ares,K27,2:1 打满,否（无赛前价存档）
CS2,ESL Challenger League Europe Cup #2 Playoffs,2026-03-19,cs2-1win-ef1-2026-03-19,1WIN,1WIN,1WIN,2:0 横扫,否（无赛前价存档）
CS2,ESL Challenger League Europe Cup #2 Playoffs,2026-03-19,cs2-msq-minlat-2026-03-19,Mousquetaires,Mousquetaires,Mousquetaires,2:0 横扫,否（无赛前价存档）
CS2,Aorus League Brazil Online Stage Group A,2026-03-18,cs2-alz-bsta-2026-03-18,BESTIA Academy,BESTIA Academy,BESTIA Academy,2:0 横扫,否（无赛前价存档）
CS2,Aorus League Brazil Online Stage Group B,2026-03-18,cs2-mibra-keyd-2026-03-18,Keyd,MIBR Academy,MIBR Academy,2:1 打满,否（无赛前价存档）
CS2,ESL Challenger League Europe Cup #2 Playoffs,2026-03-19,cs2-havu-nemi1-2026-03-19,Nemiga,Nemiga,Nemiga,2:0 横扫,否（无赛前价存档）
CS2,ESL Challenger League Europe Cup #2 Playoffs,2026-03-18,cs2-aka-mana-2026-03-18,MANA eSports,MANA eSports,MANA eSports,2:0 横扫,否（无赛前价存档）
CS2,ESL Challenger League Europe Cup #2 Playoffs,2026-03-18,cs2-encea1-msc-2026-03-18,ENCE Academy,ENCE Academy,ENCE Academy,2:0 横扫,否（无赛前价存档）
CS2,ESL Challenger League Europe Cup #2 Playoffs,2026-03-19,cs2-rbls-tdk-2026-03-19,TDK,TDK,TDK,2:0 横扫,否（无赛前价存档）
CS2,CCT Europe Series #18 Playoffs,2026-03-19,cs2-bbp-ursa-2026-03-19,Bebop,Ursa,Ursa,2:1 打满,否（无赛前价存档）
CS2,CCT Europe Series #18 Playoffs,2026-03-19,cs2-k271-ice-2026-03-19,K27,Inner Circle Esports,K27,2:1 打满,否（无赛前价存档）
CS2,BLAST Open Rotterdam Group A,2026-03-20,cs2-b8-nrg-2026-03-20,NRG,NRG,NRG,2:0 横扫,否（无赛前价存档）
CS2,BLAST Open Rotterdam Group A,2026-03-20,cs2-fal2-navi-2026-03-20,Team Falcons,Natus Vincere,Natus Vincere,2:1 打满,否（无赛前价存档）
CS2,CCT Europe Closed Qualifier: Series #19 Group C,2026-03-19,cs2-biga-aim1-2026-03-19,BIG Academy,BIG Academy,BIG Academy,2:0 横扫,否（无赛前价存档）
CS2,CCT Europe Closed Qualifier: Series #19 Group C,2026-03-19,cs2-lilmix-csdiil-2026-03-19,Lilmix, CSDIILIT, CSDIILIT,2:1 打满,否（无赛前价存档）
CS2,ESL Challenger League Europe Cup #2 Playoffs,2026-03-19,cs2-sinqu-zerote-2026-03-19,ex-Zero Tenacity,ex-Zero Tenacity,ex-Zero Tenacity,2:0 横扫,否（无赛前价存档）
CS2,CCT Europe Closed Qualifier: Series #19 Group D,2026-03-19,cs2-msc-zerote-2026-03-19,ex-Zero Tenacity,ex-Zero Tenacity,ex-Zero Tenacity,2:0 横扫,否（无赛前价存档）
CS2,ESL Challenger League Europe Cup #2 Playoffs,2026-03-19,cs2-leo2-tlr-2026-03-19,The Last Resort,The Last Resort,The Last Resort,2:0 横扫,否（无赛前价存档）
CS2,CCT Europe Series #18 Playoffs,2026-03-19,cs2-big5-cs1-2026-03-19,BIG,BIG,BIG,2:0 横扫,否（无赛前价存档）
CS2,BLAST Open Rotterdam Group A,2026-03-20,cs2-furia-aur1-2026-03-20,Aurora Gaming,Aurora Gaming,Aurora Gaming,2:0 横扫,否（无赛前价存档）
CS2,BLAST Open Rotterdam Group A,2026-03-20,cs2-faze-tyloo-2026-03-20,TYLOO,FaZe,TYLOO,2:1 打满,否（无赛前价存档）
CS2,NODWIN Clutch Series Group Stage,2026-03-19,cs2-run2-tlr-2026-03-19,The Last Resort,Rune Eaters,The Last Resort,2:1 打满,否（无赛前价存档）
CS2,NODWIN Clutch Series Group Stage,2026-03-19,cs2-rbls-algo1-2026-03-19,ALGO Esports,ALGO Esports,ALGO Esports,2:0 横扫,否（无赛前价存档）
CS2,NODWIN Clutch Series Group Stage,2026-03-19,cs2-am-ast-2026-03-19,AM Gaming,ASTRAL,AM Gaming,2:1 打满,否（无赛前价存档）
CS2,Aorus League Brazil Online Stage Group B,2026-03-19,cs2-gls1-mibra-2026-03-19,MIBR Academy,Galorys,Galorys,2:1 打满,否（无赛前价存档）
CS2,CCT Europe Series #18 Playoffs,2026-03-19,cs2-fav-esc1-2026-03-19,Favbet,ESC Gaming,Favbet,2:1 打满,否（无赛前价存档）
CS2,Aorus League Brazil Online Stage Group A,2026-03-19,cs2-crash-bsta-2026-03-19,Crashers,BESTIA Academy,Crashers,2:1 打满,否（无赛前价存档）
CS2,ESL Challenger League Europe Cup #2 Playoffs,2026-03-19,cs2-encea1-biga-2026-03-19,ENCE Academy,ENCE Academy,ENCE Academy,2:0 横扫,否（无赛前价存档）
CS2,CCT South America Series #10 Group Stage,2026-03-19,cs2-paina-mag-2026-03-19,MAGICOS,MAGICOS,MAGICOS,2:0 横扫,否（无赛前价存档）
CS2,ESL Challenger League Europe Cup #2 Playoffs,2026-03-19,cs2-sta6-bw-2026-03-19,Bushido Wildcats,STATE,STATE,2:1 打满,否（无赛前价存档）
CS2,CCT South America Series #10 Group Stage,2026-03-19,cs2-r2-hwga-2026-03-19,R2 Esports Club,R2 Esports Club,R2 Esports Club,2:0 横扫,否（无赛前价存档）
CS2,CCT South America Series #10 Group Stage,2026-03-19,cs2-mw-ge3-2026-03-19,Guara Esports,METANOIA WOLVES,Guara Esports,2:1 打满,否（无赛前价存档）
CS2,NODWIN Clutch Series Group Stage,2026-03-20,cs2-minlat-mana-2026-03-20,MANA eSports,MANA eSports,MANA eSports,2:0 横扫,否（无赛前价存档）
CS2,NODWIN Clutch Series Group Stage,2026-03-20,cs2-ursa-bige-2026-03-20,Ursa,Ursa,Ursa,2:0 横扫,否（无赛前价存档）
CS2,CCT Europe Closed Qualifier: Series #19 Group B,2026-03-20,cs2-fuzos-8s-2026-03-20,8Sins,8Sins,8Sins,2:0 横扫,否（无赛前价存档）
CS2,NODWIN Clutch Series Group Stage,2026-03-20,cs2-g1-leo2-2026-03-20,GenOne,GenOne,GenOne,2:0 横扫,否（无赛前价存档）
CS2,CCT South America Series #10 Group Stage,2026-03-20,cs2-pls-uno-2026-03-20,Players,Players,Players,2:0 横扫,否（无赛前价存档）
CS2,CCT South America Series #10 Group Stage,2026-03-20,cs2-isg-mibra-2026-03-20,Isurus,Isurus,Isurus,2:0 横扫,否（无赛前价存档）
CS2,CCT South America Series #10 Group Stage,2026-03-20,cs2-crash-backto-2026-03-20,Back to Back ,Back to Back ,Back to Back ,2:0 横扫,否（无赛前价存档）
CS2,ESL Challenger League North America Cup #2 Playoffs,2026-03-20,cs2-flyr-se1-2026-03-20,FlyQuest RED,Sakura Esports,Sakura Esports,2:1 打满,否（无赛前价存档）
CS2,ESL Challenger League North America Cup #2 Playoffs,2026-03-20,cs2-ta-rei-2026-03-20,Team Aether,Team Aether,Team Aether,2:0 横扫,否（无赛前价存档）
CS2,ESL Challenger League North America Cup #2 Playoffs,2026-03-20,cs2-nt-zomb-2026-03-20,Zomblers,Zomblers,Zomblers,2:0 横扫,否（无赛前价存档）
CS2,ESL Challenger League North America Cup #2 Playoffs,2026-03-20,cs2-regain-f5-2026-03-20,regain,regain,regain,2:0 横扫,否（无赛前价存档）
CS2,ESL Challenger League North America Cup #2 Playoffs,2026-03-20,cs2-o49-cce-2026-03-20,Chicken Coop Esports,Chicken Coop Esports,Chicken Coop Esports,2:0 横扫,否（无赛前价存档）
CS2,ESL Challenger League North America Cup #2 Playoffs,2026-03-20,cs2-lag-wg-2026-03-20,Wanted Goons,LAG Gaming,LAG Gaming,2:1 打满,否（无赛前价存档）
CS2,ESL Challenger League Oceania Cup #2 Playoffs,2026-03-21,cs2-gz1-ve-2026-03-21,Ground Zero,Ground Zero,Ground Zero,2:0 横扫,否（无赛前价存档）
CS2,ESL Challenger League Oceania Cup #2 Playoffs,2026-03-21,cs2-arc-rstr-2026-03-21,Rooster,Rooster,Rooster,2:0 横扫,否（无赛前价存档）
CS2,BLAST Open Rotterdam Group B,2026-03-21,cs2-nip-tl1-2026-03-21,NIP,Liquid,Liquid,2:1 打满,否（无赛前价存档）
CS2,BLAST Open Rotterdam Group B,2026-03-21,cs2-prv-ts7-2026-03-21,PARIVISION,PARIVISION,PARIVISION,2:0 横扫,否（无赛前价存档）
CS2,United21 Playoffs,2026-03-20,cs2-inf1-biga-2026-03-20,BIG Academy,BIG Academy,BIG Academy,2:0 横扫,否（无赛前价存档）
CS2,United21 Playoffs,2026-03-20,cs2-lph-np3-2026-03-20,New Project,New Project,New Project,2:0 横扫,否（无赛前价存档）
CS2,ESL Challenger League Asia-Pacific Cup 2 Playoffs,2026-03-20,cs2-legion-bp-2026-03-20,Boring Players,Boring Players,Boring Players,2:0 横扫,否（无赛前价存档）
CS2,ESL Challenger League Asia-Pacific Cup 2 Playoffs,2026-03-20,cs2-hh1-js-2026-03-20,Just Swing,Haunted House,Just Swing,2:1 打满,否（无赛前价存档）
CS2,ESL Challenger League Asia-Pacific Cup 2 Playoffs,2026-03-20,cs2-ae2-ra1-2026-03-20,Alter Ego,Alter Ego,Alter Ego,2:0 横扫,否（无赛前价存档）
CS2,CCT Europe Series #18 Playoffs,2026-03-20,cs2-ursa-k271-2026-03-20,K27,K27,K27,2:0 横扫,否（无赛前价存档）
CS2,CCT Europe Closed Qualifier: Series #19 Group C,2026-03-20,cs2-biga-lilmix-2026-03-20,Lilmix,BIG Academy,BIG Academy,2:1 打满,否（无赛前价存档）
CS2,United21 Playoffs,2026-03-21,cs2-unity-g2a-2026-03-21,UNiTY esports,UNiTY esports,UNiTY esports,2:0 横扫,否（无赛前价存档）
CS2,United21 Playoffs,2026-03-21,cs2-sta6-b8acad-2026-03-21,B8 Academy,STATE,STATE,2:1 打满,否（无赛前价存档）
CS2,BLAST Open Rotterdam Group B,2026-03-21,cs2-mglz-vit-2026-03-21,Vitality,Vitality,Vitality,2:0 横扫,否（无赛前价存档）
CS2,BLAST Open Rotterdam Group B,2026-03-21,cs2-mouz-9z-2026-03-21,MOUZ,9z,9z,2:1 打满,否（无赛前价存档）
CS2,CCT Europe Series #18 Playoffs,2026-03-20,cs2-big5-fav-2026-03-20,BIG,BIG,BIG,2:0 横扫,否（无赛前价存档）
CS2,ESL Challenger League Europe Cup #2 Playoffs,2026-03-20,cs2-zerote-havu-2026-03-20,ex-Zero Tenacity,HAVU,HAVU,2:1 打满,否（无赛前价存档）
CS2,ESL Challenger League Europe Cup #2 Playoffs,2026-03-20,cs2-unity-g2a-2026-03-20,G2 Ares,UNiTY esports,UNiTY esports,2:1 打满,否（无赛前价存档）
CS2,ESL Challenger League Europe Cup #2 Playoffs,2026-03-20,cs2-sng2-omega1-2026-03-20,Sangal,Sangal,Sangal,2:0 横扫,否（无赛前价存档）
CS2,ESL Challenger League Europe Cup #2 Playoffs,2026-03-20,cs2-minlat-sta6-2026-03-20,STATE,STATE,STATE,2:0 横扫,否（无赛前价存档）
CS2,ESL Challenger League Europe Cup #2 Playoffs,2026-03-21,cs2-ruby1-k271-2026-03-21,ex-RUBY,K27,K27,2:1 打满,否（无赛前价存档）
CS2,ESL Challenger League Europe Cup #2 Playoffs,2026-03-21,cs2-1win-nemi1-2026-03-21,1WIN,Nemiga,1WIN,2:1 打满,否（无赛前价存档）
CS2,ESL Challenger League Europe Cup #2 Playoffs,2026-03-20,cs2-hs2-ef1-2026-03-20,HyperSpirit,HyperSpirit,HyperSpirit,2:0 横扫,否（无赛前价存档）
CS2,ESL Challenger League Europe Cup #2 Playoffs,2026-03-21,cs2-tdk-nem-2026-03-21,Team Nemesis,Team Nemesis,Team Nemesis,2:0 横扫,否（无赛前价存档）
CS2,LOOP Cup Playoffs,2026-03-21,cs2-lvg-mornin-2026-03-21,Lynn Vision,Lynn Vision,Lynn Vision,2:0 横扫,否（无赛前价存档）
CS2,ESL Challenger League Asia-Pacific Cup 2 Playoffs,2026-03-20,cs2-qube-fdg-2026-03-20,FengDa Gaming,The QUBE Esports,FengDa Gaming,2:1 打满,否（无赛前价存档）
CS2,ESL Challenger League Europe Cup #2 Playoffs,2026-03-20,cs2-mana-rbls-2026-03-20,MANA eSports,MANA eSports,MANA eSports,2:0 横扫,否（无赛前价存档）
CS2,Aorus League Brazil Online Stage Playoffs,2026-03-21,cs2-odk-gls1-2026-03-21,ODDIK,ODDIK,ODDIK,2:0 横扫,否（无赛前价存档）
CS2,ESL Challenger League Europe Cup #2 Playoffs,2026-03-21,cs2-msq-ursa-2026-03-21,Mousquetaires,Ursa,Ursa,2:1 打满,否（无赛前价存档）
CS2,CCT Europe Series #18 Playoffs,2026-03-20,cs2-big5-k271-2026-03-20,K27,BIG,K27,2:1 打满,否（无赛前价存档）
CS2,ESL Challenger League Oceania Cup #2 Playoffs,2026-03-21,cs2-sfe-muttcr-2026-03-21,Muttley Crew,SemperFi Esports,SemperFi Esports,2:1 打满,否（无赛前价存档）
CS2,ESL Challenger League Oceania Cup #2 Playoffs,2026-03-21,cs2-mf-mnl-2026-03-21,Mindfreak,Mindfreak,Mindfreak,2:0 横扫,否（无赛前价存档）
CS2,LORGAR RANKINGS Closed Qualifier Group B,2026-03-21,cs2-m1x-innerc-2026-03-21,Inner Circle Academy,Inner Circle Academy,Inner Circle Academy,2:0 横扫,否（无赛前价存档）
CS2,LORGAR RANKINGS Closed Qualifier Group B,2026-03-21,cs2-esc1-lph-2026-03-21,ESC Gaming,ESC Gaming,ESC Gaming,2:0 横扫,否（无赛前价存档）
CS2,BLAST Open Rotterdam Group A,2026-03-22,cs2-nrg-furia-2026-03-22,NRG,FURIA,FURIA,2:1 打满,否（无赛前价存档）
CS2,CCT Europe Closed Qualifier: Series #19 Play-In,2026-03-21,cs2-bbp-biga-2026-03-21,Bebop,Bebop,Bebop,2:0 横扫,否（无赛前价存档）
CS2,BLAST Open Rotterdam Group A,2026-03-23,cs2-navi-aur1-2026-03-23,Natus Vincere,Natus Vincere,Natus Vincere,2:0 横扫,否（无赛前价存档）
CS2,CCT Europe Closed Qualifier: Series #19 Play-In,2026-03-21,cs2-hashir-zerote-2026-03-21,Hashiras,Hashiras,Hashiras,2:0 横扫,否（无赛前价存档）
CS2,BLAST Open Rotterdam Group A,2026-03-22,cs2-tyloo-fal2-2026-03-22,TYLOO,Team Falcons,Team Falcons,2:1 打满,否（无赛前价存档）
CS2,NODWIN Clutch Series Group Stage,2026-03-21,cs2-am-algo1-2026-03-21,AM Gaming,AM Gaming,AM Gaming,2:0 横扫,否（无赛前价存档）
CS2,NODWIN Clutch Series Group Stage,2026-03-21,cs2-mana-tlr-2026-03-21,MANA eSports,The Last Resort,The Last Resort,2:1 打满,否（无赛前价存档）
CS2,NODWIN Clutch Series Group Stage,2026-03-21,cs2-ruby1-ursa-2026-03-21,Ursa,ex-RUBY,ex-RUBY,2:1 打满,否（无赛前价存档）
CS2,NODWIN Clutch Series Group Stage,2026-03-22,cs2-rbls-ast-2026-03-22,Rebels Gaming,ASTRAL,Rebels Gaming,2:1 打满,否（无赛前价存档）
CS2,NODWIN Clutch Series Group Stage,2026-03-21,cs2-leo2-bige-2026-03-21,Leo Team,Leo Team,Leo Team,2:0 横扫,否（无赛前价存档）
CS2,NODWIN Clutch Series Group Stage,2026-03-22,cs2-g1-minlat-2026-03-22,MINLATE,GenOne,GenOne,2:1 打满,否（无赛前价存档）
CS2,CCT South America Series #10 Group Stage,2026-03-21,cs2-uno-ge3-2026-03-21,UNO MILLE,Guara Esports,UNO MILLE,2:1 打满,否（无赛前价存档）
CS2,CCT South America Series #10 Group Stage,2026-03-21,cs2-crash-mibra-2026-03-21,MIBR Academy,MIBR Academy,MIBR Academy,2:0 横扫,否（无赛前价存档）
CS2,CCT South America Series #10 Group Stage,2026-03-21,cs2-r2-mag-2026-03-21,R2 Esports Club,R2 Esports Club,R2 Esports Club,2:0 横扫,否（无赛前价存档）
CS2,ESL Challenger League Asia-Pacific Cup 2 Playoffs,2026-03-21,cs2-cw-qube-2026-03-21,The QUBE Esports,The QUBE Esports,The QUBE Esports,2:0 横扫,否（无赛前价存档）
CS2,ESL Challenger League Asia-Pacific Cup 2 Playoffs,2026-03-21,cs2-ra1-legion-2026-03-21,Rare Atom,Rare Atom,Rare Atom,2:0 横扫,否（无赛前价存档）
CS2,ESL Challenger League North America Cup #2 Playoffs,2026-03-21,cs2-wg-flyr-2026-03-21,Wanted Goons,FlyQuest RED,Wanted Goons,2:1 打满,否（无赛前价存档）
CS2,ESL Challenger League Europe Cup #2 Playoffs,2026-03-21,cs2-sng2-unity-2026-03-21,Sangal,Sangal,Sangal,2:0 横扫,否（无赛前价存档）
CS2,ESL Challenger League Asia-Pacific Cup 2 Playoffs,2026-03-21,cs2-mornin-bmz-2026-03-21,BMZ,BMZ,BMZ,2:0 横扫,否（无赛前价存档）
CS2,ESL Challenger League Europe Cup #2 Playoffs,2026-03-21,cs2-hs2-havu-2026-03-21,HAVU,HAVU,HAVU,2:0 横扫,否（无赛前价存档）
CS2,ESL Challenger League North America Cup #2 Playoffs,2026-03-21,cs2-lag-se1-2026-03-21,LAG Gaming,LAG Gaming,LAG Gaming,2:0 横扫,否（无赛前价存档）
CS2,ESL Challenger League Asia-Pacific Cup 2 Playoffs,2026-03-21,cs2-ae2-bp-2026-03-21,Alter Ego,Boring Players,Boring Players,2:1 打满,否（无赛前价存档）
CS2,ESL Challenger League South America Cup #2 Playoffs,2026-03-21,cs2-shin-gh-2026-03-21,ShindeN,ShindeN,ShindeN,2:0 横扫,否（无赛前价存档）
CS2,ESL Challenger League North America Cup #2 Playoffs,2026-03-21,cs2-ta-zomb-2026-03-21,Team Aether,Team Aether,Team Aether,2:0 横扫,否（无赛前价存档）
CS2,ESL Challenger League North America Cup #2 Playoffs,2026-03-21,cs2-rei-nt-2026-03-21,Reign Above,NuTorious,Reign Above,2:1 打满,否（无赛前价存档）
CS2,ESL Challenger League South America Cup #2 Playoffs,2026-03-21,cs2-pcy-mw-2026-03-21,METANOIA WOLVES,Procyon Gaming,METANOIA WOLVES,2:1 打满,否（无赛前价存档）
CS2,ESL Challenger League South America Cup #2 Playoffs,2026-03-21,cs2-atrix-ds-2026-03-21,DashSkins,DashSkins,DashSkins,2:0 横扫,否（无赛前价存档）
CS2,Aorus League Brazil Online Stage Playoffs,2026-03-21,cs2-odk-bhe-2026-03-21,ODDIK,ODDIK,ODDIK,2:0 横扫,否（无赛前价存档）
CS2,BLAST Open Rotterdam Group B,2026-03-22,cs2-ts7-9z-2026-03-22,Spirit,Spirit,Spirit,2:0 横扫,否（无赛前价存档）
CS2,CCT Europe Series #19 Group Stage,2026-03-22,cs2-run2-hashir-2026-03-22,Hashiras,Rune Eaters,Hashiras,2:1 打满,否（无赛前价存档）
CS2,CCT Europe Series #19 Group Stage,2026-03-22,cs2-minlat-bbp-2026-03-22,Bebop,MINLATE,MINLATE,2:1 打满,否（无赛前价存档）
CS2,CCT Europe Series #19 Group Stage,2026-03-23,cs2-leo2-algo1-2026-03-23,Leo Team,Leo Team,Leo Team,2:0 横扫,否（无赛前价存档）
CS2,CCT Europe Series #19 Group Stage,2026-03-23,cs2-oly-ursa-2026-03-23,Ursa,Ursa,Ursa,2:0 横扫,否（无赛前价存档）
CS2,CCT Europe Series #19 Group Stage,2026-03-23,cs2-sta6-csdiil-2026-03-23,STATE, CSDIILIT,STATE,2:1 打满,否（无赛前价存档）
CS2,CCT Europe Series #19 Group Stage,2026-03-22,cs2-meg1-rbls-2026-03-22,Rebels Gaming,Rebels Gaming,Rebels Gaming,2:0 横扫,否（无赛前价存档）
CS2,BLAST Open Rotterdam Group B,2026-03-22,cs2-tl1-mglz-2026-03-22,TheMongolz,TheMongolz,TheMongolz,2:0 横扫,否（无赛前价存档）
CS2,BLAST Open Rotterdam Group B,2026-03-23,cs2-prv-vit-2026-03-23,Vitality,Vitality,Vitality,2:0 横扫,否（无赛前价存档）
CS2,CCT South America Series #10 Playoffs,2026-03-23,cs2-bhe-uno-2026-03-23,Bounty Hunters Esports,Bounty Hunters Esports,Bounty Hunters Esports,2:0 横扫,否（无赛前价存档）
CS2,CCT South America Series #10 Playoffs,2026-03-22,cs2-pcy-gh-2026-03-22,Game Hunters,Game Hunters,Game Hunters,2:0 横扫,否（无赛前价存档）
CS2,CCT South America Series #10 Playoffs,2026-03-22,cs2-keyd-pls-2026-03-22,Keyd,Keyd,Keyd,2:0 横扫,否（无赛前价存档）
CS2,CCT South America Series #10 Playoffs,2026-03-22,cs2-fdb-r2-2026-03-22,Fake do Biru,R2 Esports Club,Fake do Biru,2:1 打满,否（无赛前价存档）
CS2,ESL Challenger League Europe Cup #2 Playoffs,2026-03-22,cs2-sng2-msq-2026-03-22,Sangal,Sangal,Sangal,2:0 横扫,否（无赛前价存档）
CS2,ESL Challenger League Europe Cup #2 Playoffs,2026-03-22,cs2-nemi1-mana-2026-03-22,MANA eSports,Nemiga,Nemiga,2:1 打满,否（无赛前价存档）
CS2,ESL Challenger League Europe Cup #2 Playoffs,2026-03-22,cs2-tdk-havu-2026-03-22,HAVU,TDK,TDK,2:1 打满,否（无赛前价存档）
CS2,CCT South America Series #10 Playoffs,2026-03-23,cs2-fxw7-mibra-2026-03-23,Fluxo W7M,Fluxo W7M,Fluxo W7M,2:0 横扫,否（无赛前价存档）
CS2,CCT South America Series #10 Playoffs,2026-03-23,cs2-furiaf-isg-2026-03-23,Isurus,Isurus,Isurus,2:0 横扫,否（无赛前价存档）
CS2,CCT South America Series #10 Playoffs,2026-03-23,cs2-yaw-backto-2026-03-23,Back to Back ,Back to Back ,Back to Back ,2:0 横扫,否（无赛前价存档）
CS2,ESL Challenger League Oceania Cup #2 Playoffs,2026-03-23,cs2-rstr-sfe-2026-03-23,SemperFi Esports,SemperFi Esports,SemperFi Esports,2:0 横扫,否（无赛前价存档）
CS2,ESL Challenger League Oceania Cup #2 Playoffs,2026-03-23,cs2-gz1-mf-2026-03-23,Ground Zero,Mindfreak,Ground Zero,2:1 打满,否（无赛前价存档）
CS2,ESL Challenger League Asia-Pacific Cup 2 Playoffs,2026-03-22,cs2-lb-ae2-2026-03-22,Last Bullet,Alter Ego,Alter Ego,2:1 打满,否（无赛前价存档）
CS2,ESL Challenger League Asia-Pacific Cup 2 Playoffs,2026-03-22,cs2-ra1-mornin-2026-03-22,Morningstar,Rare Atom,Morningstar,2:1 打满,否（无赛前价存档）
CS2,ESL Challenger League Asia-Pacific Cup 2 Playoffs,2026-03-22,cs2-hh1-nsn1-2026-03-22,Haunted House,NSN,Haunted House,2:1 打满,否（无赛前价存档）
CS2,ESL Challenger League South America Cup #2 Playoffs,2026-03-22,cs2-ge-atrix-2026-03-22,Guará eSports,Guará eSports,Guará eSports,2:0 横扫,否（无赛前价存档）
CS2,ESL Challenger League South America Cup #2 Playoffs,2026-03-22,cs2-vexa-gh-2026-03-22,Game Hunters,Game Hunters,Game Hunters,2:0 横扫,否（无赛前价存档）
CS2,ESL Challenger League North America Cup #2 Playoffs,2026-03-22,cs2-zomb-wg-2026-03-22,Wanted Goons,Wanted Goons,Wanted Goons,2:0 横扫,否（无赛前价存档）
CS2,ESL Challenger League South America Cup #2 Playoffs,2026-03-22,cs2-uno-pcy-2026-03-22,Procyon Gaming,UNO MILLE,UNO MILLE,2:1 打满,否（无赛前价存档）
CS2,ESL Challenger League North America Cup #2 Playoffs,2026-03-22,cs2-se1-rei-2026-03-22,Reign Above,Sakura Esports,Reign Above,2:1 打满,否（无赛前价存档）
CS2,ESL Challenger League South America Cup #2 Playoffs,2026-03-23,cs2-keyd-shin-2026-03-23,ShindeN,ShindeN,ShindeN,2:0 横扫,否（无赛前价存档）
CS2,ESL Challenger League South America Cup #2 Playoffs,2026-03-23,cs2-mw-ds-2026-03-23,DashSkins,DashSkins,DashSkins,2:0 横扫,否（无赛前价存档）
CS2,ESL Challenger League North America Cup #2 Playoffs,2026-03-23,cs2-ta-cce-2026-03-23,Chicken Coop Esports,Team Aether,Chicken Coop Esports,2:1 打满,否（无赛前价存档）
CS2,ESL Challenger League Europe Cup #2 Playoffs,2026-03-23,cs2-nem-k271-2026-03-23,K27,K27,K27,2:0 横扫,否（无赛前价存档）
CS2,ESL Challenger League North America Cup #2 Playoffs,2026-03-23,cs2-spo-lag-2026-03-23,SportsBetExpert,LAG Gaming,SportsBetExpert,2:1 打满,否（无赛前价存档）
CS2,ESL Challenger League Europe Cup #2 Playoffs,2026-03-23,cs2-1win-ursa-2026-03-23,1WIN,1WIN,1WIN,2:0 横扫,否（无赛前价存档）
CS2,LORGAR RANKINGS Closed Qualifier Group A,2026-03-22,cs2-dia-fgt-2026-03-22,FIGHTERS,Diamant Esports,Diamant Esports,2:1 打满,否（无赛前价存档）
CS2,BLAST Open Rotterdam Group A,2026-03-23,cs2-fal2-furia-2026-03-23,Team Falcons,FURIA,Team Falcons,2:1 打满,否（无赛前价存档）
CS2,LORGAR RANKINGS Closed Qualifier Group B,2026-03-23,cs2-innerc-esc1-2026-03-23,Inner Circle Academy,ESC Gaming,Inner Circle Academy,2:1 打满,否（无赛前价存档）
CS2,LORGAR RANKINGS Closed Qualifier Group C,2026-03-25,cs2-unity-qual4-2026-03-25,UNiTY esports,UNiTY esports,UNiTY esports,2:0 横扫,否（无赛前价存档）
CS2,LORGAR RANKINGS Closed Qualifier Group C,2026-03-26,cs2-bmb-bnd-2026-03-26,bond1e,BASEMENT BOYS,bond1e,2:1 打满,否（无赛前价存档）
CS2,LORGAR RANKINGS Closed Qualifier Group B,2026-03-23,cs2-m1x-lph-2026-03-23,m1x,m1x,m1x,2:0 横扫,否（无赛前价存档）
CS2,BLAST Open Rotterdam Group B,2026-03-23,cs2-mglz-ts7-2026-03-23,TheMongolz,TheMongolz,TheMongolz,2:0 横扫,否（无赛前价存档）
CS2,ESL Challenger League Europe Cup #2 Playoffs,2026-03-23,cs2-sng2-nemi1-2026-03-23,Nemiga,Nemiga,Nemiga,2:0 横扫,否（无赛前价存档）
CS2,CCT Europe Closed Qualifier: Series #20 Group B,2026-03-23,cs2-hashir-rust-2026-03-23,RUSTEC,RUSTEC,RUSTEC,2:0 横扫,否（无赛前价存档）
CS2,ESL Challenger League South America Cup #2 Playoffs,2026-03-23,cs2-bhe-gh-2026-03-23,Bounty Hunters Esports,Bounty Hunters Esports,Bounty Hunters Esports,2:0 横扫,否（无赛前价存档）
CS2,ESL Challenger League South America Cup #2 Playoffs,2026-03-23,cs2-ge-uno-2026-03-23,UNO MILLE,UNO MILLE,UNO MILLE,2:0 横扫,否（无赛前价存档）
CS2,NODWIN Clutch Series Group Stage,2026-03-23,cs2-ast-leo2-2026-03-23,Leo Team,ASTRAL,Leo Team,2:1 打满,否（无赛前价存档）
CS2,NODWIN Clutch Series Group Stage,2026-03-23,cs2-ruby1-mana-2026-03-23,MANA eSports,ex-RUBY,ex-RUBY,2:1 打满,否（无赛前价存档）
CS2,ESL Challenger League Asia-Pacific Cup 2 Playoffs,2026-03-23,cs2-qube-mornin-2026-03-23,Morningstar,The QUBE Esports,The QUBE Esports,2:1 打满,否（无赛前价存档）
CS2,FERJEE In House Group A,2026-03-26,cs2-gg5-shin-2026-03-26,ShindeN,Gaimin Gladiators,Gaimin Gladiators,2:1 打满,否（无赛前价存档）
CS2,FERJEE In House Group B,2026-03-26,cs2-9z-gh-2026-03-26,Game Hunters,9z,9z,2:1 打满,否（无赛前价存档）
CS2,FERJEE In House Group B,2026-03-26,cs2-odk-mars-2026-03-26,Marsborne,Marsborne,Marsborne,2:0 横扫,否（无赛前价存档）
CS2,ESL Challenger League Asia-Pacific Cup 2 Playoffs,2026-03-23,cs2-hh1-ae2-2026-03-23,Alter Ego,Alter Ego,Alter Ego,2:0 横扫,否（无赛前价存档）
CS2,ESL Challenger League Asia-Pacific Cup 2 Playoffs,2026-03-23,cs2-bmz-js-2026-03-23,BMZ,BMZ,BMZ,2:0 横扫,否（无赛前价存档）
CS2,ESL Challenger League Oceania Cup #2 Playoffs,2026-03-23,cs2-ve-mnl-2026-03-23,MARKnLARRY,MARKnLARRY,MARKnLARRY,2:0 横扫,否（无赛前价存档）
CS2,FERJEE In House Group C,2026-03-27,cs2-lgc-yaw-2026-03-27,Legacy,Yawara Esports,Legacy,2:1 打满,否（无赛前价存档）
CS2,FERJEE In House Group C,2026-03-27,cs2-imp11-gls1-2026-03-27,Galorys,Galorys,Galorys,2:0 横扫,否（无赛前价存档）
CS2,FERJEE In House Group D,2026-03-27,cs2-pain-bhe-2026-03-27,Bounty Hunters Esports,paiN,paiN,2:1 打满,否（无赛前价存档）
CS2,FERJEE In House Group D,2026-03-27,cs2-red9-ds-2026-03-27,DashSkins,DashSkins,DashSkins,2:0 横扫,否（无赛前价存档）
CS2,Journey Group A,2026-03-23,cs2-unity-mzp-2026-03-23,Metizport,Metizport,Metizport,2:0 横扫,否（无赛前价存档）
CS2,ESL Challenger League Europe Cup #2 Playoffs,2026-03-23,cs2-tdk-lk-2026-03-23,TDK,TDK,TDK,2:0 横扫,否（无赛前价存档）
CS2,PGL Astana: North American Open Qualifier #1 Playoffs,2026-03-23,cs2-boss-fxt-2026-03-23,BOSS,BOSS,BOSS,2:0 横扫,否（无赛前价存档）
CS2,PGL Astana: North American Open Qualifier #1 Playoffs,2026-03-23,cs2-cce-spo-2026-03-23,SportsBetExpert,Chicken Coop Esports,Chicken Coop Esports,2:1 打满,否（无赛前价存档）
CS2,CCT Europe Closed Qualifier: Series #20 Group C,2026-03-25,cs2-lilmix-aka-2026-03-25,Lilmix,Lilmix,Lilmix,2:0 横扫,否（无赛前价存档）
CS2,CCT Europe Closed Qualifier: Series #20 Group C,2026-03-25,cs2-csdiil-mana-2026-03-25,MANA eSports, CSDIILIT, CSDIILIT,2:1 打满,否（无赛前价存档）
CS2,CCT Europe Closed Qualifier: Series #20 Group D,2026-03-25,cs2-bbp-8s-2026-03-25,8Sins,Bebop,Bebop,2:1 打满,否（无赛前价存档）
CS2,NODWIN Clutch Series Group Stage,2026-03-24,cs2-minlat-meg1-2026-03-24,MINLATE,megoshort,MINLATE,2:1 打满,否（无赛前价存档）
CS2,NODWIN Clutch Series Group Stage,2026-03-24,cs2-g1-algo1-2026-03-24,GenOne,GenOne,GenOne,2:0 横扫,否（无赛前价存档）
CS2,NODWIN Clutch Series Group Stage,2026-03-24,cs2-run2-ursa-2026-03-24,Ursa,Ursa,Ursa,2:0 横扫,否（无赛前价存档）
CS2,MaceMedia VOID Cup Playoffs,2026-03-23,cs2-mornin-js-2026-03-23,Morningstar,Morningstar,Morningstar,2:0 横扫,否（无赛前价存档）
CS2,LORGAR RANKINGS Closed Qualifier Group D,2026-03-26,cs2-hs2-drama-2026-03-26,HyperSpirit,Drama eSports,HyperSpirit,2:1 打满,否（无赛前价存档）
CS2,ESL Challenger League North America Cup #2 Playoffs,2026-03-23,cs2-o49-rei-2026-03-23,Outfit 49,Outfit 49,Outfit 49,2:0 横扫,否（无赛前价存档）
CS2,ESL Challenger League North America Cup #2 Playoffs,2026-03-23,cs2-f5-wg-2026-03-23,F5 Esports,Wanted Goons,F5 Esports,2:1 打满,否（无赛前价存档）
CS2,ESL Challenger League Oceania Cup #2 Playoffs,2026-03-24,cs2-mf-mnl-2026-03-24,Mindfreak,Mindfreak,Mindfreak,2:0 横扫,否（无赛前价存档）
CS2,ESL Challenger League Oceania Cup #2 Playoffs,2026-03-24,cs2-rstr-arc-2026-03-24,Rooster,Rooster,Rooster,2:0 横扫,否（无赛前价存档）
CS2,MaceMedia VOID Cup Playoffs,2026-03-24,cs2-ra1-lb-2026-03-24,Last Bullet,Rare Atom,Rare Atom,2:1 打满,否（无赛前价存档）
CS2,BLAST Open Rotterdam Playoffs,2026-03-27,cs2-fal2-prv-2026-03-27,PARIVISION,PARIVISION,PARIVISION,2:0 横扫,否（无赛前价存档）
CS2,BLAST Open Rotterdam Playoffs,2026-03-27,cs2-aur1-mglz-2026-03-27,Aurora Gaming,Aurora Gaming,Aurora Gaming,2:0 横扫,否（无赛前价存档）
CS2,CCT Europe Series #19 Group Stage,2026-03-24,cs2-run2-csdiil-2026-03-24, CSDIILIT,Rune Eaters, CSDIILIT,2:1 打满,否（无赛前价存档）
CS2,CCT Europe Series #19 Group Stage,2026-03-24,cs2-omega1-algo1-2026-03-24,ALGO Esports,ALGO Esports,ALGO Esports,2:0 横扫,否（无赛前价存档）
CS2,CCT South America Series #10 Playoffs,2026-03-24,cs2-bhe-isg-2026-03-24,Bounty Hunters Esports,Isurus,Bounty Hunters Esports,2:1 打满,否（无赛前价存档）
CS2,CCT South America Series #10 Playoffs,2026-03-24,cs2-fxw7-ds-2026-03-24,DashSkins,Fluxo W7M,DashSkins,2:1 打满,否（无赛前价存档）
CS2,CCT South America Series #10 Playoffs,2026-03-24,cs2-backto-keyd-2026-03-24,Back to Back ,Back to Back ,Back to Back ,2:0 横扫,否（无赛前价存档）
CS2,CCT South America Series #10 Playoffs,2026-03-24,cs2-fdb-gh-2026-03-24,Fake do Biru,Game Hunters,Fake do Biru,2:1 打满,否（无赛前价存档）
CS2,ESL Challenger League Asia-Pacific Cup 2 Playoffs,2026-03-24,cs2-ae2-js-2026-03-24,Alter Ego,Alter Ego,Alter Ego,2:0 横扫,否（无赛前价存档）
CS2,ESL Challenger League Oceania Cup #2 Playoffs,2026-03-25,cs2-sfe-gz1-2026-03-25,SemperFi Esports,SemperFi Esports,SemperFi Esports,2:0 横扫,否（无赛前价存档）
CS2,ESL Challenger League Asia-Pacific Cup 2 Playoffs,2026-03-25,cs2-fdg-bmz-2026-03-25,BMZ,BMZ,BMZ,2:0 横扫,否（无赛前价存档）
CS2,Urban Riga Open #3 Playoffs,2026-03-24,cs2-aab-3dmax-2026-03-24,AaB Esport,3DMAX,3DMAX,2:1 打满,否（无赛前价存档）
CS2,CCT Europe Closed Qualifier: Series #20 Group A,2026-03-24,cs2-msc-zerote-2026-03-24,ex-Zero Tenacity,ex-Zero Tenacity,ex-Zero Tenacity,2:0 横扫,否（无赛前价存档）
CS2,Urban Riga Open #3 Playoffs,2026-03-24,cs2-fokus-wc1-2026-03-24,FOKUS,FOKUS,FOKUS,2:0 横扫,否（无赛前价存档）
CS2,CCT Europe Closed Qualifier: Series #20 Group B,2026-03-24,cs2-oxuji-rust-2026-03-24,RUSTEC,Oxuji Esports,RUSTEC,2:1 打满,否（无赛前价存档）
CS2,Urban Riga Open #3 Playoffs,2026-03-24,cs2-ast-pha-2026-03-24,Phantom,Phantom,Phantom,2:0 横扫,否（无赛前价存档）
CS2,ESL Challenger League Europe Cup #2 Playoffs,2026-03-24,cs2-nemi1-nem-2026-03-24,Nemiga,Team Nemesis,Nemiga,2:1 打满,否（无赛前价存档）
CS2,ESL Challenger League Europe Cup #2 Playoffs,2026-03-24,cs2-tdk-ursa-2026-03-24,Ursa,TDK,Ursa,2:1 打满,否（无赛前价存档）
CS2,ESL Challenger League Europe Cup #2 Playoffs,2026-03-25,cs2-k271-1win-2026-03-25,1WIN,1WIN,1WIN,2:0 横扫,否（无赛前价存档）
CS2,ESL Challenger League Asia-Pacific Cup 2 Playoffs,2026-03-24,cs2-bp-qube-2026-03-24,The QUBE Esports,The QUBE Esports,The QUBE Esports,2:0 横扫,否（无赛前价存档）
CS2,Urban Riga Open #3 Playoffs,2026-03-24,cs2-nosr-oly-2026-03-24,OlyBet SB,OlyBet SB,OlyBet SB,2:0 横扫,否（无赛前价存档）
CS2,LORGAR RANKINGS Closed Qualifier Group D,2026-03-26,cs2-ast-dal-2026-03-26,ASTRAL,DALUYONG,ASTRAL,2:1 打满,否（无赛前价存档）
CS2,LORGAR RANKINGS Closed Qualifier Group B,2026-03-24,cs2-m1x-esc1-2026-03-24,ESC Gaming,m1x,m1x,2:1 打满,否（无赛前价存档）
CS2,ESL Challenger League South America Cup #2 Playoffs,2026-03-24,cs2-keyd-uno-2026-03-24,UNO MILLE,UNO MILLE,UNO MILLE,2:0 横扫,否（无赛前价存档）
CS2,ESL Challenger League South America Cup #2 Playoffs,2026-03-24,cs2-mw-bhe-2026-03-24,METANOIA WOLVES,METANOIA WOLVES,METANOIA WOLVES,2:0 横扫,否（无赛前价存档）
CS2,Stake Ranked Episode 1 Playoffs,2026-04-01,cs2-m8-nip-2026-04-01,Gentle Mates,NIP,NIP,2:1 打满,否（无赛前价存档）
CS2,Stake Ranked Episode 1 Playoffs,2026-04-01,cs2-g2-nem-2026-04-01,G2,G2,G2,2:0 横扫,否（无赛前价存档）
CS2,Stake Ranked Episode 1 Playoffs,2026-04-01,cs2-hero-bb3-2026-04-01,Heroic,BetBoom Team,BetBoom Team,2:1 打满,否（无赛前价存档）
CS2,Stake Ranked Episode 1 Playoffs,2026-04-01,cs2-gl1-9ine-2026-04-01,GamerLegion,GamerLegion,GamerLegion,2:0 横扫,否（无赛前价存档）
CS2,BetBoom Storm Group Stage,2026-03-26,cs2-keyd-mibra-2026-03-26,Keyd,MIBR Academy,MIBR Academy,2:1 打满,否（无赛前价存档）
CS2,BetBoom Storm Group Stage,2026-03-27,cs2-uno-bsta-2026-03-27,UNO MILLE,UNO MILLE,UNO MILLE,2:0 横扫,否（无赛前价存档）
CS2,BetBoom Storm Group Stage,2026-03-26,cs2-crash-alkaa-2026-03-26,Crashers,Crashers,Crashers,2:0 横扫,否（无赛前价存档）
CS2,BetBoom Storm Group Stage,2026-03-27,cs2-fdb-r2-2026-03-27,Fake do Biru,Fake do Biru,Fake do Biru,2:0 横扫,否（无赛前价存档）
CS2,BetBoom Storm Group Stage,2026-03-27,cs2-atrix-paina-2026-03-27,paiN Academy,paiN Academy,paiN Academy,2:0 横扫,否（无赛前价存档）
CS2,BC Game Masters Championship Group B,2026-03-24,cs2-pssnua-tri9-2026-03-24,Passion UA,Tricked,Tricked,2:1 打满,否（无赛前价存档）
CS2,BC Game Masters Championship Group A,2026-03-24,cs2-aim1-nxs1-2026-03-24,aimclub,Nexus,aimclub,2:1 打满,否（无赛前价存档）
CS2,Journey Group B,2026-03-24,cs2-m80-js1-2026-03-24,M80,M80,M80,2:0 横扫,否（无赛前价存档）
CS2,ESL Challenger League North America Cup #2 Playoffs,2026-03-24,cs2-o49-ta-2026-03-24,Outfit 49,Team Aether,Team Aether,2:1 打满,否（无赛前价存档）
CS2,ESL Challenger League North America Cup #2 Playoffs,2026-03-24,cs2-f5-lag-2026-03-24,LAG Gaming,LAG Gaming,LAG Gaming,2:0 横扫,否（无赛前价存档）
CS2,BC Game Masters Championship Group D,2026-03-24,cs2-infini-og1-2026-03-24,OG,OG,OG,2:0 横扫,否（无赛前价存档）
CS2,ESL Challenger League Oceania Cup #2 Playoffs,2026-03-25,cs2-mf-rstr-2026-03-25,Rooster,Rooster,Rooster,2:0 横扫,否（无赛前价存档）
CS2,ESL Challenger League North America Cup #2 Playoffs,2026-03-25,cs2-spo-cce-2026-03-25,SportsBetExpert,SportsBetExpert,SportsBetExpert,2:0 横扫,否（无赛前价存档）
CS2,BC Game Masters Championship Group C,2026-03-24,cs2-hs2-ecs-2026-03-24,HyperSpirit,ECSTATIC,HyperSpirit,2:1 打满,否（无赛前价存档）
CS2,Journey Group B,2026-03-24,cs2-fcf-js1-2026-03-24,FC Famalicão Esports,Johnny Speeds,Johnny Speeds,2:1 打满,否（无赛前价存档）
CS2,CCT Europe Series #19 Group Stage,2026-03-25,cs2-lavked-hashir-2026-03-25,Lavked,Lavked,Lavked,2:0 横扫,否（无赛前价存档）
CS2,Urban Riga Open #3 Playoffs,2026-03-24,cs2-3dmax-pha-2026-03-24,3DMAX,Phantom,Phantom,2:1 打满,否（无赛前价存档）
CS2,CCT Europe Series #19 Group Stage,2026-03-25,cs2-minlat-rbls-2026-03-25,MINLATE,Rebels Gaming,Rebels Gaming,2:1 打满,否（无赛前价存档）
CS2,CCT Europe Series #19 Group Stage,2026-03-25,cs2-leo2-ursa-2026-03-25,Ursa,Ursa,Ursa,2:0 横扫,否（无赛前价存档）
CS2,BC Game Masters Championship Group D,2026-03-24,cs2-9ine-og1-2026-03-24,OG,9INE,9INE,2:1 打满,否（无赛前价存档）
CS2,BC Game Masters Championship Group B,2026-03-24,cs2-bmb-tri9-2026-03-24,Tricked,BASEMENT BOYS,Tricked,2:1 打满,否（无赛前价存档）
CS2,Urban Riga Open #3 Playoffs,2026-03-24,cs2-fokus-pha-2026-03-24,FOKUS,FOKUS,FOKUS,2:0 横扫,否（无赛前价存档）
CS2,MaceMedia VOID Cup Playoffs,2026-03-25,cs2-mornin-ra1-2026-03-25,Morningstar,Rare Atom,Morningstar,2:1 打满,否（无赛前价存档）
CS2,CCT Europe Series #19 Group Stage,2026-03-25,cs2-sta6-tnc-2026-03-25,STATE,TNC,STATE,2:1 打满,否（无赛前价存档）
CS2,BC Game Masters Championship Playoffs,2026-03-25,cs2-bb3-ef1-2026-03-25,BetBoom Team,BetBoom Team,BetBoom Team,2:0 横扫,否（无赛前价存档）
CS2,BC Game Masters Championship Playoffs,2026-03-25,cs2-g2-aim1-2026-03-25,G2,G2,G2,2:0 横扫,否（无赛前价存档）
CS2,BC Game Masters Championship Playoffs,2026-03-25,cs2-sin2-bst-2026-03-25,Sinners,Sinners,Sinners,2:0 横扫,否（无赛前价存档）
CS2,BC Game Masters Championship Playoffs,2026-03-25,cs2-mnte-9ine-2026-03-25,9INE,Monte,Monte,2:1 打满,否（无赛前价存档）
CS2,BC Game Masters Championship Playoffs,2026-03-25,cs2-big5-mouzn-2026-03-25,BIG,BIG,BIG,2:0 横扫,否（无赛前价存档）
CS2,BC Game Masters Championship Playoffs,2026-03-25,cs2-hotu-ice-2026-03-25,HOTU,HOTU,HOTU,2:0 横扫,否（无赛前价存档）
CS2,BC Game Masters Championship Playoffs,2026-03-25,cs2-hero-tri9-2026-03-25,Tricked,Tricked,Tricked,2:0 横扫,否（无赛前价存档）
CS2,BC Game Masters Championship Playoffs,2026-03-25,cs2-m8-hs2-2026-03-25,Gentle Mates,HyperSpirit,Gentle Mates,2:1 打满,否（无赛前价存档）
CS2,NODWIN Clutch Series Group Stage,2026-03-25,cs2-rbls-ursa-2026-03-25,Rebels Gaming,Rebels Gaming,Rebels Gaming,2:0 横扫,否（无赛前价存档）
CS2,NODWIN Clutch Series Group Stage,2026-03-25,cs2-leo2-mana-2026-03-25,MANA eSports,Leo Team,MANA eSports,2:1 打满,否（无赛前价存档）
CS2,NODWIN Clutch Series Group Stage,2026-03-25,cs2-algo1-minlat-2026-03-25,ALGO Esports,MINLATE,ALGO Esports,2:1 打满,否（无赛前价存档）
CS2,CCT South America Series #10 Playoffs,2026-03-25,cs2-fdb-bhe-2026-03-25,Fake do Biru,Fake do Biru,Fake do Biru,2:0 横扫,否（无赛前价存档）
CS2,CCT Europe Closed Qualifier: Series #20 Group D,2026-03-25,cs2-encea1-ec1-2026-03-25,ENCE Academy,ENCE Academy,ENCE Academy,2:0 横扫,否（无赛前价存档）
CS2,CCT South America Series #10 Playoffs,2026-03-25,cs2-ds-backto-2026-03-25,DashSkins,DashSkins,DashSkins,2:0 横扫,否（无赛前价存档）
CS2,MaceMedia VOID Cup Playoffs,2026-03-25,cs2-ra1-lb-2026-03-25,Last Bullet,Rare Atom,Rare Atom,2:1 打满,否（无赛前价存档）
CS2,United21 Playoffs,2026-03-25,cs2-inf6-sta6-2026-03-25,Infinite,Infinite,Infinite,2:0 横扫,否（无赛前价存档）
CS2,United21 Playoffs,2026-03-25,cs2-inf1-biga-2026-03-25,BIG Academy,INFURITY Gaming,BIG Academy,2:1 打满,否（无赛前价存档）
CS2,ESL Challenger League Europe Cup #2 Playoffs,2026-03-25,cs2-nemi1-ursa-2026-03-25,Nemiga,Nemiga,Nemiga,2:0 横扫,否（无赛前价存档）
CS2,ESL Challenger League Asia-Pacific Cup 2 Playoffs,2026-03-25,cs2-ae2-qube-2026-03-25,The QUBE Esports,Alter Ego,Alter Ego,2:1 打满,否（无赛前价存档）
CS2,ESL Challenger League South America Cup #2 Playoffs,2026-03-25,cs2-uno-mw-2026-03-25,UNO MILLE,UNO MILLE,UNO MILLE,2:0 横扫,否（无赛前价存档）
CS2,ESL Challenger League North America Cup #2 Playoffs,2026-03-25,cs2-lag-ta-2026-03-25,Team Aether,LAG Gaming,Team Aether,2:1 打满,否（无赛前价存档）
CS2,Journey Group C,2026-03-25,cs2-vsters-bca-2026-03-25,Betclic Apogee Esports,Betclic Apogee Esports,Betclic Apogee Esports,2:0 横扫,否（无赛前价存档）
CS2,BC Game Masters Championship Playoffs,2026-03-25,cs2-g2-sin2-2026-03-25,Sinners,G2,Sinners,2:1 打满,否（无赛前价存档）
CS2,FERJEE In House Group A,2026-03-26,cs2-mibr-magna-2026-03-26,MIBR,MIBR,MIBR,2:0 横扫,否（无赛前价存档）
CS2,United21 Playoffs,2026-03-26,cs2-sta6-biga-2026-03-26,BIG Academy,STATE,BIG Academy,2:1 打满,否（无赛前价存档）
CS2,BC Game Masters Championship Playoffs,2026-03-25,cs2-bb3-mnte-2026-03-25,BetBoom Team,BetBoom Team,BetBoom Team,2:0 横扫,否（无赛前价存档）
CS2,Journey Group C,2026-03-25,cs2-heroa-vsters-2026-03-25,HEROIC Academy,HEROIC Academy,HEROIC Academy,2:0 横扫,否（无赛前价存档）
CS2,CCT Europe Closed Qualifier: Series #20 Group C,2026-03-26,cs2-aka-mana-2026-03-26,MANA eSports,MANA eSports,MANA eSports,2:0 横扫,否（无赛前价存档）
CS2,CCT Europe Closed Qualifier: Series #20 Group C,2026-03-26,cs2-lilmix-csdiil-2026-03-26, CSDIILIT, CSDIILIT, CSDIILIT,2:0 横扫,否（无赛前价存档）
CS2,BC Game Masters Championship Playoffs,2026-03-25,cs2-hotu-tri9-2026-03-25,HOTU,HOTU,HOTU,2:0 横扫,否（无赛前价存档）
CS2,BC Game Masters Championship Playoffs,2026-03-25,cs2-big5-m8-2026-03-25,BIG,BIG,BIG,2:0 横扫,否（无赛前价存档）
CS2,CCT Europe Closed Qualifier: Series #20 Group D,2026-03-26,cs2-bbp-encea1-2026-03-26,ENCE Academy,Bebop,ENCE Academy,2:1 打满,否（无赛前价存档）
CS2,ESL Challenger League Asia-Pacific Cup 2 Playoffs,2026-03-26,cs2-fdg-ae2-2026-03-26,Alter Ego,FengDa Gaming,FengDa Gaming,2:1 打满,否（无赛前价存档）
CS2,ESL Challenger League Oceania Cup #2 Playoffs,2026-03-26,cs2-gz1-rstr-2026-03-26,Rooster,Ground Zero,Rooster,2:1 打满,否（无赛前价存档）
CS2,CCT South America Series #10 Playoffs,2026-03-25,cs2-fdb-ds-2026-03-25,DashSkins,DashSkins,DashSkins,2:0 横扫,否（无赛前价存档）
CS2,ESL Challenger League Europe Cup #2 Playoffs,2026-03-26,cs2-k271-nemi1-2026-03-26,Nemiga,K27,Nemiga,2:1 打满,否（无赛前价存档）
CS2,BC Game Masters Championship Playoffs,2026-03-26,cs2-hotu-big5-2026-03-26,BIG,HOTU,BIG,2:1 打满,否（无赛前价存档）
CS2,CCT Europe Series #19 Group Stage,2026-03-26,cs2-omega1-meg1-2026-03-26,megoshort,Omega,megoshort,2:1 打满,否（无赛前价存档）
CS2,CCT Europe Series #19 Group Stage,2026-03-26,cs2-run2-oly-2026-03-26,Rune Eaters,Rune Eaters,Rune Eaters,2:0 横扫,否（无赛前价存档）
CS2,CCT Europe Series #19 Group Stage,2026-03-26,cs2-leo2-csdiil-2026-03-26,Leo Team,Leo Team,Leo Team,2:0 横扫,否（无赛前价存档）
CS2,CCT Europe Series #19 Group Stage,2026-03-27,cs2-minlat-hashir-2026-03-27,MINLATE,MINLATE,MINLATE,2:0 横扫,否（无赛前价存档）
CS2,CCT Europe Series #19 Group Stage,2026-03-27,cs2-algo1-bbp-2026-03-27,ALGO Esports,Bebop,ALGO Esports,2:1 打满,否（无赛前价存档）
CS2,CCT Europe Closed Qualifier: Series #20 Group A,2026-03-27,cs2-rottwe-msc-2026-03-27,rottweilers,MASONIC,rottweilers,2:1 打满,否（无赛前价存档）
CS2,BC Game Masters Championship Playoffs,2026-03-26,cs2-bb3-sin2-2026-03-26,Sinners,Sinners,Sinners,2:0 横扫,否（无赛前价存档）
CS2,CCT Europe Series #19 Group Stage,2026-03-27,cs2-sta6-ursa-2026-03-27,Ursa,Ursa,Ursa,2:0 横扫,否（无赛前价存档）
CS2,CCT Europe Series #19 Group Stage,2026-03-27,cs2-rbls-lavked-2026-03-27,Lavked,Lavked,Lavked,2:0 横扫,否（无赛前价存档）
CS2,European Pro League Series 6 Play-In Play-In,2026-03-26,cs2-bbp-os5-2026-03-26,Off Site,Off Site,Off Site,2:0 横扫,否（无赛前价存档）
CS2,European Pro League Series 6 Play-In Play-In,2026-03-26,cs2-bb7-vex1-2026-03-26,Basement Bobs,Vexar,Basement Bobs,2:1 打满,否（无赛前价存档）
CS2,European Pro League Series 6 Play-In Play-In,2026-03-27,cs2-imperi-g2a-2026-03-27,Imperial Academy,Imperial Academy,Imperial Academy,2:0 横扫,否（无赛前价存档）
CS2,ESL Challenger League South America Cup #2 Playoffs,2026-03-26,cs2-ds-uno-2026-03-26,UNO MILLE,DashSkins,UNO MILLE,2:1 打满,否（无赛前价存档）
CS2,ESL Challenger League North America Cup #2 Playoffs,2026-03-26,cs2-cce-ta-2026-03-26,Chicken Coop Esports,Chicken Coop Esports,Chicken Coop Esports,2:0 横扫,否（无赛前价存档）
CS2,Journey Group D,2026-03-26,cs2-rt1-yn-2026-03-26,Young Ninjas,Young Ninjas,Young Ninjas,2:0 横扫,否（无赛前价存档）
CS2,Journey Group D,2026-03-26,cs2-all-eye-2026-03-26,Alliance,EYEBALLERS,EYEBALLERS,2:1 打满,否（无赛前价存档）
CS2,United21 Playoffs,2026-03-27,cs2-inf6-biga-2026-03-27,Infinite,Infinite,Infinite,2:0 横扫,否（无赛前价存档）
CS2,BC Game Masters Championship Playoffs,2026-03-26,cs2-bb3-hotu-2026-03-26,BetBoom Team,BetBoom Team,BetBoom Team,2:0 横扫,否（无赛前价存档）
CS2,BC Game Masters Championship Playoffs,2026-03-26,cs2-sin2-big5-2026-03-26,BIG,Sinners,Sinners,2:1 打满,否（无赛前价存档）
CS2,FERJEE In House Group A,2026-03-26,cs2-mibr-gg5-2026-03-26,MIBR,Gaimin Gladiators,Gaimin Gladiators,2:1 打满,否（无赛前价存档）
CS2,ESL Challenger League Oceania Cup #2 Playoffs,2026-03-27,cs2-sfe-rstr-2026-03-27,SemperFi Esports,SemperFi Esports,SemperFi Esports,2:0 横扫,否（无赛前价存档）
CS2,Journey Group D,2026-03-26,cs2-yn-all-2026-03-26,Alliance,Alliance,Alliance,2:0 横扫,否（无赛前价存档）
CS2,Journey Playoffs,2026-03-27,cs2-gl1-all-2026-03-27,Alliance,Alliance,Alliance,2:0 横扫,否（无赛前价存档）
CS2,Journey Playoffs,2026-03-27,cs2-bca-js1-2026-03-27,Johnny Speeds,Johnny Speeds,Johnny Speeds,2:0 横扫,否（无赛前价存档）
CS2,Journey Playoffs,2026-03-27,cs2-m80-heroa-2026-03-27,HEROIC Academy,HEROIC Academy,HEROIC Academy,2:0 横扫,否（无赛前价存档）
CS2,Journey Playoffs,2026-03-27,cs2-eye-mzp-2026-03-27,EYEBALLERS,EYEBALLERS,EYEBALLERS,2:0 横扫,否（无赛前价存档）
CS2,ESL Challenger League Europe Cup #2 Playoffs,2026-03-27,cs2-1win-nemi1-2026-03-27,Nemiga,Nemiga,Nemiga,2:0 横扫,否（无赛前价存档）
CS2,FERJEE In House Group A,2026-03-28,cs2-magna-shin-2026-03-28,ShindeN,ShindeN,ShindeN,2:0 横扫,否（无赛前价存档）
CS2,FERJEE In House Group B,2026-03-26,cs2-mars-9z-2026-03-26,Marsborne,9z,9z,2:1 打满,否（无赛前价存档）
CS2,CCT Europe Closed Qualifier: Series #20 Group D,2026-03-27,cs2-bbp-8s-2026-03-27,Bebop,Bebop,Bebop,2:0 横扫,否（无赛前价存档）
CS2,ESL Challenger League Asia-Pacific Cup 2 Playoffs,2026-03-27,cs2-bmz-fdg-2026-03-27,FengDa Gaming,FengDa Gaming,FengDa Gaming,2:0 横扫,否（无赛前价存档）
CS2,CCT Europe Closed Qualifier: Series #20 Group C,2026-03-27,cs2-mana-lilmix-2026-03-27,MANA eSports,MANA eSports,MANA eSports,2:0 横扫,否（无赛前价存档）
CS2,LORGAR RANKINGS Closed Qualifier Group C,2026-03-27,cs2-unity-bnd-2026-03-27,bond1e,bond1e,bond1e,2:0 横扫,否（无赛前价存档）
CS2,LORGAR RANKINGS Closed Qualifier Group D,2026-03-27,cs2-ast-hs2-2026-03-27,ASTRAL,ASTRAL,ASTRAL,2:0 横扫,否（无赛前价存档）
CS2,ESL Challenger League South America Cup #2 Playoffs,2026-03-27,cs2-shin-uno-2026-03-27,ShindeN,ShindeN,ShindeN,2:0 横扫,否（无赛前价存档）
CS2,ESL Challenger League North America Cup #2 Playoffs,2026-03-27,cs2-spo-cce-2026-03-27,Chicken Coop Esports,Chicken Coop Esports,Chicken Coop Esports,2:0 横扫,否（无赛前价存档）
CS2,FERJEE In House Group B,2026-03-28,cs2-odk-gh-2026-03-28,ODDIK,ODDIK,ODDIK,2:0 横扫,否（无赛前价存档）
CS2,BLAST Open Rotterdam Playoffs,2026-03-28,cs2-vit-aur1-2026-03-28,Vitality,Vitality,Vitality,2:0 横扫,否（无赛前价存档）
CS2,LORGAR RANKINGS Closed Qualifier Group C,2026-03-28,cs2-qual4-bmb-2026-03-28,BASEMENT BOYS,BASEMENT BOYS,BASEMENT BOYS,2:0 横扫,否（无赛前价存档）
CS2,FERJEE In House Group C,2026-03-27,cs2-gls1-lgc-2026-03-27,Galorys,Legacy,Legacy,2:1 打满,否（无赛前价存档）
CS2,Journey Playoffs,2026-03-28,cs2-all-js1-2026-03-28,Johnny Speeds,Alliance,Alliance,2:1 打满,否（无赛前价存档）
CS2,FERJEE In House Group C,2026-03-28,cs2-imp11-yaw-2026-03-28,Yawara Esports,Imperial,Imperial,2:1 打满,否（无赛前价存档）
CS2,ESEA European Finals Playoffs,2026-03-27,cs2-old-enjoy-2026-03-27,OLDBOYS-,OLDBOYS-,OLDBOYS-,2:0 横扫,否（无赛前价存档）
CS2,ESEA European Finals Playoffs,2026-03-27,cs2-mis-rgg-2026-03-27,Misa Esports,Misa Esports,Misa Esports,2:0 横扫,否（无赛前价存档）
CS2,ESEA European Finals Playoffs,2026-03-27,cs2-tnt-phanto-2026-03-27,TNT, Phantom Academy,TNT,2:1 打满,否（无赛前价存档）
CS2,BLAST Open Rotterdam Playoffs,2026-03-28,cs2-navi-prv-2026-03-28,Natus Vincere,PARIVISION,Natus Vincere,2:1 打满,否（无赛前价存档）
CS2,FERJEE In House Group D,2026-03-27,cs2-ds-pain-2026-03-27,paiN,paiN,paiN,2:0 横扫,否（无赛前价存档）
CS2,CCT Europe Closed Qualifier: Series #20 Play-In,2026-03-28,cs2-rust-mana-2026-03-28,RUSTEC,RUSTEC,RUSTEC,2:0 横扫,否（无赛前价存档）
CS2,CCT Europe Closed Qualifier: Series #20 Play-In,2026-03-28,cs2-zerote-bbp-2026-03-28,Bebop,ex-Zero Tenacity,Bebop,2:1 打满,否（无赛前价存档）
CS2,NODWIN Clutch Series Playoffs,2026-03-30,cs2-ill-rbls-2026-03-30,Rebels Gaming,illwill,illwill,2:1 打满,否（无赛前价存档）
CS2,NODWIN Clutch Series Playoffs,2026-03-30,cs2-kol-g1-2026-03-30,GenOne,KOLESIE,KOLESIE,2:1 打满,否（无赛前价存档）
CS2,NODWIN Clutch Series Playoffs,2026-03-31,cs2-nemi1-algo1-2026-03-31,Nemiga,Nemiga,Nemiga,2:0 横扫,否（无赛前价存档）
CS2,NODWIN Clutch Series Playoffs,2026-03-30,cs2-tri9-am-2026-03-30,AM Gaming,AM Gaming,AM Gaming,2:0 横扫,否（无赛前价存档）
CS2,NODWIN Clutch Series Playoffs,2026-03-31,cs2-ecs-mana-2026-03-31,ECSTATIC,ECSTATIC,ECSTATIC,2:0 横扫,否（无赛前价存档）
CS2,NODWIN Clutch Series Playoffs,2026-03-31,cs2-ntr-ruby1-2026-03-31,ex-RUBY,Nuclear TigeRES,Nuclear TigeRES,2:1 打满,否（无赛前价存档）
CS2,Journey Playoffs,2026-03-28,cs2-heroa-eye-2026-03-28,EYEBALLERS,EYEBALLERS,EYEBALLERS,2:0 横扫,否（无赛前价存档）
CS2,CCT Europe Series #19 Group Stage,2026-03-29,cs2-minlat-algo1-2026-03-29,ALGO Esports,ALGO Esports,ALGO Esports,2:0 横扫,否（无赛前价存档）
CS2,CCT Europe Series #19 Group Stage,2026-03-28,cs2-tnc-hashir-2026-03-28,Hashiras,TNC,TNC,2:1 打满,否（无赛前价存档）
CS2,CCT Europe Series #19 Group Stage,2026-03-28,cs2-meg1-csdiil-2026-03-28,megoshort,megoshort,megoshort,2:0 横扫,否（无赛前价存档）
CS2,CCT Europe Series #19 Group Stage,2026-03-28,cs2-run2-bbp-2026-03-28,Rune Eaters,Bebop,Bebop,2:1 打满,否（无赛前价存档）
CS2,CCT Europe Series #19 Group Stage,2026-03-29,cs2-leo2-rbls-2026-03-29,Rebels Gaming,Rebels Gaming,Rebels Gaming,2:0 横扫,否（无赛前价存档）
CS2,European Pro League Series 6 Group A,2026-03-28,cs2-ww-meg1-2026-03-28,megoshort,WW Team,megoshort,2:1 打满,否（无赛前价存档）
CS2,BetBoom Storm Group Stage,2026-03-28,cs2-uno-paina-2026-03-28,UNO MILLE,UNO MILLE,UNO MILLE,2:0 横扫,否（无赛前价存档）
CS2,BetBoom Storm Group Stage,2026-03-28,cs2-mw-r2-2026-03-28,R2 Esports Club,METANOIA WOLVES,R2 Esports Club,2:1 打满,否（无赛前价存档）
CS2,BetBoom Storm Group Stage,2026-03-28,cs2-atrix-bsta-2026-03-28,BESTIA Academy,BESTIA Academy,BESTIA Academy,2:0 横扫,否（无赛前价存档）
CS2,NODWIN Clutch Series Playoffs,2026-03-31,cs2-js1-tlr-2026-03-31,Johnny Speeds,Johnny Speeds,Johnny Speeds,2:0 横扫,否（无赛前价存档）
CS2,BetBoom Storm Group Stage,2026-03-29,cs2-crash-mibra-2026-03-29,MIBR Academy,Crashers,MIBR Academy,2:1 打满,否（无赛前价存档）
CS2,FERJEE In House Group D,2026-03-28,cs2-red9-bhe-2026-03-28,RED Canids,RED Canids,RED Canids,2:0 横扫,否（无赛前价存档）
CS2,BetBoom Storm Group Stage,2026-03-29,cs2-fdb-charra-2026-03-29,Fake do Biru,Fake do Biru,Fake do Biru,2:0 横扫,否（无赛前价存档）
CS2,BetBoom Storm Group Stage,2026-03-29,cs2-keyd-alkaa-2026-03-29,Keyd,Keyd,Keyd,2:0 横扫,否（无赛前价存档）
CS2,ESEA European Finals Playoffs,2026-03-28,cs2-mis-tnt-2026-03-28,TNT,Misa Esports,TNT,2:1 打满,否（无赛前价存档）
CS2,CCT Europe Contenders #3 Playoffs,2026-03-28,cs2-ban5-cyb-2026-03-28,bankaPEPSI,bankaPEPSI,bankaPEPSI,2:0 横扫,否（无赛前价存档）
CS2,European Pro League Series 6 Group B,2026-03-29,cs2-aab-lilmix-2026-03-29,AaB Esport,AaB Esport,AaB Esport,2:0 横扫,否（无赛前价存档）
CS2,European Pro League Series 6 Group B,2026-03-29,cs2-run2-bb7-2026-03-29,Basement Bobs,Basement Bobs,Basement Bobs,2:0 横扫,否（无赛前价存档）
CS2,European Pro League Series 6 Group D,2026-03-31,cs2-minlat-heroa-2026-03-31,HEROIC Academy,MINLATE,HEROIC Academy,2:1 打满,否（无赛前价存档）
CS2,European Pro League Series 6 Group D,2026-03-31,cs2-hashir-imperi-2026-03-31,Hashiras,Hashiras,Hashiras,2:0 横扫,否（无赛前价存档）
CS2,FERJEE In House Group A,2026-03-28,cs2-mibr-shin-2026-03-28,ShindeN,MIBR,ShindeN,2:1 打满,否（无赛前价存档）
CS2,FERJEE In House Group C,2026-03-28,cs2-gls1-imp11-2026-03-28,Imperial,Imperial,Imperial,2:0 横扫,否（无赛前价存档）
CS2,CCT Europe Contenders #3 Playoffs,2026-03-28,cs2-benche-ff-2026-03-28,Benched gods,Benched gods,Benched gods,2:0 横扫,否（无赛前价存档）
CS2,Journey Playoffs,2026-03-28,cs2-all-eye-2026-03-28,Alliance,Alliance,Alliance,2:0 横扫,否（无赛前价存档）
CS2,FERJEE In House Group B,2026-03-28,cs2-mars-odk-2026-03-28,ODDIK,ODDIK,ODDIK,2:0 横扫,否（无赛前价存档）
CS2,FERJEE In House Group D,2026-03-28,cs2-ds-red9-2026-03-28,RED Canids,DashSkins,DashSkins,2:1 打满,否（无赛前价存档）
CS2,Fragadelphia York Playoffs,2026-03-28,cs2-voc-f5-2026-03-28,Voca,Voca,Voca,2:0 横扫,否（无赛前价存档）
CS2,Fragadelphia York Playoffs,2026-03-28,cs2-boss-wg-2026-03-28,BOSS,BOSS,BOSS,2:0 横扫,否（无赛前价存档）
CS2,Fragadelphia York Playoffs,2026-03-28,cs2-lag-nt-2026-03-28,LAG Gaming,LAG Gaming,LAG Gaming,2:0 横扫,否（无赛前价存档）
CS2,CCT Europe Series #20 Group Stage,2026-03-29,cs2-mzp-rust-2026-03-29,Metizport,RUSTEC,RUSTEC,2:1 打满,否（无赛前价存档）
CS2,CCT Europe Series #20 Group Stage,2026-03-29,cs2-ast-encea1-2026-03-29,ASTRAL,ASTRAL,ASTRAL,2:0 横扫,否（无赛前价存档）
CS2,CCT Europe Series #20 Group Stage,2026-03-29,cs2-run2-tnc-2026-03-29,Rune Eaters,TNC,TNC,2:1 打满,否（无赛前价存档）
CS2,CCT Europe Series #20 Group Stage,2026-03-29,cs2-meg1-oly-2026-03-29,OlyBet SB,megoshort,megoshort,2:1 打满,否（无赛前价存档）
CS2,FERJEE In House Playoffs,2026-03-29,cs2-gg5-ds-2026-03-29,Gaimin Gladiators,Gaimin Gladiators,Gaimin Gladiators,2:0 横扫,否（无赛前价存档）
CS2,FERJEE In House Playoffs,2026-03-29,cs2-pain-shin-2026-03-29,paiN,paiN,paiN,2:0 横扫,否（无赛前价存档）
CS2,FERJEE In House Playoffs,2026-03-29,cs2-9z-imp11-2026-03-29,Imperial,9z,9z,2:1 打满,否（无赛前价存档）
CS2,FERJEE In House Playoffs,2026-03-29,cs2-lgc-odk-2026-03-29,ODDIK,Legacy,Legacy,2:1 打满,否（无赛前价存档）
CS2,CCT Europe Contenders #3 Playoffs,2026-03-29,cs2-ff-ban5-2026-03-29,Fire Flux Esports,bankaPEPSI,bankaPEPSI,2:1 打满,否（无赛前价存档）
CS2,Fragadelphia York Playoffs,2026-03-29,cs2-voc-boss-2026-03-29,Voca,Voca,Voca,2:0 横扫,否（无赛前价存档）
CS2,CCT Europe Series #20 Group Stage,2026-03-30,cs2-omega1-ursa-2026-03-30,Ursa,Ursa,Ursa,2:0 横扫,否（无赛前价存档）
CS2,CCT Europe Series #20 Group Stage,2026-03-30,cs2-sta6-bbp-2026-03-30,STATE,Bebop,STATE,2:1 打满,否（无赛前价存档）
CS2,ESL Challenger League Europe Cup #3 Playoffs,2026-03-29,cs2-rust-nm1-2026-03-29,RUSTEC,RUSTEC,RUSTEC,2:0 横扫,否（无赛前价存档）
CS2,ESL Challenger League Europe Cup #3 Playoffs,2026-03-29,cs2-atreid-exs-2026-03-29,Atreides,Atreides,Atreides,2:0 横扫,否（无赛前价存档）
CS2,LORGAR RANKINGS Closed Qualifier Group C,2026-03-29,cs2-unity-bmb-2026-03-29,UNiTY esports,UNiTY esports,UNiTY esports,2:0 横扫,否（无赛前价存档）
CS2,ESL Challenger League Europe Cup #3 Playoffs,2026-03-29,cs2-don-tlr-2026-03-29,The Last Resort,Donstu Esports,The Last Resort,2:1 打满,否（无赛前价存档）
CS2,ESL Challenger League Europe Cup #3 Playoffs,2026-03-29,cs2-zerote-rt1-2026-03-29,ReThink,ex-Zero Tenacity,ex-Zero Tenacity,2:1 打满,否（无赛前价存档）
CS2,ESL Challenger League Europe Cup #3 Playoffs,2026-03-29,cs2-m1x-qua1-2026-03-29,QUAZAR,m1x,QUAZAR,2:1 打满,否（无赛前价存档）
CS2,ESL Challenger League South America Cup #3 Playoffs,2026-04-02,cs2-mag-ldp-2026-04-02,largadosypelados,largadosypelados,largadosypelados,2:0 横扫,否（无赛前价存档）
CS2,LORGAR RANKINGS Closed Qualifier Group D,2026-03-29,cs2-hs2-dal-2026-03-29,DALUYONG,HyperSpirit,HyperSpirit,2:1 打满,否（无赛前价存档）
CS2,DraculaN Group A,2026-03-29,cs2-adn-aim1-2026-03-29,aimclub,aimclub,aimclub,2:0 横扫,否（无赛前价存档）
CS2,DraculaN Group B,2026-03-29,cs2-ice-nxs1-2026-03-29,Inner Circle Esports,Inner Circle Esports,Inner Circle Esports,2:0 横扫,否（无赛前价存档）
CS2,DraculaN Group C,2026-03-29,cs2-strael-sinqu-2026-03-29,Strael-Bora,SINQU,Strael-Bora,2:1 打满,否（无赛前价存档）
CS2,DraculaN Group D,2026-03-29,cs2-hs2-drama-2026-03-29,Drama eSports,HyperSpirit,Drama eSports,2:1 打满,否（无赛前价存档）
CS2,Urban Riga Open #4 Group B,2026-04-03,cs2-bst-biga-2026-04-03,BESTIA,BESTIA,BESTIA,2:0 横扫,否（无赛前价存档）
CS2,Urban Riga Open #4 Group A,2026-04-04,cs2-sng2-ast-2026-04-04,ASTRAL,ASTRAL,ASTRAL,2:0 横扫,否（无赛前价存档）
CS2,Urban Riga Open #4 Group A,2026-04-04,cs2-pssnua-pure-2026-04-04,PURE,Passion UA,Passion UA,2:1 打满,否（无赛前价存档）
CS2,DraculaN Group A,2026-03-29,cs2-mouzn-aim1-2026-03-29,aimclub,aimclub,aimclub,2:0 横扫,否（无赛前价存档）
CS2,FERJEE In House Playoffs,2026-03-29,cs2-pain-9z-2026-03-29,9z,paiN,9z,2:1 打满,否（无赛前价存档）
CS2,DraculaN Group C,2026-03-29,cs2-havu-strael-2026-03-29,HAVU,HAVU,HAVU,2:0 横扫,否（无赛前价存档）
CS2,DraculaN Group B,2026-03-29,cs2-par3-ice-2026-03-29,Inner Circle Esports,Inner Circle Esports,Inner Circle Esports,2:0 横扫,否（无赛前价存档）
CS2,DraculaN Group D,2026-03-29,cs2-inf6-drama-2026-03-29,Infinite,Infinite,Infinite,2:0 横扫,否（无赛前价存档）
CS2,Betboom Circuit X Mayhem São Paulo Group A,2026-04-01,cs2-pain-alkaa-2026-04-01,paiN,paiN,paiN,2:0 横扫,否（无赛前价存档）
CS2,ESL Challenger League Europe Cup #3 Playoffs,2026-03-30,cs2-lavked-qua1-2026-03-30,QUAZAR,QUAZAR,QUAZAR,2:0 横扫,否（无赛前价存档）
CS2,Fragadelphia York Playoffs,2026-03-29,cs2-boss-lag-2026-03-29,LAG Gaming,BOSS,BOSS,2:1 打满,否（无赛前价存档）
CS2,ESL Challenger League Europe Cup #3 Playoffs,2026-03-30,cs2-eliten-csdiil-2026-03-30, CSDIILIT,eLITenergy,eLITenergy,2:1 打满,否（无赛前价存档）
CS2,Betboom Circuit X Mayhem São Paulo Group B,2026-04-01,cs2-red9-mw-2026-04-01,RED Canids,RED Canids,RED Canids,2:0 横扫,否（无赛前价存档）
CS2,ESL Challenger League Europe Cup #3 Playoffs,2026-03-30,cs2-unity-bl-2026-03-30,UNiTY esports,UNiTY esports,UNiTY esports,2:0 横扫,否（无赛前价存档）
CS2,ESL Challenger League Europe Cup #3 Playoffs,2026-03-30,cs2-pge-8s-2026-03-30,8Sins,8Sins,8Sins,2:0 横扫,否（无赛前价存档）
CS2,ESL Challenger League Europe Cup #3 Playoffs,2026-03-30,cs2-run2-rust-2026-03-30,Rune Eaters,RUSTEC,RUSTEC,2:1 打满,否（无赛前价存档）
CS2,Betboom Circuit X Mayhem São Paulo Group D,2026-04-02,cs2-odk-gh-2026-04-02,ODDIK,ODDIK,ODDIK,2:0 横扫,否（无赛前价存档）
CS2,Betboom Circuit X Mayhem São Paulo Group D,2026-04-02,cs2-gg5-yaw-2026-04-02,Gaimin Gladiators,Gaimin Gladiators,Gaimin Gladiators,2:0 横扫,否（无赛前价存档）
CS2,DraculaN Playoffs,2026-03-30,cs2-aur1-inf6-2026-03-30,Aurora Gaming,Aurora Gaming,Aurora Gaming,2:0 横扫,否（无赛前价存档）
CS2,Betboom Circuit X Mayhem São Paulo Group C,2026-04-02,cs2-shin-bhe-2026-04-02,ShindeN,Bounty Hunters Esports,Bounty Hunters Esports,2:1 打满,否（无赛前价存档）
CS2,DraculaN Playoffs,2026-03-30,cs2-aim1-faze-2026-03-30,FaZe,FaZe,FaZe,2:0 横扫,否（无赛前价存档）
CS2,DraculaN Playoffs,2026-03-30,cs2-m80-bmb-2026-03-30,M80,M80,M80,2:0 横扫,否（无赛前价存档）
CS2,Betboom Circuit X Mayhem São Paulo Group A,2026-04-01,cs2-mars-gls1-2026-04-01,Galorys,Marsborne,Galorys,2:1 打满,否（无赛前价存档）
CS2,Betboom Circuit X Mayhem São Paulo Group C,2026-04-02,cs2-imp11-crash-2026-04-02,Imperial,Imperial,Imperial,2:0 横扫,否（无赛前价存档）
CS2,DraculaN Playoffs,2026-03-30,cs2-pssnua-ef1-2026-03-30,Eternal Fire,Passion UA,Passion UA,2:1 打满,否（无赛前价存档）
CS2,DraculaN Playoffs,2026-03-30,cs2-fnc-sashi-2026-03-30,fnatic,Sashi Esport,Sashi Esport,2:1 打满,否（无赛前价存档）
CS2,Betboom Circuit X Mayhem São Paulo Group B,2026-04-01,cs2-fxw7-ds-2026-04-01,DashSkins,Fluxo W7M,Fluxo W7M,2:1 打满,否（无赛前价存档）
CS2,FERJEE In House Playoffs,2026-03-29,cs2-lgc-gg5-2026-03-29,Legacy,Legacy,Legacy,2:0 横扫,否（无赛前价存档）
CS2,Roman Imperium Cup Playoffs,2026-03-30,cs2-og1-bst-2026-03-30,BESTIA,BESTIA,BESTIA,2:0 横扫,否（无赛前价存档）
CS2,Roman Imperium Cup Playoffs,2026-03-30,cs2-sin2-bb3-2026-03-30,Sinners,BetBoom Team,BetBoom Team,2:1 打满,否（无赛前价存档）
CS2,Roman Imperium Cup Playoffs,2026-03-30,cs2-g2-fxw7-2026-03-30,G2,G2,G2,2:0 横扫,否（无赛前价存档）
CS2,DraculaN Playoffs,2026-03-30,cs2-mnte-havu-2026-03-30,Monte,Monte,Monte,2:0 横扫,否（无赛前价存档）
CS2,DraculaN Playoffs,2026-03-30,cs2-tl1-ice-2026-03-30,Liquid,Liquid,Liquid,2:0 横扫,否（无赛前价存档）
CS2,CCT Europe Series #19 Group Stage,2026-03-30,cs2-minlat-tnc-2026-03-30,MINLATE,TNC,MINLATE,2:1 打满,否（无赛前价存档）
CS2,CCT Europe Series #19 Group Stage,2026-03-30,cs2-leo2-meg1-2026-03-30,Leo Team,Leo Team,Leo Team,2:0 横扫,否（无赛前价存档）
CS2,European Pro League Series 6 Group B,2026-04-02,cs2-lilmix-run2-2026-04-02,Lilmix,Rune Eaters,Rune Eaters,2:1 打满,否（无赛前价存档）
CS2,European Pro League Series 6 Group B,2026-04-02,cs2-aab-bb7-2026-04-02,Basement Bobs,AaB Esport,AaB Esport,2:1 打满,否（无赛前价存档）
CS2,European Pro League Series 6 Group C,2026-03-30,cs2-sta6-oly-2026-03-30,STATE,STATE,STATE,2:0 横扫,否（无赛前价存档）
CS2,European Pro League Series 6 Group A,2026-04-01,cs2-meg1-ursa-2026-04-01,Ursa,Ursa,Ursa,2:0 横扫,否（无赛前价存档）
CS2,Roman Imperium Cup Playoffs,2026-03-30,cs2-hero-ace1-2026-03-30,Acend,Heroic,Acend,2:1 打满,否（无赛前价存档）
CS2,DraculaN Playoffs,2026-03-30,cs2-lc-all-2026-03-30,Alliance,Alliance,Alliance,2:0 横扫,否（无赛前价存档）
CS2,ESL Challenger League Europe Cup #3 Playoffs,2026-03-30,cs2-heroa-lilmix-2026-03-30,HEROIC Academy,HEROIC Academy,HEROIC Academy,2:0 横扫,否（无赛前价存档）
CS2,ESL Challenger League Europe Cup #3 Playoffs,2026-03-30,cs2-omega1-g2a-2026-03-30,G2 Ares,Omega,G2 Ares,2:1 打满,否（无赛前价存档）
CS2,ESL Challenger League Europe Cup #3 Playoffs,2026-03-30,cs2-bige-tlr-2026-03-30,The Last Resort,The Last Resort,The Last Resort,2:0 横扫,否（无赛前价存档）
CS2,FERJEE In House Playoffs,2026-03-30,cs2-pain-gg5-2026-03-30,Gaimin Gladiators,paiN,paiN,2:1 打满,否（无赛前价存档）
CS2,BetBoom Storm Group Stage,2026-03-30,cs2-fdb-pls-2026-03-30,Fake do Biru,Fake do Biru,Fake do Biru,2:0 横扫,否（无赛前价存档）
CS2,BetBoom Storm Group Stage,2026-03-30,cs2-mibra-uno-2026-03-30,MIBR Academy,UNO MILLE,UNO MILLE,2:1 打满,否（无赛前价存档）
CS2,CIS LAN Championship Group A,2026-04-02,cs2-1win-jumbo-2026-04-02,1WIN,1WIN,1WIN,2:0 横扫,否（无赛前价存档）
CS2,CIS LAN Championship Group B,2026-04-03,cs2-nemi1-5actor-2026-04-03,Nemiga,Nemiga,Nemiga,2:0 横扫,否（无赛前价存档）
CS2,CIS LAN Championship Group B,2026-04-03,cs2-33-vs-2026-04-03,BET-M 33,BET-M 33,BET-M 33,2:0 横扫,否（无赛前价存档）
CS2,CIS LAN Championship Group D,2026-04-02,cs2-sparta-cyb-2026-04-02,SPARTA,SPARTA,SPARTA,2:0 横扫,否（无赛前价存档）
CS2,CIS LAN Championship Group D,2026-04-02,cs2-tdk-ep-2026-04-02,TDK,TDK,TDK,2:0 横扫,否（无赛前价存档）
CS2,ESL Challenger League Europe Cup #3 Playoffs,2026-03-30,cs2-mana-tnt-2026-03-30,TNT,MANA eSports,MANA eSports,2:1 打满,否（无赛前价存档）
CS2,ESL Challenger League Europe Cup #3 Playoffs,2026-03-30,cs2-encea1-player1-2026-03-30,ENCE Academy,ENCE Academy,ENCE Academy,2:0 横扫,否（无赛前价存档）
CS2,BetBoom Storm Group Stage,2026-03-31,cs2-mag-bsta-2026-03-31,BESTIA Academy,MAGICOS,BESTIA Academy,2:1 打满,否（无赛前价存档）
CS2,BetBoom Storm Group Stage,2026-03-31,cs2-r2-paina-2026-03-31,paiN Academy,paiN Academy,paiN Academy,2:0 横扫,否（无赛前价存档）
CS2,BetBoom Storm Group Stage,2026-03-31,cs2-crash-charra-2026-03-31,Charrados FC,Crashers,Crashers,2:1 打满,否（无赛前价存档）
CS2,BetBoom Storm Group Stage,2026-03-31,cs2-keyd-vsc-2026-03-31,Keyd,Keyd,Keyd,2:0 横扫,否（无赛前价存档）
CS2,ESL Challenger League Europe Cup #3 Playoffs,2026-03-30,cs2-ursa-zerote-2026-03-30,Ursa,ex-Zero Tenacity,Ursa,2:1 打满,否（无赛前价存档）
CS2,United21 Group D,2026-04-02,cs2-mis-pre-2026-04-02,Prestige,Misa Esports,Misa Esports,2:1 打满,否（无赛前价存档）
CS2,United21 Group D,2026-04-02,cs2-aab-inf6-2026-04-02,Infinite,AaB Esport,Infinite,2:1 打满,否（无赛前价存档）
CS2,PGL Astana: South American Closed Qualifier Playoffs,2026-03-31,cs2-ds-keyd-2026-03-31,Keyd,DashSkins,Keyd,2:1 打满,否（无赛前价存档）
CS2,PGL Astana: South American Closed Qualifier Playoffs,2026-03-31,cs2-odk-mibra-2026-03-31,ODDIK,ODDIK,ODDIK,2:0 横扫,否（无赛前价存档）
CS2,PGL Astana: European Closed Qualifier Playoffs,2026-03-31,cs2-hotu-acroba-2026-03-31,ACROBATS,ACROBATS,ACROBATS,2:0 横扫,否（无赛前价存档）
CS2,PGL Astana: European Closed Qualifier Playoffs,2026-03-31,cs2-k271-ww-2026-03-31,K27,K27,K27,2:0 横扫,否（无赛前价存档）
CS2,PGL Astana: South American Closed Qualifier Playoffs,2026-03-31,cs2-fdb-gh-2026-03-31,Fake do Biru,Fake do Biru,Fake do Biru,2:0 横扫,否（无赛前价存档）
CS2,PGL Astana: European Closed Qualifier Playoffs,2026-03-31,cs2-ill-lavked-2026-03-31,Lavked,Lavked,Lavked,2:0 横扫,否（无赛前价存档）
CS2,PGL Astana: European Closed Qualifier Playoffs,2026-03-31,cs2-100t-mgc-2026-03-31,100 Thieves,magic,magic,2:1 打满,否（无赛前价存档）
CS2,PGL Astana: South American Closed Qualifier Playoffs,2026-03-31,cs2-9z-reda-2026-03-31,9z,9z,9z,2:0 横扫,否（无赛前价存档）
CS2,GangKui Cup Playoffs,2026-03-31,cs2-fly-ur-2026-03-31,FlyQuest,FlyQuest,FlyQuest,2:0 横扫,否（无赛前价存档）
CS2,GangKui Cup Playoffs,2026-03-31,cs2-ra1-cw-2026-03-31,Rare Atom,Chinggis Warriors,Chinggis Warriors,2:1 打满,否（无赛前价存档）
CS2,GangKui Cup Playoffs,2026-04-01,cs2-tyloo-sfe-2026-04-01,SemperFi Esports,SemperFi Esports,SemperFi Esports,2:0 横扫,否（无赛前价存档）
CS2,GangKui Cup Playoffs,2026-04-01,cs2-the9-xdm-2026-04-01,The Huns Esports,The Huns Esports,The Huns Esports,2:0 横扫,否（无赛前价存档）
CS2,DraculaN Playoffs,2026-03-30,cs2-lc-havu-2026-03-30,HAVU,HAVU,HAVU,2:0 横扫,否（无赛前价存档）
CS2,Roman Imperium Cup Playoffs,2026-03-30,cs2-bb3-g2-2026-03-30,BetBoom Team,G2,BetBoom Team,2:1 打满,否（无赛前价存档）
CS2,DraculaN Playoffs,2026-03-31,cs2-all-mnte-2026-03-31,Monte,Monte,Monte,2:0 横扫,否（无赛前价存档）
CS2,DraculaN Playoffs,2026-03-30,cs2-ef1-aim1-2026-03-30,Eternal Fire,aimclub,Eternal Fire,2:1 打满,否（无赛前价存档）
CS2,Roman Imperium Cup Playoffs,2026-03-30,cs2-bst-ace1-2026-03-30,BESTIA,BESTIA,BESTIA,2:0 横扫,否（无赛前价存档）
CS2,DraculaN Playoffs,2026-03-30,cs2-inf6-fnc-2026-03-30,fnatic,fnatic,fnatic,2:0 横扫,否（无赛前价存档）
CS2,DraculaN Playoffs,2026-03-30,cs2-ice-bmb-2026-03-30,Inner Circle Esports,BASEMENT BOYS,Inner Circle Esports,2:1 打满,否（无赛前价存档）
CS2,DraculaN Playoffs,2026-03-31,cs2-aur1-sashi-2026-03-31,Aurora Gaming,Aurora Gaming,Aurora Gaming,2:0 横扫,否（无赛前价存档）
CS2,DraculaN Playoffs,2026-03-31,cs2-pssnua-faze-2026-03-31,Passion UA,FaZe,Passion UA,2:1 打满,否（无赛前价存档）
CS2,DraculaN Playoffs,2026-03-31,cs2-tl1-m80-2026-03-31,M80,M80,M80,2:0 横扫,否（无赛前价存档）
CS2,Roman Imperium Cup Playoffs,2026-03-30,cs2-bst-bb3-2026-03-30,BetBoom Team,BetBoom Team,BetBoom Team,2:0 横扫,否（无赛前价存档）
CS2,Roman Imperium Cup Playoffs,2026-03-30,cs2-g2-ace1-2026-03-30,G2,G2,G2,2:0 横扫,否（无赛前价存档）
CS2,Dust2.us Eagle Masters Group Stage,2026-03-30,cs2-zomb-cw4-2026-03-30,Clockwork,Zomblers,Zomblers,2:1 打满,否（无赛前价存档）
CS2,Dust2.us Eagle Masters Group Stage,2026-03-30,cs2-farmvi-mou-2026-03-30,FarmVille,mouse,FarmVille,2:1 打满,否（无赛前价存档）
CS2,CCT Europe Series #20 Group Stage,2026-03-31,cs2-ruby1-bbp-2026-03-31,ex-RUBY,ex-RUBY,ex-RUBY,2:0 横扫,否（无赛前价存档）
CS2,CCT Europe Series #20 Group Stage,2026-03-31,cs2-meg1-ursa-2026-03-31,Ursa,Ursa,Ursa,2:0 横扫,否（无赛前价存档）
CS2,PGL Astana: Oceania Closed Qualifier Playoffs,2026-03-31,cs2-gz1-abyssa-2026-03-31,Ground Zero,Ground Zero,Ground Zero,2:0 横扫,否（无赛前价存档）
CS2,PGL Astana: West Asia Closer Qualifier Playoffs,2026-03-31,cs2-legion-dep-2026-03-31,Legion,DEPO,Legion,2:1 打满,否（无赛前价存档）
CS2,PGL Astana: East Asia Closer Qualifier Playoffs,2026-03-31,cs2-cw-nexvoi-2026-03-31,NEXVOID,Chinggis Warriors,NEXVOID,2:1 打满,否（无赛前价存档）
CS2,PGL Astana: East Asia Closer Qualifier Playoffs,2026-03-31,cs2-the9-vtm-2026-03-31,The Huns Esports,The Huns Esports,The Huns Esports,2:0 横扫,否（无赛前价存档）
CS2,CCT Europe Series #19 Playoffs,2026-03-31,cs2-nem-sta6-2026-03-31,Team Nemesis,Team Nemesis,Team Nemesis,2:0 横扫,否（无赛前价存档）
CS2,CCT Europe Series #19 Playoffs,2026-03-31,cs2-ecs-minlat-2026-03-31,ECSTATIC,ECSTATIC,ECSTATIC,2:0 横扫,否（无赛前价存档）
CS2,Yuqilin Pinnacle of Battle Group B,2026-03-31,cs2-bp-ra1-2026-03-31,Rare Atom,Rare Atom,Rare Atom,2:0 横扫,否（无赛前价存档）
CS2,Yuqilin Pinnacle of Battle Group B,2026-03-31,cs2-tyloo-js-2026-03-31,Just Swing,TYLOO,TYLOO,2:1 打满,否（无赛前价存档）
CS2,CCT Europe Series #19 Playoffs,2026-03-31,cs2-33-rbls-2026-03-31,BET-M 33,Rebels Gaming,Rebels Gaming,2:1 打满,否（无赛前价存档）
CS2,CCT Europe Series #19 Playoffs,2026-04-01,cs2-ruby1-lavked-2026-04-01,Lavked,Lavked,Lavked,2:0 横扫,否（无赛前价存档）
CS2,CCT Europe Series #19 Playoffs,2026-04-01,cs2-og1-algo1-2026-04-01,OG,ALGO Esports,ALGO Esports,2:1 打满,否（无赛前价存档）
CS2,CCT Europe Series #19 Playoffs,2026-04-01,cs2-g1-ursa-2026-04-01,Ursa,Ursa,Ursa,2:0 横扫,否（无赛前价存档）
CS2,CCT Europe Series #19 Playoffs,2026-04-01,cs2-esc1-leo2-2026-04-01,ESC Gaming,Leo Team,ESC Gaming,2:1 打满,否（无赛前价存档）
CS2,Dust2.us Eagle Masters Group Stage,2026-03-31,cs2-boss-akimbo-2026-03-31,BOSS,Akimbo Esports,Akimbo Esports,2:1 打满,否（无赛前价存档）
CS2,Dust2.us Eagle Masters Group Stage,2026-04-01,cs2-o49-chican-2026-04-01,CHICANERY,CHICANERY,CHICANERY,2:0 横扫,否（无赛前价存档）
CS2,Yuqilin Pinnacle of Battle Group B,2026-03-31,cs2-tyloo-ra1-2026-03-31,TYLOO,TYLOO,TYLOO,2:0 横扫,否（无赛前价存档）
CS2,ESL Challenger League Europe Cup #3 Playoffs,2026-03-31,cs2-omega1-m1x-2026-03-31,m1x,Omega,m1x,2:1 打满,否（无赛前价存档）
CS2,Dust2.us Eagle Masters Group Stage,2026-04-01,cs2-lag-emp2-2026-04-01,LAG Gaming,EMPIRE,EMPIRE,2:1 打满,否（无赛前价存档）
CS2,Dust2.us Eagle Masters Group Stage,2026-03-31,cs2-inc-ta-2026-03-31,InControl,Team Aether,Team Aether,2:1 打满,否（无赛前价存档）
CS2,Dust2.us Eagle Masters Group Stage,2026-03-31,cs2-regain-gk1-2026-03-31,regain,regain,regain,2:0 横扫,否（无赛前价存档）
CS2,ESL Challenger League Europe Cup #3 Playoffs,2026-03-31,cs2-tnt-rt1-2026-03-31,TNT,TNT,TNT,2:0 横扫,否（无赛前价存档）
CS2,DraculaN Playoffs,2026-03-31,cs2-ef1-sashi-2026-03-31,Eternal Fire,Sashi Esport,Sashi Esport,2:1 打满,否（无赛前价存档）
CS2,DraculaN Playoffs,2026-03-31,cs2-ice-all-2026-03-31,Alliance,Inner Circle Esports,Alliance,2:1 打满,否（无赛前价存档）
CS2,DraculaN Playoffs,2026-03-31,cs2-havu-tl1-2026-03-31,HAVU,Liquid,Liquid,2:1 打满,否（无赛前价存档）
CS2,DraculaN Playoffs,2026-03-31,cs2-m80-aur1-2026-03-31,Aurora Gaming,M80,M80,2:1 打满,否（无赛前价存档）
CS2,CCT Europe Series #20 Group Stage,2026-04-01,cs2-mzp-encea1-2026-04-01,Metizport,Metizport,Metizport,2:0 横扫,否（无赛前价存档）
CS2,NODWIN Clutch Series Playoffs,2026-04-01,cs2-nemi1-nem-2026-04-01,Nemiga,Team Nemesis,Team Nemesis,2:1 打满,否（无赛前价存档）
CS2,CCT Europe Series #20 Group Stage,2026-04-01,cs2-ast-rust-2026-04-01,ASTRAL,RUSTEC,RUSTEC,2:1 打满,否（无赛前价存档）
CS2,PGL Astana: European Closed Qualifier Playoffs,2026-04-01,cs2-ww-ill-2026-04-01,illwill,WW Team,WW Team,2:1 打满,否（无赛前价存档）
CS2,PGL Astana: European Closed Qualifier Playoffs,2026-04-01,cs2-k271-lavked-2026-04-01,K27,K27,K27,2:0 横扫,否（无赛前价存档）
CS2,DraculaN Playoffs,2026-03-31,cs2-fnc-faze-2026-03-31,fnatic,fnatic,fnatic,2:0 横扫,否（无赛前价存档）
CS2,DraculaN Playoffs,2026-03-31,cs2-mnte-pssnua-2026-03-31,Monte,Monte,Monte,2:0 横扫,否（无赛前价存档）
CS2,Gamers Club Liga Série A Playoffs,2026-03-31,cs2-reda-bsta-2026-03-31,RED Canids Academy,RED Canids Academy,RED Canids Academy,2:0 横扫,否（无赛前价存档）
CS2,Gamers Club Liga Série A Playoffs,2026-03-31,cs2-mw-mibra-2026-03-31,MIBR Academy,MIBR Academy,MIBR Academy,2:0 横扫,否（无赛前价存档）
CS2,PGL Astana: North American Closed Qualifier Playoffs,2026-03-31,cs2-o49-boss-2026-03-31,Outfit 49,BOSS,BOSS,2:1 打满,否（无赛前价存档）
CS2,DraculaN Playoffs,2026-03-31,cs2-all-fnc-2026-03-31,Alliance,Alliance,Alliance,2:0 横扫,否（无赛前价存档）
CS2,Gamers Club Liga Série A Playoffs,2026-03-31,cs2-ds-uno-2026-03-31,DashSkins,DashSkins,DashSkins,2:0 横扫,否（无赛前价存档）
CS2,DraculaN Playoffs,2026-03-31,cs2-tl1-sashi-2026-03-31,Sashi Esport,Sashi Esport,Sashi Esport,2:0 横扫,否（无赛前价存档）
CS2,ESL Challenger League Europe Cup #3 Playoffs,2026-04-01,cs2-encea1-qua1-2026-04-01,QUAZAR,ENCE Academy,ENCE Academy,2:1 打满,否（无赛前价存档）
CS2,ESL Challenger League Europe Cup #3 Playoffs,2026-04-01,cs2-atreid-unity-2026-04-01,UNiTY esports,UNiTY esports,UNiTY esports,2:0 横扫,否（无赛前价存档）
CS2,ESL Challenger League Europe Cup #3 Playoffs,2026-04-01,cs2-g2a-eliten-2026-04-01,eLITenergy,eLITenergy,eLITenergy,2:0 横扫,否（无赛前价存档）
CS2,ESL Challenger League Europe Cup #3 Playoffs,2026-04-01,cs2-justpl-ursa-2026-04-01,Ursa,Just Players,Just Players,2:1 打满,否（无赛前价存档）
CS2,PGL Astana: East Asia Closer Qualifier Playoffs,2026-04-01,cs2-cw-the9-2026-04-01,The Huns Esports,The Huns Esports,The Huns Esports,2:0 横扫,否（无赛前价存档）
CS2,PGL Astana: European Closed Qualifier Playoffs,2026-04-01,cs2-100t-hotu-2026-04-01,100 Thieves,HOTU,100 Thieves,2:1 打满,否（无赛前价存档）
CS2,ESL Challenger League Europe Cup #3 Playoffs,2026-04-01,cs2-js1-8s-2026-04-01,Johnny Speeds,Johnny Speeds,Johnny Speeds,2:0 横扫,否（无赛前价存档）
CS2,NODWIN Clutch Series Playoffs,2026-04-01,cs2-ecs-js1-2026-04-01,Johnny Speeds,ECSTATIC,Johnny Speeds,2:1 打满,否（无赛前价存档）
CS2,ESL Challenger League Europe Cup #3 Playoffs,2026-04-01,cs2-pge-aka-2026-04-01,Pigeons,Pigeons,Pigeons,2:0 横扫,否（无赛前价存档）
CS2,CIS LAN Championship Group C,2026-04-03,cs2-hotu-ww-2026-04-03,HOTU,WW Team,HOTU,2:1 打满,否（无赛前价存档）
CS2,CIS LAN Championship Group C,2026-04-03,cs2-arc4-yl-2026-04-03,ARCRED,ARCRED,ARCRED,2:0 横扫,否（无赛前价存档）
CS2,European Pro League Series 6 Group D,2026-04-04,cs2-imperi-minlat-2026-04-04,MINLATE,Imperial Academy,Imperial Academy,2:1 打满,否（无赛前价存档）
CS2,European Pro League Series 6 Group D,2026-04-04,cs2-hashir-heroa-2026-04-04,HEROIC Academy,Hashiras,Hashiras,2:1 打满,否（无赛前价存档）
CS2,DraculaN Playoffs,2026-04-01,cs2-sashi-pssnua-2026-04-01,Passion UA,Passion UA,Passion UA,2:0 横扫,否（无赛前价存档）
CS2,PGL Astana: North American Closed Qualifier Playoffs,2026-03-31,cs2-farmvi-regain-2026-03-31,FarmVille,FarmVille,FarmVille,2:0 横扫,否（无赛前价存档）
CS2,NODWIN Clutch Series Playoffs,2026-04-01,cs2-kol-ntr-2026-04-01,Nuclear TigeRES,Nuclear TigeRES,Nuclear TigeRES,2:0 横扫,否（无赛前价存档）
CS2,DraculaN Playoffs,2026-04-01,cs2-aur1-all-2026-04-01,Aurora Gaming,Alliance,Alliance,2:1 打满,否（无赛前价存档）
CS2,DraculaN Playoffs,2026-04-01,cs2-m80-mnte-2026-04-01,Monte,Monte,Monte,2:0 横扫,否（无赛前价存档）
CS2,PGL Astana: South American Closed Qualifier Playoffs,2026-04-01,cs2-ds-mibra-2026-04-01,MIBR Academy,DashSkins,DashSkins,2:1 打满,否（无赛前价存档）
CS2,PGL Astana: South American Closed Qualifier Playoffs,2026-04-01,cs2-keyd-odk-2026-04-01,Keyd,ODDIK,ODDIK,2:1 打满,否（无赛前价存档）
CS2,Parken Challenger Championship Playoffs,2026-04-01,cs2-b8-fal-2026-04-01,B8,B8,B8,2:0 横扫,否（无赛前价存档）
CS2,Parken Challenger Championship Playoffs,2026-04-01,cs2-3dmax-waz-2026-04-01,3DMAX,3DMAX,3DMAX,2:0 横扫,否（无赛前价存档）
CS2,Parken Challenger Championship Playoffs,2026-04-01,cs2-am-aab-2026-04-01,AM Gaming,AaB Esport,AaB Esport,2:1 打满,否（无赛前价存档）
CS2,Parken Challenger Championship Playoffs,2026-04-01,cs2-bst-pha-2026-04-01,BESTIA,BESTIA,BESTIA,2:0 横扫,否（无赛前价存档）
CS2,ESL Challenger League Europe Cup #3 Playoffs,2026-04-01,cs2-csdiil-m1x-2026-04-01, CSDIILIT,m1x, CSDIILIT,2:1 打满,否（无赛前价存档）
CS2,ESL Challenger League Europe Cup #3 Playoffs,2026-04-01,cs2-run2-tnt-2026-04-01,TNT,TNT,TNT,2:0 横扫,否（无赛前价存档）
CS2,ESL Challenger League Europe Cup #3 Playoffs,2026-04-01,cs2-rust-mana-2026-04-01,MANA eSports,MANA eSports,MANA eSports,2:0 横扫,否（无赛前价存档）
CS2,PGL Astana: West Asia Closer Qualifier Playoffs,2026-04-01,cs2-legion-dep-2026-04-01,DEPO,DEPO,DEPO,2:0 横扫,否（无赛前价存档）
CS2,PGL Astana: North American Closed Qualifier Playoffs,2026-04-01,cs2-lag-boss-2026-04-01,LAG Gaming,LAG Gaming,LAG Gaming,2:0 横扫,否（无赛前价存档）
CS2,BetBoom Storm Group Stage,2026-04-01,cs2-r2-vsc-2026-04-01,Vasco Esports,Vasco Esports,Vasco Esports,2:0 横扫,否（无赛前价存档）
CS2,PGL Astana: European Closed Qualifier Playoffs,2026-04-01,cs2-mgc-acroba-2026-04-01,magic,magic,magic,2:0 横扫,否（无赛前价存档）
CS2,BetBoom Storm Group Stage,2026-04-01,cs2-charra-alkaa-2026-04-01,Charrados FC,ALKA,ALKA,2:1 打满,否（无赛前价存档）
CS2,GangKui Cup Playoffs,2026-04-01,cs2-fly-sfe-2026-04-01,FlyQuest,FlyQuest,FlyQuest,2:0 横扫,否（无赛前价存档）
CS2,PGL Astana: North American Closed Qualifier Playoffs,2026-04-01,cs2-zomb-regain-2026-04-01,regain,regain,regain,2:0 横扫,否（无赛前价存档）
CS2,PGL Astana: South American Closed Qualifier Playoffs,2026-04-01,cs2-gh-reda-2026-04-01,Game Hunters,Game Hunters,Game Hunters,2:0 横扫,否（无赛前价存档）
CS2,GangKui Cup Playoffs,2026-04-02,cs2-ra1-xdm-2026-04-02,Rare Atom,TEAM XDM,Rare Atom,2:1 打满,否（无赛前价存档）
CS2,ESL Challenger League Europe Cup #3 Playoffs,2026-04-01,cs2-heroa-tnc-2026-04-01,HEROIC Academy,TNC,TNC,2:1 打满,否（无赛前价存档）
CS2,GangKui Cup Playoffs,2026-04-02,cs2-cw-the9-2026-04-02,Chinggis Warriors,The Huns Esports,Chinggis Warriors,2:1 打满,否（无赛前价存档）
CS2,PGL Astana: South American Closed Qualifier Playoffs,2026-04-01,cs2-fdb-9z-2026-04-01,9z,9z,9z,2:0 横扫,否（无赛前价存档）
CS2,Parken Challenger Championship Playoffs,2026-04-01,cs2-fal-aab-2026-04-01,AaB Esport,Falcons Force,Falcons Force,2:1 打满,否（无赛前价存档）
CS2,BetBoom Storm Group Stage,2026-04-01,cs2-mibra-bsta-2026-04-01,MIBR Academy,MIBR Academy,MIBR Academy,2:0 横扫,否（无赛前价存档）
CS2,GangKui Cup Playoffs,2026-04-01,cs2-ur-tyloo-2026-04-01,TYLOO,Unsettled Resentment,TYLOO,2:1 打满,否（无赛前价存档）
CS2,Stake Ranked Episode 1 Playoffs,2026-04-02,cs2-nem-hero-2026-04-02,Heroic,Heroic,Heroic,2:0 横扫,否（无赛前价存档）
CS2,Stake Ranked Episode 1 Playoffs,2026-04-02,cs2-g2-bb3-2026-04-02,G2,BetBoom Team,G2,2:1 打满,否（无赛前价存档）
CS2,DraculaN Playoffs,2026-04-01,cs2-pssnua-all-2026-04-01,Alliance,Alliance,Alliance,2:0 横扫,否（无赛前价存档）
CS2,PGL Bucharest Group Stage,2026-04-04,cs2-fut-ice-2026-04-04,Inner Circle Esports,FUT Esports,FUT Esports,2:1 打满,否（无赛前价存档）
CS2,PGL Bucharest Group Stage,2026-04-04,cs2-b8-wc1-2026-04-04,B8,B8,B8,2:0 横扫,否（无赛前价存档）
CS2,PGL Bucharest Group Stage,2026-04-04,cs2-3dmax-fokus-2026-04-04,FOKUS,3DMAX,FOKUS,2:1 打满,否（无赛前价存档）
CS2,PGL Bucharest Group Stage,2026-04-04,cs2-nrg-voc-2026-04-04,NRG,NRG,NRG,2:0 横扫,否（无赛前价存档）
CS2,PGL Bucharest Group Stage,2026-04-04,cs2-mglz-bcg-2026-04-04,TheMongolz,TheMongolz,TheMongolz,2:0 横扫,否（无赛前价存档）
CS2,PGL Bucharest Group Stage,2026-04-04,cs2-ast10-mibr-2026-04-04,Astralis,Astralis,Astralis,2:0 横扫,否（无赛前价存档）
CS2,Betboom Circuit X Mayhem São Paulo Group A,2026-04-01,cs2-alkaa-mars-2026-04-01,Marsborne,Marsborne,Marsborne,2:0 横扫,否（无赛前价存档）
CS2,Betboom Circuit X Mayhem São Paulo Group A,2026-04-01,cs2-pain-gls1-2026-04-01,paiN,Galorys,paiN,2:1 打满,否（无赛前价存档）
CS2,PGL Bucharest Group Stage,2026-04-04,cs2-prv-lgc-2026-04-04,Legacy,PARIVISION,PARIVISION,2:1 打满,否（无赛前价存档）
CS2,Yuqilin Pinnacle of Battle Group A,2026-04-02,cs2-ctg-lb-2026-04-02,Change The Game,Last Bullet,Change The Game,2:1 打满,否（无赛前价存档）
CS2,Yuqilin Pinnacle of Battle Group B,2026-04-02,cs2-ra1-js-2026-04-02,Rare Atom,Rare Atom,Rare Atom,2:0 横扫,否（无赛前价存档）
CS2,Parken Challenger Championship Playoffs,2026-04-01,cs2-b8-pha-2026-04-01,Phantom,B8,B8,2:1 打满,否（无赛前价存档）
CS2,PGL Astana: European Closed Qualifier Playoffs,2026-04-02,cs2-100t-lavked-2026-04-02,100 Thieves,Lavked,100 Thieves,2:1 打满,否（无赛前价存档）
CS2,Parken Challenger Championship Playoffs,2026-04-02,cs2-bst-3dmax-2026-04-02,BESTIA,3DMAX,BESTIA,2:1 打满,否（无赛前价存档）
CS2,PGL Astana: European Closed Qualifier Playoffs,2026-04-02,cs2-ww-acroba-2026-04-02,WW Team,ACROBATS,ACROBATS,2:1 打满,否（无赛前价存档）
CS2,PGL Astana: European Closed Qualifier Playoffs,2026-04-02,cs2-k271-mgc-2026-04-02,magic,magic,magic,2:0 横扫,否（无赛前价存档）
CS2,NODWIN Clutch Series Playoffs,2026-04-02,cs2-ill-ntr-2026-04-02,Nuclear TigeRES,illwill,illwill,2:1 打满,否（无赛前价存档）
CS2,Stake Ranked Episode 1 Playoffs,2026-04-02,cs2-9ine-m8-2026-04-02,Gentle Mates,9INE,9INE,2:1 打满,否（无赛前价存档）
CS2,DraculaN Playoffs,2026-04-02,cs2-m80-all-2026-04-02,Alliance,M80,M80,2:1 打满,否（无赛前价存档）
CS2,Stake Ranked Episode 1 Playoffs,2026-04-02,cs2-gl1-nip-2026-04-02,NIP,GamerLegion,GamerLegion,2:1 打满,否（无赛前价存档）
CS2,Parken Challenger Championship Playoffs,2026-04-02,cs2-fal-b8-2026-04-02,B8,Falcons Force,B8,2:1 打满,否（无赛前价存档）
CS2,CCT Europe Series #19 Playoffs,2026-04-02,cs2-esc1-lavked-2026-04-02,Lavked,ESC Gaming,ESC Gaming,2:1 打满,否（无赛前价存档）
CS2,CCT Europe Series #19 Playoffs,2026-04-02,cs2-ecs-ursa-2026-04-02,Ursa,ECSTATIC,ECSTATIC,2:1 打满,否（无赛前价存档）
CS2,CCT Europe Series #19 Playoffs,2026-04-02,cs2-nem-rbls-2026-04-02,Team Nemesis,Rebels Gaming,Team Nemesis,2:1 打满,否（无赛前价存档）
CS2,CCT Europe Series #20 Group Stage,2026-04-02,cs2-ast-meg1-2026-04-02,ASTRAL,megoshort,ASTRAL,2:1 打满,否（无赛前价存档）
CS2,Dust2.us Eagle Masters Group Stage,2026-04-01,cs2-sports-rei-2026-04-01,ex-SportsBetExpert,ex-SportsBetExpert,ex-SportsBetExpert,2:0 横扫,否（无赛前价存档）
CS2,ESL Challenger League North America Cup #3 Playoffs,2026-04-02,cs2-f5-farmvi-2026-04-02,F5 Esports,F5 Esports,F5 Esports,2:0 横扫,否（无赛前价存档）
CS2,ESL Challenger League North America Cup #3 Playoffs,2026-04-02,cs2-lag-club33-2026-04-02,LAG Gaming,LAG Gaming,LAG Gaming,2:0 横扫,否（无赛前价存档）
CS2,ESL Challenger League North America Cup #3 Playoffs,2026-04-02,cs2-regain-flyr-2026-04-02,regain,regain,regain,2:0 横扫,否（无赛前价存档）
CS2,PGL Astana: Asia Closed Qualifier Playoffs,2026-04-02,cs2-gz1-dep-2026-04-02,DEPO,DEPO,DEPO,2:0 横扫,否（无赛前价存档）
CS2,PGL Astana: South American Closed Qualifier Playoffs,2026-04-02,cs2-fdb-ldp-2026-04-02,largadosypelados,Fake do Biru,Fake do Biru,2:1 打满,否（无赛前价存档）
CS2,BetBoom Storm Group Stage,2026-04-02,cs2-bsta-alkaa-2026-04-02,ALKA,ALKA,ALKA,2:0 横扫,否（无赛前价存档）
CS2,PGL Astana: South American Closed Qualifier Playoffs,2026-04-02,cs2-9z-odk-2026-04-02,ODDIK,9z,9z,2:1 打满,否（无赛前价存档）
CS2,BetBoom Storm Group Stage,2026-04-02,cs2-pls-vsc-2026-04-02,Players,Players,Players,2:0 横扫,否（无赛前价存档）
CS2,BetBoom Storm Group Stage,2026-04-02,cs2-paina-mag-2026-04-02,paiN Academy,paiN Academy,paiN Academy,2:0 横扫,否（无赛前价存档）
CS2,ESL Challenger League Europe Cup #3 Playoffs,2026-04-02,cs2-tnt-ursa-2026-04-02,TNT,Ursa,TNT,2:1 打满,否（无赛前价存档）
CS2,ESL Challenger League Asia Cup #3 Playoffs,2026-04-02,cs2-bp-bmz-2026-04-02,Boring Players,BMZ,BMZ,2:1 打满,否（无赛前价存档）
CS2,ESL Challenger League Europe Cup #3 Playoffs,2026-04-02,cs2-csdiil-qua1-2026-04-02,QUAZAR, CSDIILIT,QUAZAR,2:1 打满,否（无赛前价存档）
CS2,ESL Challenger League Europe Cup #3 Playoffs,2026-04-02,cs2-zerote-rust-2026-04-02,RUSTEC,RUSTEC,RUSTEC,2:0 横扫,否（无赛前价存档）
CS2,ESL Challenger League Europe Cup #3 Playoffs,2026-04-02,cs2-lavked-g2a-2026-04-02,G2 Ares,G2 Ares,G2 Ares,2:0 横扫,否（无赛前价存档）
CS2,ESL Challenger League Europe Cup #3 Playoffs,2026-04-02,cs2-don-tlr-2026-04-02,Donstu Esports,Donstu Esports,Donstu Esports,2:0 横扫,否（无赛前价存档）
CS2,ESL Challenger League Europe Cup #3 Playoffs,2026-04-02,cs2-pge-heroa-2026-04-02,HEROIC Academy,HEROIC Academy,HEROIC Academy,2:0 横扫,否（无赛前价存档）
CS2,ESL Challenger League South America Cup #3 Playoffs,2026-04-02,cs2-bk-uno-2026-04-02,UNO MILLE,UNO MILLE,UNO MILLE,2:0 横扫,否（无赛前价存档）
CS2,PGL Astana: Asia Closed Qualifier Playoffs,2026-04-02,cs2-the9-dep-2026-04-02,The Huns Esports,The Huns Esports,The Huns Esports,2:0 横扫,否（无赛前价存档）
CS2,ESL Challenger League Europe Cup #3 Playoffs,2026-04-02,cs2-yng-8s-2026-04-02,yngods,yngods,yngods,2:0 横扫,否（无赛前价存档）
CS2,ESL Challenger League Europe Cup #3 Playoffs,2026-04-03,cs2-justpl-tnc-2026-04-03,Just Players,TNC,TNC,2:1 打满,否（无赛前价存档）
CS2,ESL Challenger League Europe Cup #3 Playoffs,2026-04-03,cs2-unity-encea1-2026-04-03,ENCE Academy,ENCE Academy,ENCE Academy,2:0 横扫,否（无赛前价存档）
CS2,ESL Challenger League Asia Cup #3 Playoffs,2026-04-02,cs2-cw-5s-2026-04-02,5star,Chinggis Warriors,Chinggis Warriors,2:1 打满,否（无赛前价存档）
CS2,CIS LAN Championship Group A,2026-04-02,cs2-k271-1win-2026-04-02,K27,K27,K27,2:0 横扫,否（无赛前价存档）
CS2,CIS LAN Championship Group A,2026-04-02,cs2-jumbo-1win-2026-04-02,1WIN,1WIN,1WIN,2:0 横扫,否（无赛前价存档）
CS2,CCT Europe Series #20 Group Stage,2026-04-03,cs2-run2-omega1-2026-04-03,Omega,Rune Eaters,Omega,2:1 打满,否（无赛前价存档）
CS2,CCT Europe Series #20 Group Stage,2026-04-03,cs2-sta6-rust-2026-04-03,RUSTEC,RUSTEC,RUSTEC,2:0 横扫,否（无赛前价存档）
CS2,PGL Astana: North American Closed Qualifier Playoffs,2026-04-02,cs2-boss-regain-2026-04-02,BOSS,BOSS,BOSS,2:0 横扫,否（无赛前价存档）
CS2,Parken Challenger Championship Playoffs,2026-04-02,cs2-b8-3dmax-2026-04-02,3DMAX,B8,B8,2:1 打满,否（无赛前价存档）
CS2,NODWIN Clutch Series Playoffs,2026-04-02,cs2-js1-ill-2026-04-02,Johnny Speeds,illwill,Johnny Speeds,2:1 打满,否（无赛前价存档）
CS2,PGL Astana: European Closed Qualifier Playoffs,2026-04-02,cs2-100t-acroba-2026-04-02,100 Thieves,ACROBATS,100 Thieves,2:1 打满,否（无赛前价存档）
CS2,Dust2.us Eagle Masters Group Stage,2026-04-02,cs2-zomb-emp2-2026-04-02,Zomblers,EMPIRE,Zomblers,2:1 打满,否（无赛前价存档）
CS2,Dust2.us Eagle Masters Group Stage,2026-04-02,cs2-boss-mou-2026-04-02,BOSS,BOSS,BOSS,2:0 横扫,否（无赛前价存档）
CS2,Dust2.us Eagle Masters Group Stage,2026-04-02,cs2-farmvi-akimbo-2026-04-02,FarmVille,Akimbo Esports,Akimbo Esports,2:1 打满,否（无赛前价存档）
CS2,Betboom Circuit X Mayhem São Paulo Group A,2026-04-03,cs2-gls1-mars-2026-04-03,Galorys,Marsborne,Galorys,2:1 打满,否（无赛前价存档）
CS2,Dust2.us Eagle Masters Group Stage,2026-04-02,cs2-regain-ta-2026-04-02,regain,Team Aether,regain,2:1 打满,否（无赛前价存档）
CS2,ESL Challenger League Oceania Cup #3 Playoffs,2026-04-03,cs2-arc-abyssa-2026-04-03,Arcade Esports,Abyssal,Abyssal,2:1 打满,否（无赛前价存档）
CS2,Dust2.us Eagle Masters Group Stage,2026-04-02,cs2-ip-chican-2026-04-02,insane players,insane players,insane players,2:0 横扫,否（无赛前价存档）
CS2,Dust2.us Eagle Masters Group Stage,2026-04-02,cs2-o49-rei-2026-04-02,Reign Above,Outfit 49,Outfit 49,2:1 打满,否（无赛前价存档）
CS2,ESL Challenger League Oceania Cup #3 Playoffs,2026-04-03,cs2-mf-timewa-2026-04-03,Mindfreak,Mindfreak,Mindfreak,2:0 横扫,否（无赛前价存档）
CS2,ESL Challenger League Oceania Cup #3 Playoffs,2026-04-03,cs2-rstr-skele-2026-04-03,Rooster,Rooster,Rooster,2:0 横扫,否（无赛前价存档）
CS2,Betboom Circuit X Mayhem São Paulo Group C,2026-04-02,cs2-crash-shin-2026-04-02,ShindeN,ShindeN,ShindeN,2:0 横扫,否（无赛前价存档）
CS2,DraculaN Playoffs,2026-04-02,cs2-mnte-m80-2026-04-02,Monte,M80,M80,2:1 打满,否（无赛前价存档）
CS2,Betboom Circuit X Mayhem São Paulo Group C,2026-04-02,cs2-imp11-bhe-2026-04-02,Bounty Hunters Esports,Imperial,Bounty Hunters Esports,2:1 打满,否（无赛前价存档）
CS2,ESL Challenger League Europe Cup #3 Playoffs,2026-04-03,cs2-js1-mana-2026-04-03,Johnny Speeds,Johnny Speeds,Johnny Speeds,2:0 横扫,否（无赛前价存档）
CS2,GangKui Cup Playoffs,2026-04-03,cs2-sfe-ra1-2026-04-03,Rare Atom,Rare Atom,Rare Atom,2:0 横扫,否（无赛前价存档）
CS2,GangKui Cup Playoffs,2026-04-04,cs2-fly-cw-2026-04-04,FlyQuest,FlyQuest,FlyQuest,2:0 横扫,否（无赛前价存档）
CS2,GangKui Cup Playoffs,2026-04-03,cs2-the9-tyloo-2026-04-03,TYLOO,TYLOO,TYLOO,2:0 横扫,否（无赛前价存档）
CS2,Parken Challenger Championship Playoffs,2026-04-02,cs2-bst-b8-2026-04-02,BESTIA,B8,B8,2:1 打满,否（无赛前价存档）
CS2,CIS LAN Championship Group D,2026-04-02,cs2-sparta-tdk-2026-04-02,TDK,TDK,TDK,2:0 横扫,否（无赛前价存档）
CS2,CIS LAN Championship Group D,2026-04-02,cs2-cyb-ep-2026-04-02,eternal premium,CYBERSHOKE Prospects,CYBERSHOKE Prospects,2:1 打满,否（无赛前价存档）
CS2,Dust2.us Eagle Masters Group Stage,2026-04-02,cs2-lag-cw4-2026-04-02,LAG Gaming,LAG Gaming,LAG Gaming,2:0 横扫,否（无赛前价存档）
CS2,Urban Riga Open #4 Group B,2026-04-03,cs2-tri9-haven-2026-04-03,Tricked,Tricked,Tricked,2:0 横扫,否（无赛前价存档）
CS2,Stake Ranked Episode 1 Playoffs,2026-04-03,cs2-bb3-9ine-2026-04-03,BetBoom Team,BetBoom Team,BetBoom Team,2:0 横扫,否（无赛前价存档）
CS2,Yuqilin Pinnacle of Battle Playoffs,2026-04-03,cs2-tyloo-ctg-2026-04-03,TYLOO,TYLOO,TYLOO,2:0 横扫,否（无赛前价存档）
CS2,CCT Europe Series #19 Playoffs,2026-04-03,cs2-esc1-algo1-2026-04-03,ESC Gaming,ALGO Esports,ESC Gaming,2:1 打满,否（无赛前价存档）
CS2,PGL Astana: South American Closed Qualifier Playoffs,2026-04-02,cs2-keyd-fdb-2026-04-02,Fake do Biru,Fake do Biru,Fake do Biru,2:0 横扫,否（无赛前价存档）
CS2,PGL Astana: European Closed Qualifier Playoffs,2026-04-03,cs2-k271-100t-2026-04-03,100 Thieves,K27,K27,2:1 打满,否（无赛前价存档）
CS2,Stake Ranked Episode 1 Playoffs,2026-04-03,cs2-g2-gl1-2026-04-03,G2,G2,G2,2:0 横扫,否（无赛前价存档）
CS2,Stake Ranked Episode 1 Playoffs,2026-04-03,cs2-hero-nip-2026-04-03,Heroic,Heroic,Heroic,2:0 横扫,否（无赛前价存档）
CS2,ESL Challenger League North America Cup #3 Playoffs,2026-04-02,cs2-se1-inc-2026-04-02,InControl,InControl,InControl,2:0 横扫,否（无赛前价存档）
CS2,Betboom Circuit X Mayhem São Paulo Group D,2026-04-02,cs2-gh-yaw-2026-04-02,Game Hunters,Game Hunters,Game Hunters,2:0 横扫,否（无赛前价存档）
CS2,Betboom Circuit X Mayhem São Paulo Group D,2026-04-02,cs2-odk-gg5-2026-04-02,ODDIK,ODDIK,ODDIK,2:0 横扫,否（无赛前价存档）
CS2,Betboom Circuit X Mayhem São Paulo Group C,2026-04-03,cs2-shin-imp11-2026-04-03,ShindeN,ShindeN,ShindeN,2:0 横扫,否（无赛前价存档）
CS2,Betboom Circuit X Mayhem São Paulo Group B,2026-04-03,cs2-fxw7-ldp-2026-04-03,Fluxo W7M,Fluxo W7M,Fluxo W7M,2:0 横扫,否（无赛前价存档）
CS2,CCT Europe Series #19 Playoffs,2026-04-03,cs2-ecs-nem-2026-04-03,Team Nemesis,Team Nemesis,Team Nemesis,2:0 横扫,否（无赛前价存档）
CS2,CCT Europe Series #20 Group Stage,2026-04-03,cs2-minlat-ursa-2026-04-03,MINLATE,Ursa,Ursa,2:1 打满,否（无赛前价存档）
CS2,CCT Europe Series #20 Group Stage,2026-04-03,cs2-ruby1-tnc-2026-04-03,ex-RUBY,ex-RUBY,ex-RUBY,2:0 横扫,否（无赛前价存档）
CS2,European Pro League Series 6 Group C,2026-04-03,cs2-sta6-zerote-2026-04-03,ex-Zero Tenacity,STATE,STATE,2:1 打满,否（无赛前价存档）
CS2,ESL Challenger League Europe Cup #3 Playoffs,2026-04-03,cs2-heroa-tnt-2026-04-03,HEROIC Academy,TNT,HEROIC Academy,2:1 打满,否（无赛前价存档）
CS2,ESL Challenger League South America Cup #3 Playoffs,2026-04-03,cs2-r2-paina-2026-04-03,paiN Academy,R2 Esports Club,paiN Academy,2:1 打满,否（无赛前价存档）
CS2,ESL Challenger League South America Cup #3 Playoffs,2026-04-03,cs2-keyd-fdb-2026-04-03,Keyd,Fake do Biru,Fake do Biru,2:1 打满,否（无赛前价存档）
CS2,ESL Challenger League South America Cup #3 Playoffs,2026-04-03,cs2-crash-ldp-2026-04-03,largadosypelados,largadosypelados,largadosypelados,2:0 横扫,否（无赛前价存档）
CS2,PGL Astana: South American Closed Qualifier Playoffs,2026-04-03,cs2-odk-fdb-2026-04-03,ODDIK,ODDIK,ODDIK,2:0 横扫,否（无赛前价存档）
CS2,Betboom Circuit X Mayhem São Paulo Group D,2026-04-03,cs2-gg5-gh-2026-04-03,Gaimin Gladiators,Game Hunters,Gaimin Gladiators,2:1 打满,否（无赛前价存档）
CS2,BetBoom Storm Playoffs,2026-04-06,cs2-uno-alkaa-2026-04-06,UNO MILLE,UNO MILLE,UNO MILLE,2:0 横扫,否（无赛前价存档）
CS2,ESL Challenger League Asia Cup #3 Playoffs,2026-04-03,cs2-qube-nsn1-2026-04-03,The QUBE Esports,NSN,NSN,2:1 打满,否（无赛前价存档）
CS2,BetBoom Storm Playoffs,2026-04-06,cs2-keyd-crash-2026-04-06,Keyd,Keyd,Keyd,2:0 横扫,否（无赛前价存档）
CS2,BetBoom Storm Playoffs,2026-04-07,cs2-mibra-pls-2026-04-07,MIBR Academy,MIBR Academy,MIBR Academy,2:0 横扫,否（无赛前价存档）
CS2,BetBoom Storm Playoffs,2026-04-07,cs2-fdb-paina-2026-04-07,paiN Academy,Fake do Biru,Fake do Biru,2:1 打满,否（无赛前价存档）
CS2,ESL Challenger League Asia Cup #3 Playoffs,2026-04-03,cs2-cw-arise-2026-04-03,Chinggis Warriors,Chinggis Warriors,Chinggis Warriors,2:0 横扫,否（无赛前价存档）
CS2,ESL Challenger League Europe Cup #3 Playoffs,2026-04-03,cs2-atreid-qua1-2026-04-03,QUAZAR,Atreides,QUAZAR,2:1 打满,否（无赛前价存档）
CS2,ESL Challenger League Europe Cup #3 Playoffs,2026-04-03,cs2-don-g2a-2026-04-03,G2 Ares,Donstu Esports,G2 Ares,2:1 打满,否（无赛前价存档）
CS2,HLC Belgrade Pro Group C,2026-04-04,cs2-big5-bca-2026-04-04,BIG,Betclic Apogee Esports,BIG,2:1 打满,否（无赛前价存档）
CS2,HLC Belgrade Pro Group D,2026-04-04,cs2-mgc-cs1-2026-04-04,magic,magic,magic,2:0 横扫,否（无赛前价存档）
CS2,HLC Belgrade Pro Group B,2026-04-03,cs2-ill-zerote-2026-04-03,illwill,illwill,illwill,2:0 横扫,否（无赛前价存档）
CS2,HLC Belgrade Pro Group A,2026-04-03,cs2-faze-drama-2026-04-03,FaZe,FaZe,FaZe,2:0 横扫,否（无赛前价存档）
CS2,CIS LAN Championship Group B,2026-04-03,cs2-nemi1-33-2026-04-03,Nemiga,BET-M 33,Nemiga,2:1 打满,否（无赛前价存档）
CS2,CIS LAN Championship Group B,2026-04-03,cs2-5actor-vs-2026-04-03,5Actors,5Actors,5Actors,2:0 横扫,否（无赛前价存档）
CS2,IEM Rio Group A,2026-04-13,cs2-vit-red9-2026-04-13,Vitality,Vitality,Vitality,2:0 横扫,否（无赛前价存档）
CS2,IEM Rio Group A,2026-04-13,cs2-m8-g2-2026-04-13,Gentle Mates,G2,G2,2:1 打满,否（无赛前价存档）
CS2,IEM Rio Group A,2026-04-13,cs2-ts7-tl1-2026-04-13,Spirit,Spirit,Spirit,2:0 横扫,否（无赛前价存档）
CS2,IEM Rio Group B,2026-04-13,cs2-b8-navi-2026-04-13,Natus Vincere,B8,Natus Vincere,2:1 打满,否（无赛前价存档）
CS2,IEM Rio Group B,2026-04-13,cs2-aur1-hotu-2026-04-13,Aurora Gaming,Aurora Gaming,Aurora Gaming,2:0 横扫,否（无赛前价存档）
CS2,IEM Rio Group B,2026-04-13,cs2-furia-pssnua-2026-04-13,FURIA,FURIA,FURIA,2:0 横扫,否（无赛前价存档）
CS2,IEM Rio Group A,2026-04-13,cs2-3dmax-fal2-2026-04-13,Team Falcons,Team Falcons,Team Falcons,2:0 横扫,否（无赛前价存档）
CS2,IEM Rio Group B,2026-04-13,cs2-lgc-mouz-2026-04-13,Legacy,MOUZ,MOUZ,2:1 打满,否（无赛前价存档）
CS2,FiReCONTER Group B,2026-04-03,cs2-isg-hachae-2026-04-03,Isurus,Isurus,Isurus,2:0 横扫,否（无赛前价存档）
CS2,FiReCONTER Group A,2026-04-03,cs2-bsta-lunaes-2026-04-03,BESTIA Academy,BESTIA Academy,BESTIA Academy,2:0 横扫,否（无赛前价存档）
CS2,FiReCONTER Group B,2026-04-03,cs2-desped-rge1-2026-04-03,Despedidos,Despedidos,Despedidos,2:0 横扫,否（无赛前价存档）
CS2,CIS LAN Championship Group B,2026-04-03,cs2-33-5actor-2026-04-03,BET-M 33,BET-M 33,BET-M 33,2:0 横扫,否（无赛前价存档）
CS2,Urban Riga Open #4 Group B,2026-04-03,cs2-tri9-bst-2026-04-03,Tricked,Tricked,Tricked,2:0 横扫,否（无赛前价存档）
CS2,Urban Riga Open #4 Group B,2026-04-03,cs2-haven-biga-2026-04-03,BIG Academy,BIG Academy,BIG Academy,2:0 横扫,否（无赛前价存档）
CS2,Stake Ranked Episode 1 Playoffs,2026-04-03,cs2-bb3-hero-2026-04-03,Heroic,BetBoom Team,BetBoom Team,2:1 打满,否（无赛前价存档）
CS2,CCT Europe Series #19 Playoffs,2026-04-03,cs2-esc1-nem-2026-04-03,Team Nemesis,Team Nemesis,Team Nemesis,2:0 横扫,否（无赛前价存档）
CS2,CIS LAN Championship Group C,2026-04-03,cs2-yl-ww-2026-04-03,Younglings,WW Team,WW Team,2:1 打满,否（无赛前价存档）
CS2,ESL Challenger League North America Cup #3 Playoffs,2026-04-03,cs2-o49-f5-2026-04-03,F5 Esports,F5 Esports,F5 Esports,2:0 横扫,否（无赛前价存档）
CS2,ESL Challenger League North America Cup #3 Playoffs,2026-04-03,cs2-rei-zomb-2026-04-03,Zomblers,Zomblers,Zomblers,2:0 横扫,否（无赛前价存档）
CS2,CIS LAN Championship Group C,2026-04-03,cs2-arc4-hotu-2026-04-03,ARCRED,HOTU,HOTU,2:1 打满,否（无赛前价存档）
CS2,Urban Riga Open #4 Group B,2026-04-03,cs2-biga-bst-2026-04-03,BIG Academy,BESTIA,BESTIA,2:1 打满,否（无赛前价存档）
CS2,ESL Challenger League Oceania Cup #3 Playoffs,2026-04-05,cs2-mf-abyssa-2026-04-05,Abyssal,Mindfreak,Abyssal,2:1 打满,否（无赛前价存档）
CS2,ESL Challenger League Oceania Cup #3 Playoffs,2026-04-05,cs2-gz1-rstr-2026-04-05,Rooster,Ground Zero,Ground Zero,2:1 打满,否（无赛前价存档）
CS2,Stake Ranked Episode 1 Playoffs,2026-04-04,cs2-gl1-bb3-2026-04-04,BetBoom Team,BetBoom Team,BetBoom Team,2:0 横扫,否（无赛前价存档）
CS2,CIS LAN Championship Group C,2026-04-03,cs2-arc4-ww-2026-04-03,WW Team,WW Team,WW Team,2:0 横扫,否（无赛前价存档）
CS2,ESL Challenger League North America Cup #3 Playoffs,2026-04-03,cs2-regain-tsg-2026-04-03,regain,regain,regain,2:0 横扫,否（无赛前价存档）
CS2,ESL Challenger League North America Cup #3 Playoffs,2026-04-03,cs2-flyr-boss-2026-04-03,BOSS,BOSS,BOSS,2:0 横扫,否（无赛前价存档）
CS2,CCT Europe Series #20 Group Stage,2026-04-04,cs2-run2-encea1-2026-04-04,ENCE Academy,ENCE Academy,ENCE Academy,2:0 横扫,否（无赛前价存档）
CS2,CCT Europe Series #20 Group Stage,2026-04-04,cs2-mzp-bbp-2026-04-04,Bebop,Metizport,Bebop,2:1 打满,否（无赛前价存档）
CS2,ESL Challenger League Oceania Cup #3 Playoffs,2026-04-05,cs2-arc-timewa-2026-04-05,Arcade Esports,Arcade Esports,Arcade Esports,2:0 横扫,否（无赛前价存档）
CS2,CIS LAN Championship Playoffs,2026-04-04,cs2-k271-cyb-2026-04-04,K27,K27,K27,2:0 横扫,否（无赛前价存档）
CS2,CIS LAN Championship Playoffs,2026-04-04,cs2-1win-tdk-2026-04-04,1WIN,1WIN,1WIN,2:0 横扫,否（无赛前价存档）
CS2,ESL Challenger League Europe Cup #3 Playoffs,2026-04-04,cs2-eliten-qua1-2026-04-04,QUAZAR,eLITenergy,eLITenergy,2:1 打满,否（无赛前价存档）
CS2,ESL Challenger League Europe Cup #3 Playoffs,2026-04-04,cs2-unity-g2a-2026-04-04,UNiTY esports,UNiTY esports,UNiTY esports,2:0 横扫,否（无赛前价存档）
CS2,CCT Europe Series #20 Group Stage,2026-04-05,cs2-ast-omega1-2026-04-05,ASTRAL,ASTRAL,ASTRAL,2:0 横扫,否（无赛前价存档）
CS2,ESL Challenger League Europe Cup #3 Playoffs,2026-04-04,cs2-mana-heroa-2026-04-04,HEROIC Academy,MANA eSports,MANA eSports,2:1 打满,否（无赛前价存档）
CS2,CIS LAN Championship Playoffs,2026-04-04,cs2-33-hotu-2026-04-04,BET-M 33,BET-M 33,BET-M 33,2:0 横扫,否（无赛前价存档）
CS2,Betboom Circuit X Mayhem São Paulo Playoffs,2026-04-04,cs2-pain-shin-2026-04-04,paiN,ShindeN,paiN,2:1 打满,否（无赛前价存档）
CS2,Betboom Circuit X Mayhem São Paulo Playoffs,2026-04-04,cs2-red9-gg5-2026-04-04,Gaimin Gladiators,Gaimin Gladiators,Gaimin Gladiators,2:0 横扫,否（无赛前价存档）
CS2,CCT Europe Series #20 Group Stage,2026-04-05,cs2-ruby1-sta6-2026-04-05,STATE,ex-RUBY,ex-RUBY,2:1 打满,否（无赛前价存档）
CS2,Betboom Circuit X Mayhem São Paulo Playoffs,2026-04-04,cs2-bhe-gls1-2026-04-04,Bounty Hunters Esports,Bounty Hunters Esports,Bounty Hunters Esports,2:0 横扫,否（无赛前价存档）
CS2,Betboom Circuit X Mayhem São Paulo Playoffs,2026-04-04,cs2-odk-fxw7-2026-04-04,Fluxo W7M,ODDIK,Fluxo W7M,2:1 打满,否（无赛前价存档）
CS2,CCT Europe Series #20 Group Stage,2026-04-04,cs2-meg1-tnc-2026-04-04,megoshort,megoshort,megoshort,2:0 横扫,否（无赛前价存档）
CS2,ESL Challenger League Europe Cup #3 Playoffs,2026-04-05,cs2-js1-encea1-2026-04-05,Johnny Speeds,Johnny Speeds,Johnny Speeds,2:0 横扫,否（无赛前价存档）
CS2,CIS LAN Championship Playoffs,2026-04-04,cs2-nemi1-ww-2026-04-04,WW Team,Nemiga,WW Team,2:1 打满,否（无赛前价存档）
CS2,GangKui Cup Playoffs,2026-04-04,cs2-tyloo-ra1-2026-04-04,TYLOO,TYLOO,TYLOO,2:0 横扫,否（无赛前价存档）
CS2,ESL Challenger League South America Cup #3 Playoffs,2026-04-05,cs2-uno-paina-2026-04-05,UNO MILLE,UNO MILLE,UNO MILLE,2:0 横扫,否（无赛前价存档）
CS2,ESL Challenger League South America Cup #3 Playoffs,2026-04-04,cs2-gh-keyd-2026-04-04,Keyd,Keyd,Keyd,2:0 横扫,否（无赛前价存档）
CS2,ESL Challenger League South America Cup #3 Playoffs,2026-04-05,cs2-fdb-ldp-2026-04-05,largadosypelados,Fake do Biru,Fake do Biru,2:1 打满,否（无赛前价存档）
CS2,ESL Challenger League North America Cup #3 Playoffs,2026-04-04,cs2-lag-boss-2026-04-04,BOSS,LAG Gaming,LAG Gaming,2:1 打满,否（无赛前价存档）
CS2,ESL Challenger League Asia Cup #3 Playoffs,2026-04-04,cs2-qube-bp-2026-04-04,Boring Players,The QUBE Esports,The QUBE Esports,2:1 打满,否（无赛前价存档）
CS2,Yuqilin Pinnacle of Battle Playoffs,2026-04-04,cs2-ctg-tyloo-2026-04-04,TYLOO,TYLOO,TYLOO,2:0 横扫,否（无赛前价存档）
CS2,CCT Europe Contenders #4 Playoffs,2026-04-04,cs2-mixmix-cyb-2026-04-04,CYBERSHOKE Prospects,mixmix,CYBERSHOKE Prospects,2:1 打满,否（无赛前价存档）
CS2,CCT Europe Contenders #4 Playoffs,2026-04-04,cs2-enjoy-lfo9-2026-04-04,LFO,ENJOY,ENJOY,2:1 打满,否（无赛前价存档）
CS2,GangKui Cup Playoffs,2026-04-04,cs2-tyloo-cw-2026-04-04,TYLOO,TYLOO,TYLOO,2:0 横扫,否（无赛前价存档）
CS2,Urban Riga Open #4 Group A,2026-04-04,cs2-ast-pssnua-2026-04-04,Passion UA,Passion UA,Passion UA,2:0 横扫,否（无赛前价存档）
CS2,Urban Riga Open #4 Group A,2026-04-04,cs2-sng2-pure-2026-04-04,Sangal,Sangal,Sangal,2:0 横扫,否（无赛前价存档）
CS2,HLC Belgrade Pro Group C,2026-04-04,cs2-bca-lumino1-2026-04-04,Betclic Apogee Esports,Betclic Apogee Esports,Betclic Apogee Esports,2:0 横扫,否（无赛前价存档）
CS2,Stake Ranked Episode 1 Playoffs,2026-04-04,cs2-g2-bb3-2026-04-04,BetBoom Team,G2,G2,2:1 打满,否（无赛前价存档）
CS2,CIS LAN Championship Playoffs,2026-04-05,cs2-k271-33-2026-04-05,BET-M 33,BET-M 33,BET-M 33,2:0 横扫,否（无赛前价存档）
CS2,Urban Riga Open #4 Group A,2026-04-04,cs2-ast-sng2-2026-04-04,ASTRAL,Sangal,Sangal,2:1 打满,否（无赛前价存档）
CS2,Betboom Circuit X Mayhem São Paulo Playoffs,2026-04-04,cs2-pain-fxw7-2026-04-04,paiN,paiN,paiN,2:0 横扫,否（无赛前价存档）
CS2,PGL Bucharest Group Stage,2026-04-05,cs2-fut-nrg-2026-04-05,FUT Esports,FUT Esports,FUT Esports,2:0 横扫,否（无赛前价存档）
CS2,PGL Bucharest Group Stage,2026-04-05,cs2-ast10-b8-2026-04-05,Astralis,B8,Astralis,2:1 打满,否（无赛前价存档）
CS2,PGL Bucharest Group Stage,2026-04-05,cs2-prv-fokus-2026-04-05,PARIVISION,PARIVISION,PARIVISION,2:0 横扫,否（无赛前价存档）
CS2,PGL Bucharest Group Stage,2026-04-05,cs2-mglz-eye-2026-04-05,TheMongolz,TheMongolz,TheMongolz,2:0 横扫,否（无赛前价存档）
CS2,PGL Bucharest Group Stage,2026-04-05,cs2-lgc-ice-2026-04-05,Inner Circle Esports,Legacy,Legacy,2:1 打满,否（无赛前价存档）
CS2,PGL Bucharest Group Stage,2026-04-05,cs2-3dmax-voc-2026-04-05,Voca,3DMAX,3DMAX,2:1 打满,否（无赛前价存档）
CS2,PGL Bucharest Group Stage,2026-04-05,cs2-bcg-mibr-2026-04-05,MIBR,BC.Game Esports,MIBR,2:1 打满,否（无赛前价存档）
CS2,FiReCONTER Playoffs,2026-04-04,cs2-pcy-isg-2026-04-04,Isurus,Isurus,Isurus,2:0 横扫,否（无赛前价存档）
CS2,ESL Challenger League North America Cup #3 Playoffs,2026-04-05,cs2-zomb-regain-2026-04-05,regain,Zomblers,regain,2:1 打满,否（无赛前价存档）
CS2,Betboom Circuit X Mayhem São Paulo Playoffs,2026-04-04,cs2-bhe-gg5-2026-04-04,Gaimin Gladiators,Gaimin Gladiators,Gaimin Gladiators,2:0 横扫,否（无赛前价存档）
CS2,Urban Riga Open #4 Playoffs,2026-04-05,cs2-tri9-sng2-2026-04-05,Sangal,Sangal,Sangal,2:0 横扫,否（无赛前价存档）
CS2,Urban Riga Open #4 Playoffs,2026-04-05,cs2-pssnua-bst-2026-04-05,Passion UA,Passion UA,Passion UA,2:0 横扫,否（无赛前价存档）
CS2,European Pro League Series 6 Group D,2026-04-05,cs2-imperi-heroa-2026-04-05,HEROIC Academy,Imperial Academy,HEROIC Academy,2:1 打满,否（无赛前价存档）
CS2,ESL Challenger League Asia Cup #3 Playoffs,2026-04-05,cs2-bmz-fdg-2026-04-05,BMZ,FengDa Gaming,FengDa Gaming,2:1 打满,否（无赛前价存档）
CS2,ESL Challenger League North America Cup #3 Playoffs,2026-04-04,cs2-club33-tsg-2026-04-04,Club 333,Club 333,Club 333,2:0 横扫,否（无赛前价存档）
CS2,FiReCONTER Playoffs,2026-04-05,cs2-isg-desped-2026-04-05,Isurus,Isurus,Isurus,2:0 横扫,否（无赛前价存档）
CS2,CIS LAN Championship Playoffs,2026-04-05,cs2-1win-ww-2026-04-05,1WIN,1WIN,1WIN,2:0 横扫,否（无赛前价存档）
CS2,FiReCONTER Playoffs,2026-04-05,cs2-pcy-bsta-2026-04-05,BESTIA Academy,BESTIA Academy,BESTIA Academy,2:0 横扫,否（无赛前价存档）
CS2,HLC Belgrade Pro Playoffs,2026-04-05,cs2-mgc-drama-2026-04-05,magic,magic,magic,2:0 横扫,否（无赛前价存档）
CS2,HLC Belgrade Pro Playoffs,2026-04-05,cs2-faze-cs1-2026-04-05,FaZe,FaZe,FaZe,2:0 横扫,否（无赛前价存档）
CS2,HLC Belgrade Pro Playoffs,2026-04-05,cs2-big5-zerote-2026-04-05,BIG,ex-Zero Tenacity,BIG,2:1 打满,否（无赛前价存档）
CS2,HLC Belgrade Pro Playoffs,2026-04-05,cs2-ill-bca-2026-04-05,illwill,illwill,illwill,2:0 横扫,否（无赛前价存档）
CS2,ESL Challenger League South America Cup #3 Playoffs,2026-04-05,cs2-crash-keyd-2026-04-05,Crashers,Keyd,Crashers,2:1 打满,否（无赛前价存档）
CS2,ESL Challenger League South America Cup #3 Playoffs,2026-04-05,cs2-r2-shin-2026-04-05,ShindeN,ShindeN,ShindeN,2:0 横扫,否（无赛前价存档）
CS2,Betboom Circuit X Mayhem São Paulo Playoffs,2026-04-05,cs2-fxw7-bhe-2026-04-05,Fluxo W7M,Bounty Hunters Esports,Fluxo W7M,2:1 打满,否（无赛前价存档）
CS2,European Pro League Series 6 Group B,2026-04-06,cs2-bb7-run2-2026-04-06,Basement Bobs,Rune Eaters,Basement Bobs,2:1 打满,否（无赛前价存档）
CS2,ESL Challenger League Europe Cup #3 Playoffs,2026-04-05,cs2-justpl-eliten-2026-04-05,eLITenergy,eLITenergy,eLITenergy,2:0 横扫,否（无赛前价存档）
CS2,GangKui Cup Playoffs,2026-04-05,cs2-fly-tyloo-2026-04-05,TYLOO,FlyQuest,TYLOO,2:1 打满,否（无赛前价存档）
CS2,ESL Challenger League North America Cup #3 Playoffs,2026-04-05,cs2-inc-f5-2026-04-05,F5 Esports,F5 Esports,F5 Esports,2:0 横扫,否（无赛前价存档）
CS2,ESL Challenger League Europe Cup #3 Playoffs,2026-04-05,cs2-unity-mana-2026-04-05,MANA eSports,MANA eSports,MANA eSports,2:0 横扫,否（无赛前价存档）
CS2,Dust2.us Eagle Masters Group Stage,2026-04-05,cs2-emp2-farmvi-2026-04-05,FarmVille,EMPIRE,FarmVille,2:1 打满,否（无赛前价存档）
CS2,Dust2.us Eagle Masters Group Stage,2026-04-05,cs2-boss-lag-2026-04-05,BOSS,LAG Gaming,BOSS,2:1 打满,否（无赛前价存档）
CS2,ESL Challenger League Asia Cup #3 Playoffs,2026-04-05,cs2-5s-nexvoi-2026-04-05,NEXVOID,NEXVOID,NEXVOID,2:0 横扫,否（无赛前价存档）
CS2,ESL Challenger League Asia Cup #3 Playoffs,2026-04-05,cs2-qube-js-2026-04-05,Just Swing,The QUBE Esports,The QUBE Esports,2:1 打满,否（无赛前价存档）
CS2,CCT North America Series #4 Group B,2026-04-07,cs2-o49-shim-2026-04-07,Outfit 49,Outfit 49,Outfit 49,2:0 横扫,否（无赛前价存档）
CS2,CCT North America Series #4 Group A,2026-04-06,cs2-farmvi-akimbo-2026-04-06,FarmVille,FarmVille,FarmVille,2:0 横扫,否（无赛前价存档）
CS2,HLC Belgrade Pro Playoffs,2026-04-05,cs2-faze-ill-2026-04-05,FaZe,FaZe,FaZe,2:0 横扫,否（无赛前价存档）
CS2,HLC Belgrade Pro Playoffs,2026-04-05,cs2-mgc-big5-2026-04-05,BIG,BIG,BIG,2:0 横扫,否（无赛前价存档）
CS2,CIS LAN Championship Playoffs,2026-04-05,cs2-33-1win-2026-04-05,1WIN,1WIN,1WIN,2:0 横扫,否（无赛前价存档）
CS2,CIS LAN Championship Playoffs,2026-04-05,cs2-k271-ww-2026-04-05,WW Team,WW Team,WW Team,2:0 横扫,否（无赛前价存档）
CS2,Urban Riga Open #4 Playoffs,2026-04-05,cs2-sng2-pssnua-2026-04-05,Passion UA,Sangal,Sangal,2:1 打满,否（无赛前价存档）
CS2,FiReCONTER Playoffs,2026-04-05,cs2-desped-bsta-2026-04-05,Despedidos,Despedidos,Despedidos,2:0 横扫,否（无赛前价存档）
CS2,HLC Belgrade Pro Playoffs,2026-04-05,cs2-ill-mgc-2026-04-05,illwill,magic,illwill,2:1 打满,否（无赛前价存档）
CS2,HLC Belgrade Pro Playoffs,2026-04-05,cs2-faze-big5-2026-04-05,FaZe,BIG,BIG,2:1 打满,否（无赛前价存档）
CS2,PGL Bucharest Group Stage,2026-04-06,cs2-fokus-wc1-2026-04-06,FOKUS,Wildcard,Wildcard,2:1 打满,否（无赛前价存档）
CS2,PGL Bucharest Group Stage,2026-04-06,cs2-ice-faze-2026-04-06,Inner Circle Esports,Inner Circle Esports,Inner Circle Esports,2:0 横扫,否（无赛前价存档）
CS2,PGL Bucharest Group Stage,2026-04-06,cs2-nrg-eye-2026-04-06,EYEBALLERS,EYEBALLERS,EYEBALLERS,2:0 横扫,否（无赛前价存档）
CS2,PGL Bucharest Group Stage,2026-04-06,cs2-lgc-mibr-2026-04-06,MIBR,Legacy,MIBR,2:1 打满,否（无赛前价存档）
CS2,PGL Bucharest Group Stage,2026-04-06,cs2-b8-3dmax-2026-04-06,B8,3DMAX,3DMAX,2:1 打满,否（无赛前价存档）
CS2,PGL Bucharest Group Stage,2026-04-06,cs2-bcg-voc-2026-04-06,Voca,BC.Game Esports,BC.Game Esports,2:1 打满,否（无赛前价存档）
CS2,PGL Bucharest Group Stage,2026-04-06,cs2-prv-fut-2026-04-06,FUT Esports,FUT Esports,FUT Esports,2:0 横扫,否（无赛前价存档）
CS2,PGL Bucharest Group Stage,2026-04-06,cs2-ast10-mglz-2026-04-06,Astralis,Astralis,Astralis,2:0 横扫,否（无赛前价存档）
CS2,LORGAR RANKINGS Closed Qualifier Play-In,2026-04-06,cs2-innerc-unity-2026-04-06,UNiTY esports,UNiTY esports,UNiTY esports,2:0 横扫,否（无赛前价存档）
CS2,LORGAR RANKINGS Closed Qualifier Play-In,2026-04-06,cs2-kol-hs2-2026-04-06,HyperSpirit,HyperSpirit,HyperSpirit,2:0 横扫,否（无赛前价存档）
CS2,ESL Challenger League Oceania Cup #3 Playoffs,2026-04-06,cs2-mf-arc-2026-04-06,Arcade Esports,Mindfreak,Arcade Esports,2:1 打满,否（无赛前价存档）
CS2,ESL Challenger League Oceania Cup #3 Playoffs,2026-04-06,cs2-rstr-skele-2026-04-06,Rooster,Rooster,Rooster,2:0 横扫,否（无赛前价存档）
CS2,ESL Challenger League Oceania Cup #3 Playoffs,2026-04-07,cs2-abyssa-gz1-2026-04-07,Abyssal,Ground Zero,Ground Zero,2:1 打满,否（无赛前价存档）
CS2,CCT Europe Series #20 Group Stage,2026-04-06,cs2-sta6-encea1-2026-04-06,STATE,ENCE Academy,STATE,2:1 打满,否（无赛前价存档）
CS2,CCT Europe Series #20 Group Stage,2026-04-06,cs2-minlat1-bbp-2026-04-06,Bebop,ex-MINLATE,Bebop,2:1 打满,否（无赛前价存档）
CS2,Dust2.us Eagle Masters Group Stage,2026-04-05,cs2-rei-cw4-2026-04-05,Clockwork,Reign Above,Clockwork,2:1 打满,否（无赛前价存档）
CS2,ESL Challenger League North America Cup #3 Playoffs,2026-04-05,cs2-club33-farmvi-2026-04-05,FarmVille,FarmVille,FarmVille,2:0 横扫,否（无赛前价存档）
CS2,ESL Challenger League South America Cup #3 Playoffs,2026-04-06,cs2-ldp-shin-2026-04-06,largadosypelados,ShindeN,ShindeN,2:1 打满,否（无赛前价存档）
CS2,ESL Challenger League South America Cup #3 Playoffs,2026-04-06,cs2-paina-crash-2026-04-06,paiN Academy,Crashers,paiN Academy,2:1 打满,否（无赛前价存档）
CS2,ESL Challenger League Europe Cup #3 Playoffs,2026-04-06,cs2-encea1-eliten-2026-04-06,eLITenergy,eLITenergy,eLITenergy,2:0 横扫,否（无赛前价存档）
CS2,ESL Challenger League South America Cup #3 Playoffs,2026-04-07,cs2-uno-fdb-2026-04-07,Fake do Biru,Fake do Biru,Fake do Biru,2:0 横扫,否（无赛前价存档）
CS2,NODWIN Clutch Series Play-In Group A,2026-04-06,cs2-run2-brute-2026-04-06,Brute,Rune Eaters,Brute,2:1 打满,否（无赛前价存档）
CS2,NODWIN Clutch Series Play-In Group B,2026-04-06,cs2-minlat1-ec1-2026-04-06,ex-MINLATE,ex-MINLATE,ex-MINLATE,2:0 横扫,否（无赛前价存档）
CS2,ESL Challenger League Asia Cup #3 Playoffs,2026-04-06,cs2-bmz-qube-2026-04-06,The QUBE Esports,BMZ,BMZ,2:1 打满,否（无赛前价存档）
CS2,ESL Challenger League North America Cup #3 Playoffs,2026-04-06,cs2-zomb-lag-2026-04-06,LAG Gaming,LAG Gaming,LAG Gaming,2:0 横扫,否（无赛前价存档）
CS2,ESL Challenger League North America Cup #3 Playoffs,2026-04-06,cs2-inc-farmvi-2026-04-06,InControl,InControl,InControl,2:0 横扫,否（无赛前价存档）
CS2,ESL Challenger League Oceania Cup #3 Playoffs,2026-04-07,cs2-rstr-arc-2026-04-07,Rooster,Arcade Esports,Rooster,2:1 打满,否（无赛前价存档）
CS2,European Pro League Series 6 Playoffs,2026-04-11,cs2-ruby1-sta6-2026-04-11,STATE,ex-RUBY,ex-RUBY,2:1 打满,否（无赛前价存档）
CS2,European Pro League Series 6 Playoffs,2026-04-08,cs2-arc4-aab-2026-04-08,AaB Esport,ARCRED,ARCRED,2:1 打满,否（无赛前价存档）
CS2,European Pro League Series 6 Playoffs,2026-04-09,cs2-lavked-hashir-2026-04-09,Lavked,Lavked,Lavked,2:0 横扫,否（无赛前价存档）
CS2,European Pro League Series 6 Playoffs,2026-04-10,cs2-g1-heroa-2026-04-10,HEROIC Academy,HEROIC Academy,HEROIC Academy,2:0 横扫,否（无赛前价存档）
CS2,Dust2.us Eagle Masters Group Stage,2026-04-06,cs2-zomb-ip-2026-04-06,insane players,insane players,insane players,2:0 横扫,否（无赛前价存档）
CS2,Dust2.us Eagle Masters Group Stage,2026-04-06,cs2-akimbo-regain-2026-04-06,Akimbo Esports,regain,regain,2:1 打满,否（无赛前价存档）
CS2,ESL Challenger League North America Cup #3 Playoffs,2026-04-07,cs2-f5-regain-2026-04-07,F5 Esports,F5 Esports,F5 Esports,2:0 横扫,否（无赛前价存档）
CS2,LORGAR RANKINGS Closed Qualifier Play-In,2026-04-07,cs2-bnd-m1x-2026-04-07,m1x,bond1e,bond1e,2:1 打满,否（无赛前价存档）
CS2,PGL Bucharest Group Stage,2026-04-07,cs2-mibr-eye-2026-04-07,MIBR,MIBR,MIBR,2:0 横扫,否（无赛前价存档）
CS2,PGL Bucharest Group Stage,2026-04-07,cs2-prv-3dmax-2026-04-07,3DMAX,3DMAX,3DMAX,2:0 横扫,否（无赛前价存档）
CS2,PGL Bucharest Group Stage,2026-04-07,cs2-nrg-lgc-2026-04-07,Legacy,Legacy,Legacy,2:0 横扫,否（无赛前价存档）
CS2,PGL Bucharest Group Stage,2026-04-07,cs2-b8-ice-2026-04-07,B8,B8,B8,2:0 横扫,否（无赛前价存档）
CS2,PGL Bucharest Group Stage,2026-04-07,cs2-mglz-wc1-2026-04-07,TheMongolz,TheMongolz,TheMongolz,2:0 横扫,否（无赛前价存档）
CS2,PGL Bucharest Group Stage,2026-04-07,cs2-fokus-bcg-2026-04-07,FOKUS,FOKUS,FOKUS,2:0 横扫,否（无赛前价存档）
CS2,NODWIN Clutch Series Play-In Group A,2026-04-07,cs2-leo2-brute-2026-04-07,Leo Team,Leo Team,Leo Team,2:0 横扫,否（无赛前价存档）
CS2,NODWIN Clutch Series Play-In Group B,2026-04-07,cs2-pg-bbp-2026-04-07,Bebop,Bebop,Bebop,2:0 横扫,否（无赛前价存档）
CS2,CCT Europe Series #20 Playoffs,2026-04-07,cs2-esc1-sta6-2026-04-07,STATE,ESC Gaming,ESC Gaming,2:1 打满,否（无赛前价存档）
CS2,CCT Europe Series #20 Playoffs,2026-04-07,cs2-js1-ursa-2026-04-07,Johnny Speeds,Ursa,Ursa,2:1 打满,否（无赛前价存档）
CS2,CCT Europe Series #20 Playoffs,2026-04-07,cs2-eye-omega1-2026-04-07,EYEBALLERS,Omega,EYEBALLERS,2:1 打满,否（无赛前价存档）
CS2,CCT Europe Series #20 Playoffs,2026-04-08,cs2-tri9-ruby1-2026-04-08,Tricked,Tricked,Tricked,2:0 横扫,否（无赛前价存档）
CS2,CCT Europe Series #20 Playoffs,2026-04-08,cs2-nem-rust-2026-04-08,RUSTEC,Team Nemesis,Team Nemesis,2:1 打满,否（无赛前价存档）
CS2,CCT Europe Series #20 Playoffs,2026-04-08,cs2-big5-bbp-2026-04-08,Bebop,BIG,BIG,2:1 打满,否（无赛前价存档）
CS2,ESL Challenger League Asia-Pacific Cup #3 Playoffs,2026-04-07,cs2-cw-fdg-2026-04-07,FengDa Gaming,Chinggis Warriors,FengDa Gaming,2:1 打满,否（无赛前价存档）
CS2,NODWIN Clutch Series Play-In Group A,2026-04-07,cs2-run2-eliten-2026-04-07,Rune Eaters,eLITenergy,Rune Eaters,2:1 打满,否（无赛前价存档）
CS2,ESL Challenger League South America Cup #3 Playoffs,2026-04-07,cs2-paina-shin-2026-04-07,ShindeN,ShindeN,ShindeN,2:0 横扫,否（无赛前价存档）
CS2,European Pro League Series 6 Playoffs,2026-04-10,cs2-pha-ursa-2026-04-10,Phantom,Ursa,Phantom,2:1 打满,否（无赛前价存档）
CS2,European Pro League Series 6 Playoffs,2026-04-11,cs2-mzp-bb7-2026-04-11,Metizport,Metizport,Metizport,2:0 横扫,否（无赛前价存档）
CS2,BetBoom Storm Playoffs,2026-04-08,cs2-uno-keyd-2026-04-08,Keyd,Keyd,Keyd,2:0 横扫,否（无赛前价存档）
CS2,GLuck SixSeven Playoffs,2026-04-07,cs2-tdk-cyb-2026-04-07,CYBERSHOKE Prospects,TDK,TDK,2:1 打满,否（无赛前价存档）
CS2,GLuck SixSeven Playoffs,2026-04-07,cs2-pg4-ep-2026-04-07,premghouls,eternal premium,eternal premium,2:1 打满,否（无赛前价存档）
CS2,ESL Challenger League North America Cup #3 Playoffs,2026-04-07,cs2-inc-lag-2026-04-07,InControl,InControl,InControl,2:0 横扫,否（无赛前价存档）
CS2,PGL Bucharest Group Stage,2026-04-08,cs2-fokus-eye-2026-04-08,EYEBALLERS,FOKUS,EYEBALLERS,2:1 打满,否（无赛前价存档）
CS2,GLuck SixSeven Playoffs,2026-04-07,cs2-cyb-ep-2026-04-07,CYBERSHOKE Prospects,eternal premium,CYBERSHOKE Prospects,2:1 打满,否（无赛前价存档）
CS2,PGL Bucharest Group Stage,2026-04-08,cs2-b8-lgc-2026-04-08,B8,B8,B8,2:0 横扫,否（无赛前价存档）
CS2,PGL Bucharest Group Stage,2026-04-08,cs2-prv-wc1-2026-04-08,PARIVISION,PARIVISION,PARIVISION,2:0 横扫,否（无赛前价存档）
CS2,NODWIN Clutch Series Play-In Group D,2026-04-09,cs2-ast-ursa-2026-04-09,ASTRAL,ASTRAL,ASTRAL,2:0 横扫,否（无赛前价存档）
CS2,NODWIN Clutch Series Play-In Group C,2026-04-09,cs2-mana-fcf-2026-04-09,FC Famalicão Esports,MANA eSports,MANA eSports,2:1 打满,否（无赛前价存档）
CS2,Elisa Open Suomi Regular Season,2026-04-07,cs2-csdiil-encea1-2026-04-07, CSDIILIT,ENCE Academy,ENCE Academy,2:1 打满,否（无赛前价存档）
CS2,CCT Europe Contenders #4 Playoffs,2026-04-07,cs2-bandac-ytigeres-2026-04-07,banda chuya,Young TigeRES,Young TigeRES,2:1 打满,否（无赛前价存档）
CS2,CCT Europe Contenders #4 Playoffs,2026-04-07,cs2-zotix-wrotbe-2026-04-07,WROTBERRY,ZOTIX,ZOTIX,2:1 打满,否（无赛前价存档）
CS2,Exort Series Contenders Stage,2026-04-07,cs2-cls1-efa-2026-04-07,Eternal Fire Academy,Eternal Fire Academy,Eternal Fire Academy,2:0 横扫,否（无赛前价存档）
CS2,United21 Group C,2026-04-08,cs2-brute-inf1-2026-04-08,INFURITY Gaming,Brute,Brute,2:1 打满,否（无赛前价存档）
CS2,United21 Group D,2026-04-08,cs2-inf6-aab-2026-04-08,AaB Esport,Infinite,Infinite,2:1 打满,否（无赛前价存档）
CS2,ESL Challenger League Oceania Cup #3 Playoffs,2026-04-08,cs2-abyssa-rstr-2026-04-08,Rooster,Rooster,Rooster,2:0 横扫,否（无赛前价存档）
CS2,NODWIN Clutch Series Play-In Group A,2026-04-08,cs2-run2-brute-2026-04-08,Rune Eaters,Rune Eaters,Rune Eaters,2:0 横扫,否（无赛前价存档）
CS2,NODWIN Clutch Series Play-In Group B,2026-04-08,cs2-msc-pg-2026-04-08,Persona Grata,Persona Grata,Persona Grata,2:0 横扫,否（无赛前价存档）
CS2,ESL Challenger League South America Cup #3 Playoffs,2026-04-08,cs2-shin-uno-2026-04-08,ShindeN,ShindeN,ShindeN,2:0 横扫,否（无赛前价存档）
CS2,BetBoom Storm Playoffs,2026-04-09,cs2-mibra-fdb-2026-04-09,Fake do Biru,Fake do Biru,Fake do Biru,2:0 横扫,否（无赛前价存档）
CS2,LORGAR RANKINGS Closed Qualifier Play-In,2026-04-08,cs2-kol-m1x-2026-04-08,KOLESIE,KOLESIE,KOLESIE,2:0 横扫,否（无赛前价存档）
CS2,CCT North America Series #4 Group A,2026-04-08,cs2-farmvi-regain-2026-04-08,FarmVille,regain,regain,2:1 打满,否（无赛前价存档）
CS2,LORGAR RANKINGS Closed Qualifier Play-In,2026-04-09,cs2-hs2-bnd-2026-04-09,HyperSpirit,bond1e,HyperSpirit,2:1 打满,否（无赛前价存档）
CS2,LORGAR RANKINGS Closed Qualifier Play-In,2026-04-09,cs2-unity-ast-2026-04-09,ASTRAL,ASTRAL,ASTRAL,2:0 横扫,否（无赛前价存档）
CS2,ESL Challenger League Oceania Cup #3 Playoffs,2026-04-09,cs2-gz1-rstr-2026-04-09,Ground Zero,Ground Zero,Ground Zero,2:0 横扫,否（无赛前价存档）
CS2,ESL Challenger League North America Cup #3 Playoffs,2026-04-08,cs2-inc-regain-2026-04-08,InControl,InControl,InControl,2:0 横扫,否（无赛前价存档）
CS2,European Pro League Series 6 Playoffs,2026-04-12,cs2-arc4-mouzn-2026-04-12,ARCRED,ARCRED,ARCRED,2:0 横扫,否（无赛前价存档）
CS2,CCT Europe Series #20 Playoffs,2026-04-09,cs2-esc1-tri9-2026-04-09,Tricked,ESC Gaming,ESC Gaming,2:1 打满,否（无赛前价存档）
CS2,PGL Bucharest Playoffs,2026-04-09,cs2-mibr-3dmax-2026-04-09,MIBR,3DMAX,3DMAX,2:1 打满,否（无赛前价存档）
CS2,PGL Bucharest Playoffs,2026-04-09,cs2-ast10-eye-2026-04-09,EYEBALLERS,Astralis,Astralis,2:1 打满,否（无赛前价存档）
CS2,PGL Bucharest Playoffs,2026-04-09,cs2-fut-b8-2026-04-09,FUT Esports,FUT Esports,FUT Esports,2:0 横扫,否（无赛前价存档）
CS2,PGL Bucharest Playoffs,2026-04-09,cs2-mglz-prv-2026-04-09,PARIVISION,TheMongolz,TheMongolz,2:1 打满,否（无赛前价存档）
CS2,United21 Playoffs,2026-04-09,cs2-innerc-brute-2026-04-09,Brute,Brute,Brute,2:0 横扫,否（无赛前价存档）
CS2,United21 Playoffs,2026-04-10,cs2-yn-ff-2026-04-10,Young Ninjas,Fire Flux Esports,Young Ninjas,2:1 打满,否（无赛前价存档）
CS2,United21 Playoffs,2026-04-09,cs2-imperi-inf6-2026-04-09,Infinite,Imperial Academy,Imperial Academy,2:1 打满,否（无赛前价存档）
CS2,United21 Playoffs,2026-04-10,cs2-mis-lph-2026-04-10,Misa Esports,Misa Esports,Misa Esports,2:0 横扫,否（无赛前价存档）
CS2,CCT Europe Series #20 Playoffs,2026-04-09,cs2-eye-nem-2026-04-09,Team Nemesis,Team Nemesis,Team Nemesis,2:0 横扫,否（无赛前价存档）
CS2,CCT North America Series #4 Group A,2026-04-09,cs2-akimbo-inc-2026-04-09,InControl,Akimbo Esports,Akimbo Esports,2:1 打满,否（无赛前价存档）
CS2,CCT North America Series #4 Group B,2026-04-09,cs2-shim-ip-2026-04-09,insane players,insane players,insane players,2:0 横扫,否（无赛前价存档）
CS2,CCT Europe Series #20 Playoffs,2026-04-09,cs2-ursa-big5-2026-04-09,BIG,BIG,BIG,2:0 横扫,否（无赛前价存档）
CS2,ESL Challenger League Europe Cup #3 Playoffs,2026-04-09,cs2-js1-eliten-2026-04-09,eLITenergy,Johnny Speeds,eLITenergy,2:1 打满,否（无赛前价存档）
CS2,BetBoom Storm Playoffs,2026-04-09,cs2-keyd-fdb-2026-04-09,Keyd,Fake do Biru,Fake do Biru,2:1 打满,否（无赛前价存档）
CS2,ESL Challenger League Asia-Pacific Cup #3 Playoffs,2026-04-09,cs2-fdg-cw-2026-04-09,Chinggis Warriors,FengDa Gaming,FengDa Gaming,2:1 打满,否（无赛前价存档）
CS2,ESL Challenger League South America Cup #3 Playoffs,2026-04-09,cs2-shin-fdb-2026-04-09,ShindeN,ShindeN,ShindeN,2:0 横扫,否（无赛前价存档）
CS2,NODWIN Clutch Series Play-In Group D,2026-04-09,cs2-lavked-meg1-2026-04-09,Lavked,Lavked,Lavked,2:0 横扫,否（无赛前价存档）
CS2,CCT Europe Contenders #4 Playoffs,2026-04-09,cs2-cyb-ytigeres-2026-04-09,CYBERSHOKE Prospects,CYBERSHOKE Prospects,CYBERSHOKE Prospects,2:0 横扫,否（无赛前价存档）
CS2,CCT Europe Contenders #4 Playoffs,2026-04-09,cs2-enjoy-zotix-2026-04-09,ENJOY,ZOTIX,ENJOY,2:1 打满,否（无赛前价存档）
CS2,Elisa Open Suomi Playoffs,2026-04-10,cs2-csdiil-bojong-2026-04-10, CSDIILIT, CSDIILIT, CSDIILIT,2:0 横扫,否（无赛前价存档）
CS2,Elisa Open Suomi Playoffs,2026-04-10,cs2-ence-ksm-2026-04-10,ENCE,ENCE,ENCE,2:0 横扫,否（无赛前价存档）
CS2,ESL Challenger League North America Cup #3 Playoffs,2026-04-09,cs2-f5-inc-2026-04-09,F5 Esports,InControl,InControl,2:1 打满,否（无赛前价存档）
CS2,PGL Bucharest Playoffs,2026-04-10,cs2-3dmax-ast10-2026-04-10,Astralis,Astralis,Astralis,2:0 横扫,否（无赛前价存档）
CS2,Dust2.us Eagle Masters Group Stage,2026-04-09,cs2-ta-boss-2026-04-09,Team Aether,BOSS,BOSS,2:1 打满,否（无赛前价存档）
CS2,Dust2.us Eagle Masters Group Stage,2026-04-09,cs2-zomb-farmvi-2026-04-09,FarmVille,FarmVille,FarmVille,2:0 横扫,否（无赛前价存档）
CS2,European Pro League Series 6 Playoffs,2026-04-12,cs2-lavked-bbp-2026-04-12,Lavked,Lavked,Lavked,2:0 横扫,否（无赛前价存档）
CS2,LORGAR RANKINGS Closed Qualifier Play-In,2026-04-10,cs2-innerc-bnd-2026-04-10,bond1e,Inner Circle Academy,Inner Circle Academy,2:1 打满,否（无赛前价存档）
CS2,BLAST Rivals Group A,2026-04-29,cs2-vit-fut-2026-04-29,Vitality,FUT Esports,Vitality,2:1 打满,否（无赛前价存档）
CS2,BLAST Rivals Group B,2026-04-29,cs2-navi-faze-2026-04-29,Natus Vincere,Natus Vincere,Natus Vincere,2:0 横扫,否（无赛前价存档）
CS2,BLAST Rivals Group B,2026-04-29,cs2-furia-gl1-2026-04-29,FURIA,GamerLegion,GamerLegion,2:1 打满,否（无赛前价存档）
CS2,BLAST Rivals Group A,2026-04-29,cs2-ast10-g2-2026-04-29,G2,G2,G2,2:0 横扫,否（无赛前价存档）
CS2,PGL Bucharest Playoffs,2026-04-10,cs2-fut-mglz-2026-04-10,FUT Esports,FUT Esports,FUT Esports,2:0 横扫,否（无赛前价存档）
CS2,NODWIN Clutch Series Play-In Group D,2026-04-10,cs2-ast-lavked-2026-04-10,Lavked,Lavked,Lavked,2:0 横扫,否（无赛前价存档）
CS2,NODWIN Clutch Series Play-In Group C,2026-04-10,cs2-fcf-unity-2026-04-10,UNiTY esports,UNiTY esports,UNiTY esports,2:0 横扫,否（无赛前价存档）
CS2,NODWIN Clutch Series Play-In Group C,2026-04-10,cs2-mana-hashir-2026-04-10,Hashiras,MANA eSports,MANA eSports,2:1 打满,否（无赛前价存档）
CS2,LORGAR RANKINGS Closed Qualifier Play-In,2026-04-10,cs2-kol-unity-2026-04-10,UNiTY esports,KOLESIE,KOLESIE,2:1 打满,否（无赛前价存档）
CS2,CCT Europe Series #20 Playoffs,2026-04-10,cs2-nem-esc1-2026-04-10,Team Nemesis,Team Nemesis,Team Nemesis,2:0 横扫,否（无赛前价存档）
CS2,Dust2.us Eagle Masters Group Stage,2026-04-10,cs2-emp2-cw4-2026-04-10,Clockwork,EMPIRE,EMPIRE,2:1 打满,否（无赛前价存档）
CS2,United21 Playoffs,2026-04-12,cs2-imperi-brute-2026-04-12,Brute,Brute,Brute,2:0 横扫,否（无赛前价存档）
CS2,CCT North America Series #4 Group A,2026-04-10,cs2-farmvi-akimbo-2026-04-10,FarmVille,Akimbo Esports,Akimbo Esports,2:1 打满,否（无赛前价存档）
CS2,Exort Series Contenders Stage,2026-04-10,cs2-3dmaxa-hec-2026-04-10,Hermine Esports Club,Hermine Esports Club,Hermine Esports Club,2:0 横扫,否（无赛前价存档）
CS2,Exort Series Contenders Stage,2026-04-10,cs2-nic1-inf1-2026-04-10,INFURITY Gaming,INFURITY Gaming,INFURITY Gaming,2:0 横扫,否（无赛前价存档）
CS2,Exort Series Contenders Stage,2026-04-11,cs2-np1-wave-2026-04-11,Wave Esports,Wave Esports,Wave Esports,2:0 横扫,否（无赛前价存档）
CS2,Exort Series Contenders Stage,2026-04-11,cs2-ep-wing-2026-04-11,eternal premium,Wingman,eternal premium,2:1 打满,否（无赛前价存档）
CS2,Exort Series Contenders Stage,2026-04-11,cs2-efa-csgopo-2026-04-11,CSGOPOSITIVE,Eternal Fire Academy,CSGOPOSITIVE,2:1 打满,否（无赛前价存档）
CS2,Exort Series Contenders Stage,2026-04-10,cs2-plt-z7-2026-04-10,PLATOON,Z7 Esports,Z7 Esports,2:1 打满,否（无赛前价存档）
CS2,CCT Europe Contenders #4 Playoffs,2026-04-10,cs2-ytigeres-vex1-2026-04-10,Young TigeRES,Vexar,Vexar,2:1 打满,否（无赛前价存档）
CS2,CCT Europe Contenders #4 Playoffs,2026-04-11,cs2-enjoy-cyb-2026-04-11,ENJOY,ENJOY,ENJOY,2:0 横扫,否（无赛前价存档）
CS2,CCT South America Challengers #1 Playoffs,2026-04-11,cs2-bsta-vexa-2026-04-11,Vexa,BESTIA Academy,BESTIA Academy,2:1 打满,否（无赛前价存档）
CS2,CCT South America Challengers #1 Playoffs,2026-04-12,cs2-vsc-alkaa-2026-04-12,Vasco Esports,ALKA,Vasco Esports,2:1 打满,否（无赛前价存档）
CS2,CCT South America Challengers #1 Playoffs,2026-04-12,cs2-r2-mw-2026-04-12,METANOIA WOLVES,METANOIA WOLVES,METANOIA WOLVES,2:0 横扫,否（无赛前价存档）
CS2,Dust2.us Eagle Masters Group Stage,2026-04-10,cs2-akimbo-chican-2026-04-10,Akimbo Esports,Akimbo Esports,Akimbo Esports,2:0 横扫,否（无赛前价存档）
CS2,Dust2.us Eagle Masters Group Stage,2026-04-10,cs2-lag-mou-2026-04-10,mouse,LAG Gaming,mouse,2:1 打满,否（无赛前价存档）
CS2,United21 Playoffs,2026-04-11,cs2-ff-lph-2026-04-11,Fire Flux Esports,Fire Flux Esports,Fire Flux Esports,2:0 横扫,否（无赛前价存档）
CS2,United21 Playoffs,2026-04-12,cs2-yn-mis-2026-04-12,Young Ninjas,Young Ninjas,Young Ninjas,2:0 横扫,否（无赛前价存档）
CS2,CCT Europe Series #20 Playoffs,2026-04-10,cs2-big5-nem-2026-04-10,Team Nemesis,Team Nemesis,Team Nemesis,2:0 横扫,否（无赛前价存档）
CS2,European Pro League Series 6 Playoffs,2026-04-13,cs2-pha-heroa-2026-04-13,Phantom,Phantom,Phantom,2:0 横扫,否（无赛前价存档）
CS2,Dfrag Open Series #4 Group A,2026-04-10,cs2-arc-mglbro-2026-04-10,Arcade Esports,Arcade Esports,Arcade Esports,2:0 横扫,否（无赛前价存档）
CS2,Dfrag Open Series #4 Group A,2026-04-10,cs2-abyssa-dxa-2026-04-10,Abyssal,DXA Esports,Abyssal,2:1 打满,否（无赛前价存档）
CS2,PGL Bucharest Playoffs,2026-04-11,cs2-3dmax-mglz-2026-04-11,TheMongolz,TheMongolz,TheMongolz,2:0 横扫,否（无赛前价存档）
CS2,NODWIN Clutch Series Play-In Group C,2026-04-11,cs2-unity-hashir-2026-04-11,Hashiras,Hashiras,Hashiras,2:0 横扫,否（无赛前价存档）
CS2,Parken Challenger Championship Playoffs,2026-04-11,cs2-sashia-eclips-2026-04-11,Team Eclipse,Sashi Academy,Sashi Academy,2:1 打满,否（无赛前价存档）
CS2,Parken Challenger Championship Playoffs,2026-04-11,cs2-ent2-lgod-2026-04-11,Entropy,Entropy,Entropy,2:0 横扫,否（无赛前价存档）
CS2,Parken Challenger Championship Playoffs,2026-04-11,cs2-saw2-waz-2026-04-11,SAW,WAZABI,WAZABI,2:1 打满,否（无赛前价存档）
CS2,NODWIN Clutch Series Play-In Group D,2026-04-11,cs2-ast-ursa-2026-04-11,Ursa,Ursa,Ursa,2:0 横扫,否（无赛前价存档）
CS2,Elisa Open Suomi Playoffs,2026-04-11,cs2-ksm-bojong-2026-04-11,KUUSAMO.gg,KUUSAMO.gg,KUUSAMO.gg,2:0 横扫,否（无赛前价存档）
CS2,Elisa Open Suomi Playoffs,2026-04-11,cs2-ence-csdiil-2026-04-11,ENCE,ENCE,ENCE,2:0 横扫,否（无赛前价存档）
CS2,Exort Series Contenders Stage,2026-04-11,cs2-vpf-ksm-2026-04-11,KUUSAMO.gg,VP.Future,KUUSAMO.gg,2:1 打满,否（无赛前价存档）
CS2,Dfrag Open Series #4 Group A,2026-04-11,cs2-arc-abyssa-2026-04-11,Abyssal,Arcade Esports,Abyssal,2:1 打满,否（无赛前价存档）
CS2,CCT Europe Contenders #4 Playoffs,2026-04-11,cs2-zotix-vex1-2026-04-11,ZOTIX,Vexar,Vexar,2:1 打满,否（无赛前价存档）
CS2,CCT North America Series #4 Playoffs,2026-04-12,cs2-zomb-regain-2026-04-12,regain,regain,regain,2:0 横扫,否（无赛前价存档）
CS2,CCT North America Series #4 Playoffs,2026-04-11,cs2-lag-ta-2026-04-11,Team Aether,Team Aether,Team Aether,2:0 横扫,否（无赛前价存档）
CS2,Dfrag Open Series #4 Group A,2026-04-11,cs2-dxa-arc-2026-04-11,Arcade Esports,DXA Esports,DXA Esports,2:1 打满,否（无赛前价存档）
CS2,Parken Challenger Championship Playoffs,2026-04-11,cs2-aab-sashia-2026-04-11,AaB Esport,Sashi Academy,AaB Esport,2:1 打满,否（无赛前价存档）
CS2,Parken Challenger Championship Playoffs,2026-04-11,cs2-ent2-waz-2026-04-11,WAZABI,Entropy,WAZABI,2:1 打满,否（无赛前价存档）
CS2,Parken Challenger Championship Playoffs,2026-04-11,cs2-sashia-saw2-2026-04-11,Sashi Academy,SAW,Sashi Academy,2:1 打满,否（无赛前价存档）
CS2,Dust2.us Eagle Masters Group Stage,2026-04-11,cs2-zomb-inc-2026-04-11,Zomblers,InControl,Zomblers,2:1 打满,否（无赛前价存档）
CS2,Dust2.us Eagle Masters Group Stage,2026-04-11,cs2-chican-mou-2026-04-11,CHICANERY,CHICANERY,CHICANERY,2:0 横扫,否（无赛前价存档）
CS2,Dust2.us Eagle Masters Group Stage,2026-04-12,cs2-ta-emp2-2026-04-12,Team Aether,EMPIRE,EMPIRE,2:1 打满,否（无赛前价存档）
CS2,Elisa Open Suomi Playoffs,2026-04-12,cs2-csdiil-ksm-2026-04-12, CSDIILIT, CSDIILIT, CSDIILIT,2:0 横扫,否（无赛前价存档）
CS2,European Pro League Series 6 Playoffs,2026-04-13,cs2-ruby1-mzp-2026-04-13,ex-RUBY,Metizport,Metizport,2:1 打满,否（无赛前价存档）
CS2,NODWIN Clutch Series Play-In,2026-04-12,cs2-mana-pg-2026-04-12,MANA eSports,MANA eSports,MANA eSports,2:0 横扫,否（无赛前价存档）
CS2,NODWIN Clutch Series Play-In,2026-04-12,cs2-bbp-hashir-2026-04-12,Bebop,Hashiras,Bebop,2:1 打满,否（无赛前价存档）
CS2,NODWIN Clutch Series Play-In,2026-04-12,cs2-lavked-run2-2026-04-12,Lavked,Rune Eaters,Lavked,2:1 打满,否（无赛前价存档）
CS2,NODWIN Clutch Series Play-In,2026-04-12,cs2-leo2-ursa-2026-04-12,Ursa,Ursa,Ursa,2:0 横扫,否（无赛前价存档）
CS2,Dfrag Open Series #4 Group B,2026-04-11,cs2-timewa-dingcu-2026-04-11,Ding Cuts,Ding Cuts,Ding Cuts,2:0 横扫,否（无赛前价存档）
CS2,Exort Series Contenders Stage,2026-04-12,cs2-ep-ksm-2026-04-12,eternal premium,eternal premium,eternal premium,2:0 横扫,否（无赛前价存档）
CS2,Exort Series Contenders Stage,2026-04-12,cs2-3dmaxa-wave-2026-04-12,Wave Esports,3DMAX Academy,Wave Esports,2:1 打满,否（无赛前价存档）
CS2,Parken Challenger Championship Playoffs,2026-04-12,cs2-aab-waz-2026-04-12,AaB Esport,AaB Esport,AaB Esport,2:0 横扫,否（无赛前价存档）
CS2,Parken Challenger Championship Playoffs,2026-04-12,cs2-ent2-sashia-2026-04-12,Sashi Academy,Entropy,Entropy,2:1 打满,否（无赛前价存档）
CS2,Elisa Open Suomi Playoffs,2026-04-12,cs2-ence-csdiil-2026-04-12,ENCE,ENCE,ENCE,2:0 横扫,否（无赛前价存档）
CS2,United21 Playoffs,2026-04-13,cs2-mis-innerc-2026-04-13,Misa Esports,Misa Esports,Misa Esports,2:0 横扫,否（无赛前价存档）
CS2,United21 Playoffs,2026-04-13,cs2-imperi-ff-2026-04-13,Imperial Academy,Fire Flux Esports,Fire Flux Esports,2:1 打满,否（无赛前价存档）
CS2,United21 Playoffs,2026-04-14,cs2-brute-yn-2026-04-14,Brute,Young Ninjas,Young Ninjas,2:1 打满,否（无赛前价存档）
CS2,CCT North America Series #4 Playoffs,2026-04-12,cs2-voc-akimbo-2026-04-12,Voca,Voca,Voca,2:0 横扫,否（无赛前价存档）
CS2,European Pro League Series 6 Playoffs,2026-04-14,cs2-arc4-lavked-2026-04-14,ARCRED,ARCRED,ARCRED,2:0 横扫,否（无赛前价存档）
CS2,Exort Series Contenders Stage,2026-04-13,cs2-vpf-z7-2026-04-13,VP.Future,VP.Future,VP.Future,2:0 横扫,否（无赛前价存档）
CS2,CCT North America Series #4 Playoffs,2026-04-13,cs2-voc-regain-2026-04-13,Voca,Voca,Voca,2:0 横扫,否（无赛前价存档）
CS2,CCT North America Series #4 Playoffs,2026-04-13,cs2-mars-ta-2026-04-13,Marsborne,Marsborne,Marsborne,2:0 横扫,否（无赛前价存档）
CS2,European Pro League Series 6 Playoffs,2026-04-14,cs2-pha-mzp-2026-04-14,Metizport,Metizport,Metizport,2:0 横扫,否（无赛前价存档）
CS2,CCT South America Challengers #1 Playoffs,2026-04-14,cs2-vsc-crash-2026-04-14,Vasco Esports,Crashers,Vasco Esports,2:1 打满,否（无赛前价存档）
CS2,CCT South America Challengers #1 Playoffs,2026-04-14,cs2-alkaa-hwga-2026-04-14,ALKA,ALKA,ALKA,2:0 横扫,否（无赛前价存档）
CS2,CCT South America Challengers #1 Playoffs,2026-04-14,cs2-pcy-mw-2026-04-14,Procyon Gaming,Procyon Gaming,Procyon Gaming,2:0 横扫,否（无赛前价存档）
CS2,CCT South America Challengers #1 Playoffs,2026-04-13,cs2-quin-mibra-2026-04-13,MIBR Academy,MIBR Academy,MIBR Academy,2:0 横扫,否（无赛前价存档）
CS2,United21 Playoffs,2026-04-14,cs2-mis-ff-2026-04-14,Fire Flux Esports,Fire Flux Esports,Fire Flux Esports,2:0 横扫,否（无赛前价存档）
CS2,CCT South America Challengers #1 Playoffs,2026-04-13,cs2-alz-r2-2026-04-13,Alzon,R2 Esports Club,R2 Esports Club,2:1 打满,否（无赛前价存档）
CS2,IEM Rio Group A,2026-04-14,cs2-vit-g2-2026-04-14,G2,Vitality,Vitality,2:1 打满,否（无赛前价存档）
CS2,IEM Rio Group A,2026-04-14,cs2-red9-m8-2026-04-14,RED Canids,Gentle Mates,RED Canids,2:1 打满,否（无赛前价存档）
CS2,NODWIN Clutch Series Group Stage,2026-04-14,cs2-mouzn-g1-2026-04-14,MOUZ NXT,GenOne,MOUZ NXT,2:1 打满,否（无赛前价存档）
CS2,NODWIN Clutch Series Group Stage,2026-04-14,cs2-ntr-lavked-2026-04-14,Nuclear TigeRES,Nuclear TigeRES,Nuclear TigeRES,2:0 横扫,否（无赛前价存档）
CS2,NODWIN Clutch Series Group Stage,2026-04-14,cs2-ruby1-pha-2026-04-14,ex-RUBY,Phantom,ex-RUBY,2:1 打满,否（无赛前价存档）
CS2,IEM Rio Group A,2026-04-14,cs2-ts7-fal2-2026-04-14,Team Falcons,Team Falcons,Team Falcons,2:0 横扫,否（无赛前价存档）
CS2,IEM Rio Group A,2026-04-14,cs2-tl1-3dmax-2026-04-14,3DMAX,3DMAX,3DMAX,2:0 横扫,否（无赛前价存档）
CS2,NODWIN Clutch Series Group Stage,2026-04-14,cs2-1win-bbp-2026-04-14,1WIN,1WIN,1WIN,2:0 横扫,否（无赛前价存档）
CS2,IEM Rio Group B,2026-04-14,cs2-navi-furia-2026-04-14,Natus Vincere,FURIA,FURIA,2:1 打满,否（无赛前价存档）
CS2,IEM Rio Group B,2026-04-14,cs2-b8-pssnua-2026-04-14,B8,B8,B8,2:0 横扫,否（无赛前价存档）
CS2,Dust2.us Eagle Masters Playoffs,2026-04-13,cs2-farmvi-zomb-2026-04-13,FarmVille,Zomblers,Zomblers,2:1 打满,否（无赛前价存档）
CS2,IEM Rio Group B,2026-04-14,cs2-lgc-hotu-2026-04-14,HOTU,HOTU,HOTU,2:0 横扫,否（无赛前价存档）
CS2,IEM Rio Group B,2026-04-14,cs2-mouz-aur1-2026-04-14,MOUZ,MOUZ,MOUZ,2:0 横扫,否（无赛前价存档）
CS2,NODWIN Clutch Series Group Stage,2026-04-15,cs2-ace1-ursa-2026-04-15,Ursa,Ursa,Ursa,2:0 横扫,否（无赛前价存档）
CS2,NODWIN Clutch Series Group Stage,2026-04-15,cs2-fav-esc1-2026-04-15,ESC Gaming,Favbet,ESC Gaming,2:1 打满,否（无赛前价存档）
CS2,NODWIN Clutch Series Group Stage,2026-04-15,cs2-cs1-oxuji-2026-04-15,Oxuji Esports,Oxuji Esports,Oxuji Esports,2:0 横扫,否（无赛前价存档）
CS2,NODWIN Clutch Series Group Stage,2026-04-15,cs2-tdk-mana-2026-04-15,TDK,TDK,TDK,2:0 横扫,否（无赛前价存档）
CS2,Dust2.us Eagle Masters Playoffs,2026-04-15,cs2-regain-emp2-2026-04-15,regain,regain,regain,2:0 横扫,否（无赛前价存档）
CS2,Exort Series Contenders Stage,2026-04-14,cs2-vpf-efa-2026-04-14,Eternal Fire Academy,VP.Future,Eternal Fire Academy,2:1 打满,否（无赛前价存档）
CS2,Exort Series Contenders Stage,2026-04-14,cs2-3dmaxa-wing-2026-04-14,Wingman,Wingman,Wingman,2:0 横扫,否（无赛前价存档）
CS2,CCT North America Series #4 Playoffs,2026-04-14,cs2-voc-mars-2026-04-14,Marsborne,Voca,Marsborne,2:1 打满,否（无赛前价存档）
CS2,European Pro League Series 6 Playoffs,2026-04-15,cs2-lavked-pha-2026-04-15,Lavked,Lavked,Lavked,2:0 横扫,否（无赛前价存档）
CS2,Dust2.us Eagle Masters Playoffs,2026-04-14,cs2-ip-ta-2026-04-14,insane players,Team Aether,insane players,2:1 打满,否（无赛前价存档）
CS2,United21 Playoffs,2026-04-15,cs2-brute-ff-2026-04-15,Fire Flux Esports,Brute,Fire Flux Esports,2:1 打满,否（无赛前价存档）
CS2,IEM Rio Group A,2026-04-15,cs2-vit-fal2-2026-04-15,Team Falcons,Vitality,Team Falcons,2:1 打满,否（无赛前价存档）
CS2,IEM Rio Group A,2026-04-15,cs2-g2-3dmax-2026-04-15,G2,G2,G2,2:0 横扫,否（无赛前价存档）
CS2,IEM Rio Group A,2026-04-15,cs2-red9-ts7-2026-04-15,RED Canids,Spirit,Spirit,2:1 打满,否（无赛前价存档）
CS2,BLAST Rivals Playoffs,2026-05-01,cs2-g2-faze-2026-05-01,FaZe,G2,FaZe,2:1 打满,否（无赛前价存档）
CS2,BLAST Rivals Playoffs,2026-05-01,cs2-ast10-gl1-2026-05-01,GamerLegion,GamerLegion,GamerLegion,2:0 横扫,否（无赛前价存档）
CS2,ESL Challenger League South America Cup #4 Playoffs,2026-05-01,cs2-shin-bhe-2026-05-01,ShindeN,Bounty Hunters Esports,Bounty Hunters Esports,2:1 打满,否（无赛前价存档）
CS2,Exort Series Contenders Stage,2026-05-01,cs2-inf1-mjx-2026-05-01,INFURITY Gaming,INFURITY Gaming,INFURITY Gaming,2:0 横扫,否（无赛前价存档）
CS2,Exort Series Contenders Stage,2026-05-01,cs2-forzer-yl-2026-05-01,Younglings,FORZE Reload,FORZE Reload,2:1 打满,否（无赛前价存档）
CS2,NODWIN Clutch Series Play-In Group A,2026-05-01,cs2-heroa-bbp-2026-05-01,Bebop,HEROIC Academy,Bebop,2:1 打满,否（无赛前价存档）
CS2,NODWIN Clutch Series Play-In Group B,2026-05-01,cs2-tnc-unity-2026-05-01,UNiTY esports,TNC,TNC,2:1 打满,否（无赛前价存档）
CS2,NODWIN Clutch Series Play-In Group A,2026-05-01,cs2-wal2-oxuji-2026-05-01,Walczaki,Walczaki,Walczaki,2:0 横扫,否（无赛前价存档）
CS2,Thunderpick World Championship North American Playoffs,2026-05-02,cs2-zomb-inc-2026-05-02,Zomblers,Zomblers,Zomblers,2:0 横扫,否（无赛前价存档）
CS2,ESL Challenger League Asia-Pacific Cup #4 Playoffs,2026-05-01,cs2-tyloo-the9-2026-05-01,TYLOO,TYLOO,TYLOO,2:0 横扫,否（无赛前价存档）
CS2,Gamers Club Liga Série A Group C,2026-05-01,cs2-mibra-vexa-2026-05-01,Vexa,MIBR Academy,MIBR Academy,2:1 打满,否（无赛前价存档）
CS2,Elisa Open Suomi Regular Season,2026-05-03,cs2-sinqu-kajo-2026-05-03,SINQU,SINQU,SINQU,2:0 横扫,否（无赛前价存档）
CS2,Elisa Open Suomi Regular Season,2026-05-03,cs2-ence-tmvg-2026-05-03,ENCE,ENCE,ENCE,2:0 横扫,否（无赛前价存档）
CS2,Elisa Open Suomi Regular Season,2026-05-03,cs2-kajo-bojong-2026-05-03,BOJONG,BOJONG,BOJONG,2:0 横扫,否（无赛前价存档）
CS2,ESL Challenger League North America Cup #4 Playoffs,2026-05-01,cs2-zomb-regain-2026-05-01,Zomblers,Zomblers,Zomblers,2:0 横扫,否（无赛前价存档）
CS2,ESL Challenger League Oceania Cup #4 Playoffs,2026-05-02,cs2-gz1-abyssa-2026-05-02,Abyssal,Ground Zero,Ground Zero,2:1 打满,否（无赛前价存档）
CS2,BLAST Rivals Playoffs,2026-05-02,cs2-navi-faze-2026-05-02,Natus Vincere,Natus Vincere,Natus Vincere,2:0 横扫,否（无赛前价存档）
CS2,ESL Challenger League Europe Cup #4 Playoffs,2026-05-02,cs2-sparta-fnc-2026-05-02,SPARTA,fnatic,SPARTA,2:1 打满,否（无赛前价存档）
CS2,CCT Europe Challengers Series Playoffs,2026-05-02,cs2-ec1-m1x-2026-05-02,m1x,m1x,m1x,2:0 横扫,否（无赛前价存档）
CS2,CCT Europe Challengers Series Playoffs,2026-05-02,cs2-inox-auryb-2026-05-02,INOX Division,INOX Division,INOX Division,2:0 横扫,否（无赛前价存档）
CS2,BLAST Rivals Playoffs,2026-05-02,cs2-vit-gl1-2026-05-02,Vitality,Vitality,Vitality,2:0 横扫,否（无赛前价存档）
CS2,BC Game Masters Europe Series #1 Group Stage,2026-05-02,cs2-g1-inox-2026-05-02,GenOne,INOX Division,INOX Division,2:1 打满,否（无赛前价存档）
CS2,BC Game Masters Europe Series #1 Group Stage,2026-05-02,cs2-wal2-aab-2026-05-02,Walczaki,Walczaki,Walczaki,2:0 横扫,否（无赛前价存档）
CS2,BC Game Masters Europe Series #1 Group Stage,2026-05-02,cs2-cs1-lavked-2026-05-02,Lavked,Lavked,Lavked,2:0 横扫,否（无赛前价存档）
CS2,BC Game Masters Europe Series #1 Group Stage,2026-05-02,cs2-ast-zerote-2026-05-02,ex-Zero Tenacity,ASTRAL,ex-Zero Tenacity,2:1 打满,否（无赛前价存档）
CS2,Exort Series Contenders Stage,2026-05-02,cs2-pitsto-hec-2026-05-02,Pitstop crew,Hermine Esports Club,Hermine Esports Club,2:1 打满,否（无赛前价存档）
CS2,Exort Series Contenders Stage,2026-05-02,cs2-np1-vpf-2026-05-02,VP.Future,NeverPlay,NeverPlay,2:1 打满,否（无赛前价存档）
CS2,Exort Series Contenders Stage,2026-05-02,cs2-haven-p2n-2026-05-02,HAVENs,P2N,HAVENs,2:1 打满,否（无赛前价存档）
CS2,CCT Europe Closed Qualifier: Series #1 Play-In,2026-05-02,cs2-lilmix-fcf-2026-05-02,Lilmix,FC Famalicão Esports,FC Famalicão Esports,2:1 打满,否（无赛前价存档）
CS2,CCT Europe Closed Qualifier: Series #1 Play-In,2026-05-02,cs2-ast-bbp-2026-05-02,Bebop,Bebop,Bebop,2:0 横扫,否（无赛前价存档）
CS2,CCT Europe Closed Qualifier: Series #1 Play-In,2026-05-02,cs2-inox-mana-2026-05-02,MANA eSports,INOX Division,INOX Division,2:1 打满,否（无赛前价存档）
CS2,CCT Europe Challengers Series Playoffs,2026-05-03,cs2-brute-benche-2026-05-03,Brute,Brute,Brute,2:0 横扫,否（无赛前价存档）
CS2,ESL Challenger League South America Cup #4 Playoffs,2026-05-02,cs2-gls1-bhe-2026-05-02,Bounty Hunters Esports,Bounty Hunters Esports,Bounty Hunters Esports,2:0 横扫,否（无赛前价存档）
CS2,Esplay Elite Gaming Playoffs,2026-05-02,cs2-js1-matrix-2026-05-02,Johnny Speeds,Johnny Speeds,Johnny Speeds,2:0 横扫,否（无赛前价存档）
CS2,Esplay Elite Gaming Playoffs,2026-05-02,cs2-rgg-lilmix-2026-05-02,Lilmix,Lilmix,Lilmix,2:0 横扫,否（无赛前价存档）
CS2,CCT South America Series #1 Group Stage,2026-05-02,cs2-bsta-alz-2026-05-02,Alzon,BESTIA Academy,BESTIA Academy,2:1 打满,否（无赛前价存档）
CS2,ESL Challenger League North America Cup #4 Playoffs,2026-05-02,cs2-voc-zomb-2026-05-02,Voca,Voca,Voca,2:0 横扫,否（无赛前价存档）
CS2,ESL Challenger League Asia-Pacific Cup #4 Playoffs,2026-05-02,cs2-tyloo-cw-2026-05-02,Chinggis Warriors,TYLOO,TYLOO,2:1 打满,否（无赛前价存档）
CS2,CCT Europe Challengers Series Playoffs,2026-05-03,cs2-drip-newvis-2026-05-03,NEW VISION,NEW VISION,NEW VISION,2:0 横扫,否（无赛前价存档）
CS2,IEM Atlanta Group A,2026-05-11,cs2-vit-bcg-2026-05-11,Vitality,Vitality,Vitality,2:0 横扫,否（无赛前价存档）
CS2,IEM Atlanta Group B,2026-05-11,cs2-lgc-m80-2026-05-11,Legacy,Legacy,Legacy,2:0 横扫,否（无赛前价存档）
CS2,IEM Atlanta Group B,2026-05-11,cs2-tl1-ast10-2026-05-11,Astralis,Astralis,Astralis,2:0 横扫,否（无赛前价存档）
CS2,IEM Atlanta Group A,2026-05-11,cs2-b8-bb3-2026-05-11,B8,BetBoom Team,BetBoom Team,2:1 打满,否（无赛前价存档）
CS2,IEM Atlanta Group A,2026-05-11,cs2-nrg-fut-2026-05-11,FUT Esports,FUT Esports,FUT Esports,2:0 横扫,否（无赛前价存档）
CS2,IEM Atlanta Group A,2026-05-11,cs2-pain-faze-2026-05-11,paiN,paiN,paiN,2:0 横扫,否（无赛前价存档）
CS2,IEM Atlanta Group B,2026-05-11,cs2-navi-pssnua-2026-05-11,Natus Vincere,Natus Vincere,Natus Vincere,2:0 横扫,否（无赛前价存档）
CS2,IEM Atlanta Group B,2026-05-11,cs2-sin2-gl1-2026-05-11,Sinners,GamerLegion,GamerLegion,2:1 打满,否（无赛前价存档）
CS2,Esplay Elite Gaming Playoffs,2026-05-02,cs2-g2a-js1-2026-05-02,Johnny Speeds,Johnny Speeds,Johnny Speeds,2:0 横扫,否（无赛前价存档）
CS2,Esplay Elite Gaming Playoffs,2026-05-02,cs2-inf6-lilmix-2026-05-02,Lilmix,Infinite,Infinite,2:1 打满,否（无赛前价存档）
CS2,CCT South America Series #1 Group Stage,2026-05-03,cs2-vsc-pls-2026-05-03,Players,Vasco Esports,Vasco Esports,2:1 打满,否（无赛前价存档）
CS2,CCT South America Series #1 Group Stage,2026-05-03,cs2-keyd-paina-2026-05-03,Keyd,Keyd,Keyd,2:0 横扫,否（无赛前价存档）
CS2,BC Game Masters Europe Series #1 Group Stage,2026-05-03,cs2-hs2-aaa-2026-05-03,against All authority,against All authority,against All authority,2:0 横扫,否（无赛前价存档）
CS2,BC Game Masters Europe Series #1 Group Stage,2026-05-03,cs2-am-tlr-2026-05-03,AM Gaming,AM Gaming,AM Gaming,2:0 横扫,否（无赛前价存档）
CS2,BC Game Masters Europe Series #1 Group Stage,2026-05-03,cs2-sparta-heroa-2026-05-03,SPARTA,SPARTA,SPARTA,2:0 横扫,否（无赛前价存档）
CS2,European Pro League Regular Playoffs,2026-05-03,cs2-imperi-aab-2026-05-03,AaB Esport,Imperial Academy,Imperial Academy,2:1 打满,否（无赛前价存档）
CS2,Esplay Elite Gaming Playoffs,2026-05-02,cs2-js1-inf6-2026-05-02,Infinite,Johnny Speeds,Infinite,2:1 打满,否（无赛前价存档）
CS2,Esplay Elite Gaming Playoffs,2026-05-02,cs2-g2a-lilmix-2026-05-02,G2 Ares,G2 Ares,G2 Ares,2:0 横扫,否（无赛前价存档）
CS2,ESL Challenger League Oceania Cup #4 Playoffs,2026-05-03,cs2-thunde-gz1-2026-05-03,THUNDER dOWNUNDER,THUNDER dOWNUNDER,THUNDER dOWNUNDER,2:0 横扫,否（无赛前价存档）
CS2,United21 Playoffs,2026-05-03,cs2-inf1-lph-2026-05-03,INFURITY Gaming,LPH Gaming,INFURITY Gaming,2:1 打满,否（无赛前价存档）
CS2,United21 Playoffs,2026-05-04,cs2-algo1-ff-2026-05-04,ALGO Esports,Fire Flux Esports,ALGO Esports,2:1 打满,否（无赛前价存档）
CS2,United21 Playoffs,2026-05-03,cs2-biga-rt1-2026-05-03,ReThink,BIG Academy,BIG Academy,2:1 打满,否（无赛前价存档）
CS2,Stake Ranked Episode 2: Closed Qualifier Playoffs,2026-05-03,cs2-m8-mgc-2026-05-03,magic,magic,magic,2:0 横扫,否（无赛前价存档）
CS2,Stake Ranked Episode 2: Closed Qualifier Playoffs,2026-05-03,cs2-shk-100t-2026-05-03,Sharks,Sharks,Sharks,2:0 横扫,否（无赛前价存档）
CS2,BC Game Masters Europe Series #1 Group Stage,2026-05-03,cs2-tnc-meg1-2026-05-03,megoshort,megoshort,megoshort,2:0 横扫,否（无赛前价存档）
CS2,CCT Europe Series 1 Group Stage,2026-05-03,cs2-tdk-inox-2026-05-03,INOX Division,TDK,INOX Division,2:1 打满,否（无赛前价存档）
CS2,CCT Europe Series 1 Group Stage,2026-05-03,cs2-omega1-lavked-2026-05-03,Omega,Lavked,Lavked,2:1 打满,否（无赛前价存档）
CS2,ESL Challenger League Europe Cup #4 Playoffs,2026-05-03,cs2-nem-sparta-2026-05-03,Team Nemesis,Team Nemesis,Team Nemesis,2:0 横扫,否（无赛前价存档）
CS2,CCT Europe Series 1 Group Stage,2026-05-03,cs2-ruby1-havu-2026-05-03,ex-RUBY,ex-RUBY,ex-RUBY,2:0 横扫,否（无赛前价存档）
CS2,ESL Challenger League South America Cup #4 Playoffs,2026-05-03,cs2-imp11-bhe-2026-05-03,Bounty Hunters Esports,Imperial,Imperial,2:1 打满,否（无赛前价存档）
CS2,ESL Challenger League North America Cup #4 Playoffs,2026-05-03,cs2-voc-wc1-2026-05-03,Voca,Voca,Voca,2:0 横扫,否（无赛前价存档）
CS2,Exort Series Contenders Stage,2026-05-03,cs2-oldboy-np1-2026-05-03,Oldboys,Oldboys,Oldboys,2:0 横扫,否（无赛前价存档）
CS2,Exort Series Contenders Stage,2026-05-03,cs2-mjx-yl-2026-05-03,MAJIX ESPORTS,Younglings,Younglings,2:1 打满,否（无赛前价存档）
CS2,Odyssey Cup Brazil Group Stage,2026-05-03,cs2-uno-keyd-2026-05-03,UNO MILLE,UNO MILLE,UNO MILLE,2:0 横扫,否（无赛前价存档）
CS2,Odyssey Cup Brazil Group Stage,2026-05-03,cs2-bhe-mw-2026-05-03,Bounty Hunters Esports,Bounty Hunters Esports,Bounty Hunters Esports,2:0 横扫,否（无赛前价存档）
CS2,Odyssey Cup Brazil Group Stage,2026-05-03,cs2-fxw7-fdb-2026-05-03,Fake do Biru,Fake do Biru,Fake do Biru,2:0 横扫,否（无赛前价存档）
CS2,Gamers Club Liga Série A Group A,2026-05-03,cs2-reda-quin-2026-05-03,RED Canids Academy,QUINTESSÊNCIA,QUINTESSÊNCIA,2:1 打满,否（无赛前价存档）
CS2,CCT Europe Series 1 Group Stage,2026-05-04,cs2-mouzn-ursa-2026-05-04,MOUZ NXT,Ursa,Ursa,2:1 打满,否（无赛前价存档）
CS2,CCT Europe Series 1 Group Stage,2026-05-04,cs2-wal2-fcf-2026-05-04,Walczaki,Walczaki,Walczaki,2:0 横扫,否（无赛前价存档）
CS2,Dust2.dk Ligaen Group Stage,2026-05-04,cs2-xi-for10-2026-05-04,XI Esport,XI Esport,XI Esport,2:0 横扫,否（无赛前价存档）
CS2,Dust2.dk Ligaen Group Stage,2026-05-04,cs2-msc-str4-2026-05-04,struggletony,MASONIC,struggletony,2:1 打满,否（无赛前价存档）
CS2,Dust2.dk Ligaen Group Stage,2026-05-04,cs2-masq-washed-2026-05-04,Washed,Washed,Washed,2:0 横扫,否（无赛前价存档）
CS2,Dust2.dk Ligaen Group Stage,2026-05-04,cs2-sashia-aabb-2026-05-04,Sashi Academy,Sashi Academy,Sashi Academy,2:0 横扫,否（无赛前价存档）
CS2,European Pro League Regular Playoffs,2026-05-04,cs2-biga-imperi-2026-05-04,Imperial Academy,Imperial Academy,Imperial Academy,2:0 横扫,否（无赛前价存档）
CS2,United21 Playoffs,2026-05-04,cs2-inf1-biga-2026-05-04,BIG Academy,INFURITY Gaming,BIG Academy,2:1 打满,否（无赛前价存档）
CS2,NODWIN Clutch Series Play-In Group C,2026-05-04,cs2-g1-aaa-2026-05-04,GenOne,GenOne,GenOne,2:0 横扫,否（无赛前价存档）
CS2,NODWIN Clutch Series Play-In Group C,2026-05-04,cs2-lavked-pha-2026-05-04,Lavked,Phantom,Lavked,2:1 打满,否（无赛前价存档）
CS2,Exort Series Contenders Stage,2026-05-04,cs2-cad-p2n-2026-05-04,Ctrl Alt Defeat,P2N,Ctrl Alt Defeat,2:1 打满,否（无赛前价存档）
CS2,Elisa Open Suomi Regular Season,2026-05-04,cs2-cirahv-sinqu-2026-05-04,cirahvi,cirahvi,cirahvi,2:0 横扫,否（无赛前价存档）
CS2,Elisa Open Suomi Regular Season,2026-05-04,cs2-ksm-boyban-2026-05-04,BoyBand,BoyBand,BoyBand,2:0 横扫,否（无赛前价存档）
CS2,Thunderpick World Championship North American Playoffs,2026-05-03,cs2-m80-wc1-2026-05-03,M80,M80,M80,2:0 横扫,否（无赛前价存档）
CS2,Gamers Club Liga Série A Playoffs,2026-05-04,cs2-ldp-paina-2026-05-04,largadosypelados,largadosypelados,largadosypelados,2:0 横扫,否（无赛前价存档）
CS2,NODWIN Clutch Series Play-In Group D,2026-05-04,cs2-ursa-hs2-2026-05-04,Ursa,Ursa,Ursa,2:0 横扫,否（无赛前价存档）
CS2,NODWIN Clutch Series Play-In Group D,2026-05-04,cs2-rbls-havu-2026-05-04,Rebels Gaming,Rebels Gaming,Rebels Gaming,2:0 横扫,否（无赛前价存档）
CS2,BC Game Masters Europe Series #1 Group Stage,2026-05-04,cs2-aab-aaa-2026-05-04,AaB Esport,AaB Esport,AaB Esport,2:0 横扫,否（无赛前价存档）
CS2,BC Game Masters Europe Series #1 Group Stage,2026-05-04,cs2-cs1-meg1-2026-05-04,CYBERSHOKE Esports,CYBERSHOKE Esports,CYBERSHOKE Esports,2:0 横扫,否（无赛前价存档）
CS2,BC Game Masters Europe Series #1 Group Stage,2026-05-04,cs2-heroa-tlr-2026-05-04,The Last Resort,The Last Resort,The Last Resort,2:0 横扫,否（无赛前价存档）
CS2,CCT South America Series #1 Group Stage,2026-05-04,cs2-crash-alz-2026-05-04,Alzon,Alzon,Alzon,2:0 横扫,否（无赛前价存档）
CS2,CCT South America Series #1 Group Stage,2026-05-04,cs2-pls-furiaf-2026-05-04,Players,Players,Players,2:0 横扫,否（无赛前价存档）
CS2,CCT South America Series #1 Group Stage,2026-05-05,cs2-uno-isg-2026-05-05,UNO MILLE,Isurus,UNO MILLE,2:1 打满,否（无赛前价存档）
CS2,CCT South America Series #1 Group Stage,2026-05-05,cs2-paina-r2-2026-05-05,R2 Esports Club,paiN Academy,paiN Academy,2:1 打满,否（无赛前价存档）
CS2,CCT Europe Challengers Series Playoffs,2026-05-05,cs2-inox-zerote-2026-05-05,ex-Zero Tenacity,INOX Division,INOX Division,2:1 打满,否（无赛前价存档）
CS2,CCT Europe Challengers Series Playoffs,2026-05-04,cs2-atreid-brute-2026-05-04,Brute,Atreides,Brute,2:1 打满,否（无赛前价存档）
CS2,CCT Europe Challengers Series Playoffs,2026-05-04,cs2-tlr-m1x-2026-05-04,m1x,The Last Resort,The Last Resort,2:1 打满,否（无赛前价存档）
CS2,CCT Europe Challengers Series Playoffs,2026-05-05,cs2-auryb-lilmix-2026-05-05,Aurora Young Blood,Lilmix,Lilmix,2:1 打满,否（无赛前价存档）
CS2,Gamers Club Liga Série A Playoffs,2026-05-05,cs2-mw-9daplu-2026-05-05,9daplug,9daplug,9daplug,2:0 横扫,否（无赛前价存档）
CS2,CCT Europe Series 1 Group Stage,2026-05-04,cs2-tnc-unity-2026-05-04,TNC,TNC,TNC,2:0 横扫,否（无赛前价存档）
CS2,CCT South America Series #1 Group Stage,2026-05-05,cs2-bsta-vsc-2026-05-05,Vasco Esports,Vasco Esports,Vasco Esports,2:0 横扫,否（无赛前价存档）
CS2,PGL Astana Group Stage,2026-05-09,cs2-mouz-m8-2026-05-09,MOUZ,Gentle Mates,MOUZ,2:1 打满,否（无赛前价存档）
CS2,PGL Astana Group Stage,2026-05-09,cs2-aur1-hero-2026-05-09,Heroic,Heroic,Heroic,2:0 横扫,否（无赛前价存档）
CS2,PGL Astana Group Stage,2026-05-09,cs2-ts7-the9-2026-05-09,Spirit,Spirit,Spirit,2:0 横扫,否（无赛前价存档）
CS2,PGL Astana Group Stage,2026-05-09,cs2-fal2-k271-2026-05-09,Team Falcons,Team Falcons,Team Falcons,2:0 横扫,否（无赛前价存档）
CS2,PGL Astana Group Stage,2026-05-09,cs2-prv-9z-2026-05-09,9z,9z,9z,2:0 横扫,否（无赛前价存档）
CS2,PGL Astana Group Stage,2026-05-09,cs2-furia-mnte-2026-05-09,FURIA,FURIA,FURIA,2:0 横扫,否（无赛前价存档）
CS2,PGL Astana Group Stage,2026-05-09,cs2-mglz-mgc-2026-05-09,TheMongolz,TheMongolz,TheMongolz,2:0 横扫,否（无赛前价存档）
CS2,BC Game Masters Europe Series #1 Group Stage,2026-05-05,cs2-wal2-lavked-2026-05-05,Walczaki,Walczaki,Walczaki,2:0 横扫,否（无赛前价存档）
CS2,BC Game Masters Europe Series #1 Group Stage,2026-05-05,cs2-am-ast-2026-05-05,AM Gaming,AM Gaming,AM Gaming,2:0 横扫,否（无赛前价存档）
CS2,BC Game Masters Europe Series #1 Group Stage,2026-05-05,cs2-sparta-g1-2026-05-05,SPARTA,SPARTA,SPARTA,2:0 横扫,否（无赛前价存档）
CS2,United21 Playoffs,2026-05-07,cs2-ff-biga-2026-05-07,BIG Academy,Fire Flux Esports,BIG Academy,2:1 打满,否（无赛前价存档）
CS2,CCT Europe Challengers Series Playoffs,2026-05-05,cs2-home-newvis-2026-05-05,NEW VISION,home,NEW VISION,2:1 打满,否（无赛前价存档）
CS2,CCT Europe Series 1 Group Stage,2026-05-05,cs2-tdk-fcf-2026-05-05,TDK,TDK,TDK,2:0 横扫,否（无赛前价存档）
CS2,CCT Europe Series 1 Group Stage,2026-05-05,cs2-omega1-unity-2026-05-05,Omega,Omega,Omega,2:0 横扫,否（无赛前价存档）
CS2,CCT Europe Series 1 Group Stage,2026-05-05,cs2-g1-havu-2026-05-05,GenOne,GenOne,GenOne,2:0 横扫,否（无赛前价存档）
CS2,NODWIN Clutch Series Play-In Group C,2026-05-05,cs2-pha-g1-2026-05-05,Phantom,GenOne,Phantom,2:1 打满,否（无赛前价存档）
CS2,NODWIN Clutch Series Play-In Group D,2026-05-05,cs2-rbls-hs2-2026-05-05,HyperSpirit,Rebels Gaming,Rebels Gaming,2:1 打满,否（无赛前价存档）
CS2,European Pro League Regular Group A,2026-05-05,cs2-bojong-mana-2026-05-05,MANA eSports,MANA eSports,MANA eSports,2:0 横扫,否（无赛前价存档）
CS2,European Pro League Regular Group B,2026-05-06,cs2-sng-aab-2026-05-06,AaB Esport,AaB Esport,AaB Esport,2:0 横扫,否（无赛前价存档）
CS2,European Pro League Regular Group A,2026-05-05,cs2-kinoa-navij1-2026-05-05,Kinoa,Kinoa,Kinoa,2:0 横扫,否（无赛前价存档）
CS2,Elisa Open Suomi Regular Season,2026-05-05,cs2-kajo-tmvg-2026-05-05,TOOMUCHVIDEOGAMES,TOOMUCHVIDEOGAMES,TOOMUCHVIDEOGAMES,2:0 横扫,否（无赛前价存档）
CS2,Elisa Open Suomi Regular Season,2026-05-05,cs2-sinqu-boyban-2026-05-05,BoyBand,BoyBand,BoyBand,2:0 横扫,否（无赛前价存档）
CS2,Exort Series Contenders Stage,2026-05-05,cs2-np1-pitsto-2026-05-05,NeverPlay,Pitstop crew,NeverPlay,2:1 打满,否（无赛前价存档）
CS2,Exort Series Contenders Stage,2026-05-05,cs2-haven-vpf-2026-05-05,VP.Future,VP.Future,VP.Future,2:0 横扫,否（无赛前价存档）
CS2,European Pro League Regular Group B,2026-05-06,cs2-mis-sta6-2026-05-06,Misa Esports,Misa Esports,Misa Esports,2:0 横扫,否（无赛前价存档）
CS2,PGL Astana Group Stage,2026-05-09,cs2-g2-fc-2026-05-09,G2,G2,G2,2:0 横扫,否（无赛前价存档）
CS2,Gamers Club Liga Série A Playoffs,2026-05-05,cs2-alkaa-quin-2026-05-05,QUINTESSÊNCIA,ALKA,ALKA,2:1 打满,否（无赛前价存档）
CS2,Gamers Club Liga Série A Playoffs,2026-05-06,cs2-mibra-ldp-2026-05-06,largadosypelados,largadosypelados,largadosypelados,2:0 横扫,否（无赛前价存档）
CS2,Odyssey Cup Brazil Playoffs,2026-05-08,cs2-yaw-fdb-2026-05-08,Yawara Esports,Yawara Esports,Yawara Esports,2:0 横扫,否（无赛前价存档）
CS2,Odyssey Cup Brazil Playoffs,2026-05-08,cs2-ldp-tdp-2026-05-08,Turma do Pagode,Turma do Pagode,Turma do Pagode,2:0 横扫,否（无赛前价存档）
CS2,Odyssey Cup Brazil Playoffs,2026-05-09,cs2-imp11-uno-2026-05-09,Imperial,UNO MILLE,UNO MILLE,2:1 打满,否（无赛前价存档）
CS2,Odyssey Cup Brazil Playoffs,2026-05-09,cs2-gls1-bhe-2026-05-09,Galorys,Bounty Hunters Esports,Galorys,2:1 打满,否（无赛前价存档）
CS2,UKIC Masters Division Playoffs,2026-05-05,cs2-drip-snarky-2026-05-05,Dripmen,SNARKY,Dripmen,2:1 打满,否（无赛前价存档）
CS2,UKIC Masters Division Playoffs,2026-05-05,cs2-mes1-tlr-2026-05-05,The Last Resort,The Last Resort,The Last Resort,2:0 横扫,否（无赛前价存档）
CS2,UKIC Masters Division Playoffs,2026-05-07,cs2-sss1-vtb-2026-05-07,Vlad to the Bone666,SSSghoul,SSSghoul,2:1 打满,否（无赛前价存档）
CS2,European Pro League Regular Group C,2026-05-07,cs2-biga-ksm-2026-05-07,BIG Academy,BIG Academy,BIG Academy,2:0 横扫,否（无赛前价存档）
CS2,European Pro League Regular Group C,2026-05-07,cs2-algo1-sinqu-2026-05-07,ALGO Esports,ALGO Esports,ALGO Esports,2:0 横扫,否（无赛前价存档）
CS2,CCT Europe Series 1 Group Stage,2026-05-06,cs2-tnc-lavked-2026-05-06,TNC,TNC,TNC,2:0 横扫,否（无赛前价存档）
CS2,NODWIN Clutch Series Play-In,2026-05-06,cs2-ursa-oxuji-2026-05-06,Oxuji Esports,Oxuji Esports,Oxuji Esports,2:0 横扫,否（无赛前价存档）
CS2,CCT Europe Series 1 Group Stage,2026-05-06,cs2-fav-ursa-2026-05-06,Favbet,Favbet,Favbet,2:0 横扫,否（无赛前价存档）
CS2,NODWIN Clutch Series Play-In,2026-05-06,cs2-wal2-rbls-2026-05-06,Rebels Gaming,Walczaki,Walczaki,2:1 打满,否（无赛前价存档）
CS2,CCT Europe Series 1 Group Stage,2026-05-06,cs2-wal2-inox-2026-05-06,Walczaki,INOX Division,Walczaki,2:1 打满,否（无赛前价存档）
CS2,CCT Europe Series 1 Group Stage,2026-05-06,cs2-ruby1-oxuji-2026-05-06,ex-RUBY,Oxuji Esports,ex-RUBY,2:1 打满,否（无赛前价存档）
CS2,CCT Europe Challengers Series Playoffs,2026-05-06,cs2-zerote-benche-2026-05-06,Benched gods,Benched gods,Benched gods,2:0 横扫,否（无赛前价存档）
CS2,CCT Europe Challengers Series Playoffs,2026-05-07,cs2-brute-newvis-2026-05-07,Brute,Brute,Brute,2:0 横扫,否（无赛前价存档）
CS2,NODWIN Clutch Series Play-In,2026-05-06,cs2-lavked-unity-2026-05-06,UNiTY esports,Lavked,Lavked,2:1 打满,否（无赛前价存档）
CS2,NODWIN Clutch Series Play-In,2026-05-06,cs2-tnc-pha-2026-05-06,TNC,Phantom,TNC,2:1 打满,否（无赛前价存档）
CS2,CCT Europe Challengers Series Playoffs,2026-05-06,cs2-atreid-lilmix-2026-05-06,Atreides,Atreides,Atreides,2:0 横扫,否（无赛前价存档）
CS2,CCT Europe Challengers Series Playoffs,2026-05-07,cs2-tlr-inox-2026-05-07,INOX Division,INOX Division,INOX Division,2:0 横扫,否（无赛前价存档）
CS2,Exort Series Main Stage,2026-05-06,cs2-clutch-hec-2026-05-06,Clutchain,Clutchain,Clutchain,2:0 横扫,否（无赛前价存档）
CS2,Exort Series Main Stage,2026-05-06,cs2-don-inf1-2026-05-06,Donstu Esports,Donstu Esports,Donstu Esports,2:0 横扫,否（无赛前价存档）
CS2,Exort Series Main Stage,2026-05-06,cs2-drama-forzer-2026-05-06,FORZE Reload,Drama eSports,FORZE Reload,2:1 打满,否（无赛前价存档）
CS2,Exort Series Main Stage,2026-05-06,cs2-efa-yl-2026-05-06,Eternal Fire Academy,Eternal Fire Academy,Eternal Fire Academy,2:0 横扫,否（无赛前价存档）
CS2,BC Game Masters Europe Series #1 Group Stage,2026-05-06,cs2-aab-g1-2026-05-06,GenOne,AaB Esport,AaB Esport,2:1 打满,否（无赛前价存档）
CS2,BC Game Masters Europe Series #1 Group Stage,2026-05-06,cs2-cs1-ast-2026-05-06,CYBERSHOKE Esports,ASTRAL,CYBERSHOKE Esports,2:1 打满,否（无赛前价存档）
CS2,CCT South America Series #1 Group Stage,2026-05-06,cs2-pls-alz-2026-05-06,Players,Alzon,Alzon,2:1 打满,否（无赛前价存档）
CS2,BC Game Masters Europe Series #1 Group Stage,2026-05-06,cs2-lavked-tlr-2026-05-06,The Last Resort,Lavked,Lavked,2:1 打满,否（无赛前价存档）
CS2,CCT South America Series #1 Group Stage,2026-05-06,cs2-isg-r2-2026-05-06,R2 Esports Club,Isurus,Isurus,2:1 打满,否（无赛前价存档）
CS2,CCT South America Series #1 Group Stage,2026-05-06,cs2-bsta-damaju-2026-05-06,BESTIA Academy,BESTIA Academy,BESTIA Academy,2:0 横扫,否（无赛前价存档）
CS2,Exort Series Main Stage,2026-05-07,cs2-ep-vpf2-2026-05-07,eternal premium,eternal premium,eternal premium,2:0 横扫,否（无赛前价存档）
CS2,European Pro League Regular Group A,2026-05-09,cs2-mana-kinoa-2026-05-09,Kinoa,Kinoa,Kinoa,2:0 横扫,否（无赛前价存档）
CS2,European Pro League Regular Group A,2026-05-09,cs2-bojong-navij1-2026-05-09,NAVI Junior,NAVI Junior,NAVI Junior,2:0 横扫,否（无赛前价存档）
CS2,European Pro League Regular Group D,2026-05-08,cs2-xi-wraith-2026-05-08,WRAITH PCIFIC,WRAITH PCIFIC,WRAITH PCIFIC,2:0 横扫,否（无赛前价存档）
CS2,Elisa Open Suomi Regular Season,2026-05-11,cs2-cirahv-tmvg-2026-05-11,cirahvi,cirahvi,cirahvi,2:0 横扫,否（无赛前价存档）
CS2,Elisa Open Suomi Regular Season,2026-05-10,cs2-sinqu-ksm-2026-05-10,KUUSAMO.gg,SINQU,KUUSAMO.gg,2:1 打满,否（无赛前价存档）
CS2,Elisa Open Suomi Regular Season,2026-05-11,cs2-ence-kajo-2026-05-11,ENCE,ENCE,ENCE,2:0 横扫,否（无赛前价存档）
CS2,Elisa Open Suomi Regular Season,2026-05-10,cs2-ence-ksm-2026-05-10,ENCE,ENCE,ENCE,2:0 横扫,否（无赛前价存档）
CS2,European Pro League Regular Group B,2026-05-10,cs2-sng-sta6-2026-05-10,STATE,STATE,STATE,2:0 横扫,否（无赛前价存档）
CS2,European Pro League Regular Group B,2026-05-10,cs2-aab-mis-2026-05-10,AaB Esport,AaB Esport,AaB Esport,2:0 横扫,否（无赛前价存档）
CS2,Gamers Club Liga Série A Playoffs,2026-05-06,cs2-9daplu-alkaa-2026-05-06,ALKA,ALKA,ALKA,2:0 横扫,否（无赛前价存档）
CS2,CCT Europe Series 1 Group Stage,2026-05-07,cs2-havu-fcf-2026-05-07,HAVU,HAVU,HAVU,2:0 横扫,否（无赛前价存档）
CS2,CCT Europe Series 1 Group Stage,2026-05-07,cs2-unity-bbp-2026-05-07,UNiTY esports,UNiTY esports,UNiTY esports,2:0 横扫,否（无赛前价存档）
CS2,CCT Europe Series 1 Group Stage,2026-05-07,cs2-oxuji-ursa-2026-05-07,Oxuji Esports,Ursa,Oxuji Esports,2:1 打满,否（无赛前价存档）
CS2,CCT Europe Series 1 Group Stage,2026-05-08,cs2-tdk-g1-2026-05-08,TDK,TDK,TDK,2:0 横扫,否（无赛前价存档）
CS2,CCT Europe Series 1 Group Stage,2026-05-08,cs2-wal2-ruby1-2026-05-08,Walczaki,ex-RUBY,Walczaki,2:1 打满,否（无赛前价存档）
CS2,CCT Europe Series 1 Group Stage,2026-05-08,cs2-fav-tnc-2026-05-08,Favbet,TNC,TNC,2:1 打满,否（无赛前价存档）
CS2,CCT Europe Series 1 Group Stage,2026-05-08,cs2-omega1-inox-2026-05-08,INOX Division,Omega,INOX Division,2:1 打满,否（无赛前价存档）
CS2,CCT Europe Series 1 Group Stage,2026-05-07,cs2-mouzn-lavked-2026-05-07,Lavked,MOUZ NXT,Lavked,2:1 打满,否（无赛前价存档）
CS2,BC Game Masters Europe Series #1 Playoffs,2026-05-07,cs2-ntr-zerote-2026-05-07,Nuclear TigeRES,Nuclear TigeRES,Nuclear TigeRES,2:0 横扫,否（无赛前价存档）
CS2,BC Game Masters Europe Series #1 Playoffs,2026-05-07,cs2-bca-inox-2026-05-07,INOX Division,Betclic Apogee Esports,INOX Division,2:1 打满,否（无赛前价存档）
CS2,BC Game Masters Europe Series #1 Playoffs,2026-05-07,cs2-tri9-am-2026-05-07,Tricked,AM Gaming,AM Gaming,2:1 打满,否（无赛前价存档）
CS2,CCT South America Series #1 Playoffs,2026-05-07,cs2-pcy-yaw-2026-05-07,Yawara Esports,Yawara Esports,Yawara Esports,2:0 横扫,否（无赛前价存档）
CS2,CCT South America Series #1 Playoffs,2026-05-07,cs2-tdp-bsta-2026-05-07,Turma do Pagode,Turma do Pagode,Turma do Pagode,2:0 横扫,否（无赛前价存档）
CS2,BC Game Masters Europe Series #1 Playoffs,2026-05-08,cs2-33-sparta-2026-05-08,SPARTA,BET-M 33,BET-M 33,2:1 打满,否（无赛前价存档）
CS2,CCT Europe Challengers Series Playoffs,2026-05-07,cs2-benche-m1x-2026-05-07,Benched gods,m1x,Benched gods,2:1 打满,否（无赛前价存档）
CS2,CCT South America Series #1 Playoffs,2026-05-07,cs2-fdb-vsc-2026-05-07,Fake do Biru,Fake do Biru,Fake do Biru,2:0 横扫,否（无赛前价存档）
CS2,Stake Ranked Episode 2 Playoffs,2026-05-27,cs2-3dmax-mgc-2026-05-27,magic,magic,magic,2:0 横扫,否（无赛前价存档）
CS2,Stake Ranked Episode 2 Playoffs,2026-05-27,cs2-hero-nip-2026-05-27,NIP,NIP,NIP,2:0 横扫,否（无赛前价存档）
CS2,Stake Ranked Episode 2 Playoffs,2026-05-27,cs2-9z-shk-2026-05-27,Sharks,9z,Sharks,2:1 打满,否（无赛前价存档）
CS2,BC Game Masters Europe Series #1 Playoffs,2026-05-08,cs2-all-lavked-2026-05-08,Lavked,Alliance,Alliance,2:1 打满,否（无赛前价存档）
CS2,BC Game Masters Europe Series #1 Playoffs,2026-05-08,cs2-nem-cs1-2026-05-08,CYBERSHOKE Esports,CYBERSHOKE Esports,CYBERSHOKE Esports,2:0 横扫,否（无赛前价存档）
CS2,Stake Ranked Episode 2 Playoffs,2026-05-27,cs2-faze-all-2026-05-27,FaZe,FaZe,FaZe,2:0 横扫,否（无赛前价存档）
CS2,BC Game Masters Europe Series #1 Playoffs,2026-05-07,cs2-nemi1-aab-2026-05-07,AaB Esport,Nemiga,Nemiga,2:1 打满,否（无赛前价存档）
CS2,BC Game Masters Europe Series #1 Playoffs,2026-05-08,cs2-9ine-wal2-2026-05-08,9INE,Walczaki,Walczaki,2:1 打满,否（无赛前价存档）
CS2,Gamers Club Liga Série A Playoffs,2026-05-07,cs2-ldp-alkaa-2026-05-07,largadosypelados,largadosypelados,largadosypelados,2:0 横扫,否（无赛前价存档）
CS2,CCT South America Series #1 Playoffs,2026-05-08,cs2-ldp-uno-2026-05-08,UNO MILLE,largadosypelados,largadosypelados,2:1 打满,否（无赛前价存档）
CS2,CCT South America Series #1 Playoffs,2026-05-08,cs2-gls1-paina-2026-05-08,Galorys,Galorys,Galorys,2:0 横扫,否（无赛前价存档）
CS2,CCT South America Series #1 Playoffs,2026-05-08,cs2-bhe-keyd-2026-05-08,Keyd,Bounty Hunters Esports,Bounty Hunters Esports,2:1 打满,否（无赛前价存档）
CS2,United21 Playoffs,2026-05-08,cs2-algo1-biga-2026-05-08,BIG Academy,BIG Academy,BIG Academy,2:0 横扫,否（无赛前价存档）
CS2,Asian Champions League Group A,2026-05-10,cs2-fly-jjh-2026-05-10,JiJieHao,FlyQuest,JiJieHao,2:1 打满,否（无赛前价存档）
CS2,Asian Champions League Group A,2026-05-11,cs2-tyloo-gz1-2026-05-11,TYLOO,TYLOO,TYLOO,2:0 横扫,否（无赛前价存档）
CS2,Asian Champions League Group A,2026-05-11,cs2-5s-ra1-2026-05-11,5star,Rare Atom,5star,2:1 打满,否（无赛前价存档）
CS2,Asian Champions League Group B,2026-05-11,cs2-lvg-ae2-2026-05-11,Lynn Vision,Lynn Vision,Lynn Vision,2:0 横扫,否（无赛前价存档）
CS2,Asian Champions League Group B,2026-05-11,cs2-hh1-thunde-2026-05-11,Haunted House,Haunted House,Haunted House,2:0 横扫,否（无赛前价存档）
CS2,Asian Champions League Group B,2026-05-11,cs2-sfe-ctg-2026-05-11,SemperFi Esports,Change The Game,SemperFi Esports,2:1 打满,否（无赛前价存档）
CS2,Asian Champions League Group B,2026-05-11,cs2-lb-kg-2026-05-11,Last Bullet,Kaleido Gaming,Kaleido Gaming,2:1 打满,否（无赛前价存档）
CS2,NODWIN Clutch Series Group Stage,2026-05-09,cs2-tri9-wal2-2026-05-09,Tricked,Tricked,Tricked,2:0 横扫,否（无赛前价存档）
CS2,NODWIN Clutch Series Group Stage,2026-05-08,cs2-am-mouzn-2026-05-08,MOUZ NXT,MOUZ NXT,MOUZ NXT,2:0 横扫,否（无赛前价存档）
CS2,NODWIN Clutch Series Group Stage,2026-05-08,cs2-sashi-lavked-2026-05-08,Sashi Esport,Sashi Esport,Sashi Esport,2:0 横扫,否（无赛前价存档）
CS2,NODWIN Clutch Series Group Stage,2026-05-09,cs2-ef1-js1-2026-05-09,Eternal Fire,Eternal Fire,Eternal Fire,2:0 横扫,否（无赛前价存档）
CS2,NODWIN Clutch Series Group Stage,2026-05-09,cs2-bca-fav-2026-05-09,Favbet,Favbet,Favbet,2:0 横扫,否（无赛前价存档）
CS2,NODWIN Clutch Series Group Stage,2026-05-08,cs2-sparta-ruby1-2026-05-08,ex-RUBY,SPARTA,ex-RUBY,2:1 打满,否（无赛前价存档）
CS2,NODWIN Clutch Series Group Stage,2026-05-09,cs2-ntr-oxuji-2026-05-09,Nuclear TigeRES,Nuclear TigeRES,Nuclear TigeRES,2:0 横扫,否（无赛前价存档）
CS2,CCT Europe Challengers Series Playoffs,2026-05-08,cs2-newvis-benche-2026-05-08,NEW VISION,NEW VISION,NEW VISION,2:0 横扫,否（无赛前价存档）
CS2,European Pro League Regular Group D,2026-05-08,cs2-ence-pre-2026-05-08,ENCE,Prestige,Prestige,2:1 打满,否（无赛前价存档）
CS2,CCT Europe Challengers Series Playoffs,2026-05-08,cs2-atreid-tlr-2026-05-08,Atreides,Atreides,Atreides,2:0 横扫,否（无赛前价存档）
CS2,CCT Europe Challengers Series Playoffs,2026-05-09,cs2-inox-brute-2026-05-09,INOX Division,INOX Division,INOX Division,2:0 横扫,否（无赛前价存档）
CS2,Exort Series Main Stage,2026-05-08,cs2-efa-par3-2026-05-08,Partizan Esport,Partizan Esport,Partizan Esport,2:0 横扫,否（无赛前价存档）
CS2,Exort Series Main Stage,2026-05-08,cs2-inf6-lph-2026-05-08,Infinite,LPH Gaming,LPH Gaming,2:1 打满,否（无赛前价存档）
CS2,Exort Series Main Stage,2026-05-08,cs2-forzer-clutch-2026-05-08,Clutchain,FORZE Reload,Clutchain,2:1 打满,否（无赛前价存档）
CS2,CCT South America Series #1 Playoffs,2026-05-09,cs2-imp11-yaw-2026-05-09,Yawara Esports,Imperial,Imperial,2:1 打满,否（无赛前价存档）
CS2,BC Game Masters Europe Series #1 Playoffs,2026-05-09,cs2-nemi1-inox-2026-05-09,Nemiga,INOX Division,Nemiga,2:1 打满,否（无赛前价存档）
CS2,BC Game Masters Europe Series #1 Playoffs,2026-05-09,cs2-cs1-am-2026-05-09,CYBERSHOKE Esports,AM Gaming,CYBERSHOKE Esports,2:1 打满,否（无赛前价存档）
CS2,BC Game Masters Europe Series #1 Playoffs,2026-05-09,cs2-wal2-33-2026-05-09,BET-M 33,Walczaki,Walczaki,2:1 打满,否（无赛前价存档）
CS2,BC Game Masters Europe Series #1 Playoffs,2026-05-09,cs2-ntr-all-2026-05-09,Nuclear TigeRES,Nuclear TigeRES,Nuclear TigeRES,2:0 横扫,否（无赛前价存档）
CS2,CCT South America Series #1 Playoffs,2026-05-09,cs2-tdp-bhe-2026-05-09,Bounty Hunters Esports,Turma do Pagode,Turma do Pagode,2:1 打满,否（无赛前价存档）
CS2,European Pro League Regular Group D,2026-05-12,cs2-xi-ence-2026-05-12,ENCE,ENCE,ENCE,2:0 横扫,否（无赛前价存档）
CS2,CCT Europe Challengers Series Playoffs,2026-05-09,cs2-atreid-newvis-2026-05-09,Atreides,Atreides,Atreides,2:0 横扫,否（无赛前价存档）
CS2,European Pro League Regular Group C,2026-05-11,cs2-algo1-biga-2026-05-11,BIG Academy,BIG Academy,BIG Academy,2:0 横扫,否（无赛前价存档）
CS2,European Pro League Regular Group D,2026-05-12,cs2-wraith-pre-2026-05-12,WRAITH PCIFIC,WRAITH PCIFIC,WRAITH PCIFIC,2:0 横扫,否（无赛前价存档）
CS2,CCT Europe Series 1 Group Stage,2026-05-09,cs2-mouzn-unity-2026-05-09,UNiTY esports,MOUZ NXT,MOUZ NXT,2:1 打满,否（无赛前价存档）
CS2,CCT Europe Contenders #5 Playoffs,2026-05-10,cs2-cyb-enjoy-2026-05-10,ENJOY,CYBERSHOKE Prospects,CYBERSHOKE Prospects,2:1 打满,否（无赛前价存档）
CS2,CCT Europe Series 1 Group Stage,2026-05-09,cs2-omega1-havu-2026-05-09,Omega,HAVU,HAVU,2:1 打满,否（无赛前价存档）
CS2,CCT Europe Series 1 Group Stage,2026-05-10,cs2-fav-oxuji-2026-05-10,Favbet,Oxuji Esports,Oxuji Esports,2:1 打满,否（无赛前价存档）
CS2,CCT Europe Contenders #5 Playoffs,2026-05-09,cs2-mis-ej-2026-05-09,Endless Journey,Endless Journey,Endless Journey,2:0 横扫,否（无赛前价存档）
CS2,CCT Europe Series 1 Group Stage,2026-05-10,cs2-ruby1-inox-2026-05-10,INOX Division,ex-RUBY,ex-RUBY,2:1 打满,否（无赛前价存档）
CS2,CCT Europe Series 1 Group Stage,2026-05-09,cs2-g1-ursa-2026-05-09,GenOne,Ursa,GenOne,2:1 打满,否（无赛前价存档）
CS2,CCT South America Series #1 Playoffs,2026-05-09,cs2-ldp-gls1-2026-05-09,largadosypelados,largadosypelados,largadosypelados,2:0 横扫,否（无赛前价存档）
CS2,United21 Group A,2026-05-10,cs2-masq-oldboy-2026-05-10,MASQ,MASQ,MASQ,2:0 横扫,否（无赛前价存档）
CS2,CCT South America Series #1 Playoffs,2026-05-09,cs2-isg-fdb-2026-05-09,Isurus,Fake do Biru,Isurus,2:1 打满,否（无赛前价存档）
CS2,United21 Group B,2026-05-11,cs2-ftur-algo1-2026-05-11,ALGO Esports,ALGO Esports,ALGO Esports,2:0 横扫,否（无赛前价存档）
CS2,United21 Group A,2026-05-10,cs2-psna-lph-2026-05-10,Passion Academy,LPH Gaming,LPH Gaming,2:1 打满,否（无赛前价存档）
CS2,United21 Group B,2026-05-11,cs2-pre-vita-2026-05-11,Vitality Academy,Prestige,Prestige,2:1 打满,否（无赛前价存档）
CS2,United21 Group D,2026-05-13,cs2-mana-rt1-2026-05-13,ReThink,MANA eSports,ReThink,2:1 打满,否（无赛前价存档）
CS2,United21 Group C,2026-05-12,cs2-sng-inf1-2026-05-12,Sangal ALTERS,INFURITY Gaming,INFURITY Gaming,2:1 打满,否（无赛前价存档）
CS2,PGL Astana Group Stage,2026-05-10,cs2-k271-m8-2026-05-10,Gentle Mates,K27,Gentle Mates,2:1 打满,否（无赛前价存档）
CS2,PGL Astana Group Stage,2026-05-10,cs2-mglz-ts7-2026-05-10,Spirit,Spirit,Spirit,2:0 横扫,否（无赛前价存档）
CS2,PGL Astana Group Stage,2026-05-10,cs2-furia-hero-2026-05-10,FURIA,FURIA,FURIA,2:0 横扫,否（无赛前价存档）
CS2,PGL Astana Group Stage,2026-05-10,cs2-fal2-9z-2026-05-10,9z,Team Falcons,9z,2:1 打满,否（无赛前价存档）
CS2,PGL Astana Group Stage,2026-05-10,cs2-mouz-g2-2026-05-10,G2,MOUZ,MOUZ,2:1 打满,否（无赛前价存档）
CS2,CCT Europe Series 1 Group Stage,2026-05-10,cs2-tdk-lavked-2026-05-10,Lavked,TDK,TDK,2:1 打满,否（无赛前价存档）
CS2,PGL Astana Group Stage,2026-05-10,cs2-prv-fc-2026-05-10,PARIVISION,PARIVISION,PARIVISION,2:0 横扫,否（无赛前价存档）
CS2,PGL Astana Group Stage,2026-05-10,cs2-mnte-mgc-2026-05-10,Monte,Monte,Monte,2:0 横扫,否（无赛前价存档）
CS2,PGL Astana Group Stage,2026-05-10,cs2-aur1-the9-2026-05-10,Aurora Gaming,Aurora Gaming,Aurora Gaming,2:0 横扫,否（无赛前价存档）
CS2,BetBoom Storm Group Stage,2026-05-11,cs2-isg-ge3-2026-05-11,Isurus,Isurus,Isurus,2:0 横扫,否（无赛前价存档）
CS2,Odyssey Cup Brazil Playoffs,2026-05-10,cs2-yaw-tdp-2026-05-10,Yawara Esports,Turma do Pagode,Yawara Esports,2:1 打满,否（无赛前价存档）
CS2,BetBoom Storm Group Stage,2026-05-12,cs2-bhe-mibrf-2026-05-12,Bounty Hunters Esports,Bounty Hunters Esports,Bounty Hunters Esports,2:0 横扫,否（无赛前价存档）
CS2,NODWIN Clutch Series Group Stage,2026-05-10,cs2-tri9-mouzn-2026-05-10,Tricked,Tricked,Tricked,2:0 横扫,否（无赛前价存档）
CS2,NODWIN Clutch Series Group Stage,2026-05-10,cs2-sashi-ruby1-2026-05-10,ex-RUBY,ex-RUBY,ex-RUBY,2:0 横扫,否（无赛前价存档）
CS2,NODWIN Clutch Series Group Stage,2026-05-10,cs2-tdk-ntr-2026-05-10,Nuclear TigeRES,Nuclear TigeRES,Nuclear TigeRES,2:0 横扫,否（无赛前价存档）
CS2,BetBoom Storm Group Stage,2026-05-11,cs2-gls1-krespo-2026-05-11,Galorys,Galorys,Galorys,2:0 横扫,否（无赛前价存档）
CS2,BetBoom Storm Group Stage,2026-05-12,cs2-ldp-bsta-2026-05-12,largadosypelados,largadosypelados,largadosypelados,2:0 横扫,否（无赛前价存档）
CS2,NODWIN Clutch Series Group Stage,2026-05-11,cs2-bca-js1-2026-05-11,Johnny Speeds,Betclic Apogee Esports,Johnny Speeds,2:1 打满,否（无赛前价存档）
CS2,NODWIN Clutch Series Group Stage,2026-05-10,cs2-sparta-lavked-2026-05-10,Lavked,SPARTA,Lavked,2:1 打满,否（无赛前价存档）
CS2,BetBoom Storm Group Stage,2026-05-12,cs2-uno-paina-2026-05-12,UNO MILLE,UNO MILLE,UNO MILLE,2:0 横扫,否（无赛前价存档）
CS2,BC Game Masters Europe Series #1 Playoffs,2026-05-10,cs2-nemi1-cs1-2026-05-10,Nemiga,Nemiga,Nemiga,2:0 横扫,否（无赛前价存档）
CS2,BC Game Masters Europe Series #1 Playoffs,2026-05-10,cs2-ntr-wal2-2026-05-10,Walczaki,Walczaki,Walczaki,2:0 横扫,否（无赛前价存档）
CS2,CCT Europe Challengers Series Playoffs,2026-05-10,cs2-brute-atreid-2026-05-10,Brute,Atreides,Brute,2:1 打满,否（无赛前价存档）
CS2,NODWIN Clutch Series Group Stage,2026-05-11,cs2-am-wal2-2026-05-11,Walczaki,Walczaki,Walczaki,2:0 横扫,否（无赛前价存档）
CS2,Exort Series Main Stage,2026-05-10,cs2-drama-inf1-2026-05-10,INFURITY Gaming,INFURITY Gaming,INFURITY Gaming,2:0 横扫,否（无赛前价存档）
CS2,Exort Series Main Stage,2026-05-10,cs2-don-clutch-2026-05-10,Donstu Esports,Donstu Esports,Donstu Esports,2:0 横扫,否（无赛前价存档）
CS2,Exort Series Main Stage,2026-05-10,cs2-np1-yl-2026-05-10,NeverPlay,NeverPlay,NeverPlay,2:0 横扫,否（无赛前价存档）
CS2,Exort Series Main Stage,2026-05-10,cs2-lph-par3-2026-05-10,Partizan Esport,Partizan Esport,Partizan Esport,2:0 横扫,否（无赛前价存档）
CS2,CCT South America Series #1 Playoffs,2026-05-10,cs2-isg-tdp-2026-05-10,Isurus,Isurus,Isurus,2:0 横扫,否（无赛前价存档）
CS2,CCT South America Series #1 Playoffs,2026-05-10,cs2-imp11-ldp-2026-05-10,largadosypelados,largadosypelados,largadosypelados,2:0 横扫,否（无赛前价存档）
CS2,Odyssey Cup Brazil Playoffs,2026-05-10,cs2-uno-gls1-2026-05-10,UNO MILLE,UNO MILLE,UNO MILLE,2:0 横扫,否（无赛前价存档）
CS2,Parken Challenger Championship Playoffs,2026-05-10,cs2-bmb-100t-2026-05-10,100 Thieves,100 Thieves,100 Thieves,2:0 横扫,否（无赛前价存档）
CS2,CCT Europe Challengers Series Playoffs,2026-05-10,cs2-inox-brute-2026-05-10,INOX Division,INOX Division,INOX Division,2:0 横扫,否（无赛前价存档）
CS2,CCT Europe Series 2 Play-In Group A,2026-05-12,cs2-hypew-saw2-2026-05-12,SAW,hypewrld,hypewrld,2:1 打满,否（无赛前价存档）
CS2,CCT Europe Series 2 Play-In Group A,2026-05-12,cs2-g1-projec-2026-05-12,GenOne,Project 91,GenOne,2:1 打满,否（无赛前价存档）
CS2,CCT Europe Series 2 Play-In Group B,2026-05-12,cs2-aaa-g2a-2026-05-12,G2 Ares,G2 Ares,G2 Ares,2:0 横扫,否（无赛前价存档）
CS2,CCT South America Series 2 Group Stage,2026-05-12,cs2-krespo-alkaa-2026-05-12,ALKA,ALKA,ALKA,2:0 横扫,否（无赛前价存档）
CS2,CCT Europe Series 2 Play-In Group C,2026-05-14,cs2-fcf-fal-2026-05-14,FC Famalicão Esports,FC Famalicão Esports,FC Famalicão Esports,2:0 横扫,否（无赛前价存档）
CS2,CCT Europe Series 2 Play-In Group D,2026-05-14,cs2-zerote-yn-2026-05-14,Young Ninjas,ex-Zero Tenacity,ex-Zero Tenacity,2:1 打满,否（无赛前价存档）
CS2,CCT South America Series 2 Group Stage,2026-05-12,cs2-pcy-ge3-2026-05-12,Procyon Gaming,Procyon Gaming,Procyon Gaming,2:0 横扫,否（无赛前价存档）
CS2,CCT South America Series 2 Group Stage,2026-05-13,cs2-vsc-red7-2026-05-13,Vasco Esports,Red Feet,Red Feet,2:1 打满,否（无赛前价存档）
CS2,CCT South America Series 2 Group Stage,2026-05-13,cs2-mw-vexa-2026-05-13,Vexa,Vexa,Vexa,2:0 横扫,否（无赛前价存档）
CS2,CCT South America Series 2 Group Stage,2026-05-12,cs2-bsta-hwga-2026-05-12,BESTIA Academy,BESTIA Academy,BESTIA Academy,2:0 横扫,否（无赛前价存档）
CS2,CCT Europe Series 2 Play-In Group B,2026-05-12,cs2-run2-msc-2026-05-12,MASONIC,Rune Eaters,MASONIC,2:1 打满,否（无赛前价存档）
CS2,BC Game Masters Europe Series #1 Playoffs,2026-05-10,cs2-wal2-nemi1-2026-05-10,Nemiga,Walczaki,Walczaki,2:1 打满,否（无赛前价存档）
CS2,PGL Astana Group Stage,2026-05-11,cs2-prv-aur1-2026-05-11,Aurora Gaming,Aurora Gaming,Aurora Gaming,2:0 横扫,否（无赛前价存档）
CS2,PGL Astana Group Stage,2026-05-11,cs2-hero-m8-2026-05-11,Gentle Mates,Gentle Mates,Gentle Mates,2:0 横扫,否（无赛前价存档）
CS2,PGL Astana Group Stage,2026-05-11,cs2-fal2-mnte-2026-05-11,Team Falcons,Team Falcons,Team Falcons,2:0 横扫,否（无赛前价存档）
CS2,PGL Astana Group Stage,2026-05-11,cs2-mglz-g2-2026-05-11,TheMongolz,TheMongolz,TheMongolz,2:0 横扫,否（无赛前价存档）
CS2,PGL Astana Group Stage,2026-05-11,cs2-mouz-9z-2026-05-11,9z,MOUZ,9z,2:1 打满,否（无赛前价存档）
CS2,PGL Astana Group Stage,2026-05-11,cs2-k271-mgc-2026-05-11,magic,magic,magic,2:0 横扫,否（无赛前价存档）
CS2,PGL Astana Group Stage,2026-05-11,cs2-furia-ts7-2026-05-11,Spirit,FURIA,Spirit,2:1 打满,否（无赛前价存档）
CS2,PGL Astana Group Stage,2026-05-11,cs2-the9-fc-2026-05-11,The Huns Esports,The Huns Esports,The Huns Esports,2:0 横扫,否（无赛前价存档）
CS2,Parken Challenger Championship Playoffs,2026-05-10,cs2-matrix-bmb-2026-05-10,BASEMENT BOYS,BASEMENT BOYS,BASEMENT BOYS,2:0 横扫,否（无赛前价存档）
CS2,CCT South America Series #1 Playoffs,2026-05-10,cs2-ldp-isg-2026-05-10,largadosypelados,largadosypelados,largadosypelados,2:0 横扫,否（无赛前价存档）
CS2,Dust2.dk Ligaen Group Stage,2026-05-11,cs2-sta6-flod-2026-05-11,FLOD,STATE,STATE,2:1 打满,否（无赛前价存档）
CS2,Dust2.dk Ligaen Group Stage,2026-05-11,cs2-waz-eclips1-2026-05-11,WAZABI,Team Eclipse,Team Eclipse,2:1 打满,否（无赛前价存档）
CS2,Exort Series Main Stage,2026-05-11,cs2-inf6-forzer-2026-05-11,Infinite,Infinite,Infinite,2:0 横扫,否（无赛前价存档）
CS2,Exort Series Main Stage,2026-05-11,cs2-vpf2-hec-2026-05-11,VP.Future 2,Hermine Esports Club,Hermine Esports Club,2:1 打满,否（无赛前价存档）
CS2,Parken Challenger Championship Playoffs,2026-05-11,cs2-bmb-agreat-2026-05-11,BASEMENT BOYS,BASEMENT BOYS,BASEMENT BOYS,2:0 横扫,否（无赛前价存档）
CS2,Odyssey Cup Brazil Playoffs,2026-05-10,cs2-tdp-gls1-2026-05-10,Turma do Pagode,Galorys,Turma do Pagode,2:1 打满,否（无赛前价存档）
CS2,CCT Europe Series 1 Group Stage,2026-05-11,cs2-mouzn-inox-2026-05-11,INOX Division,INOX Division,INOX Division,2:0 横扫,否（无赛前价存档）
CS2,CCT Europe Series 1 Group Stage,2026-05-11,cs2-g1-lavked-2026-05-11,Lavked,Lavked,Lavked,2:0 横扫,否（无赛前价存档）
CS2,BetBoom Storm Group Stage,2026-05-11,cs2-yaw-vexa-2026-05-11,Vexa,Yawara Esports,Vexa,2:1 打满,否（无赛前价存档）
CS2,Dust2.dk Ligaen Group Stage,2026-05-11,cs2-invict1-en2-2026-05-11,Invicta,Invicta,Invicta,2:0 横扫,否（无赛前价存档）
CS2,NODWIN Clutch Series Group Stage,2026-05-11,cs2-oxuji-tnc-2026-05-11,Oxuji Esports,Oxuji Esports,Oxuji Esports,2:0 横扫,否（无赛前价存档）
CS2,CCT Europe Contenders #5 Playoffs,2026-05-11,cs2-cyb-auryb-2026-05-11,CYBERSHOKE Prospects,Aurora Young Blood,CYBERSHOKE Prospects,2:1 打满,否（无赛前价存档）
CS2,CCT Europe Contenders #5 Playoffs,2026-05-11,cs2-shishk-atreid-2026-05-11,Atreides,SHISHKA,SHISHKA,2:1 打满,否（无赛前价存档）
CS2,PGL Astana Group Stage,2026-05-12,cs2-mouz-aur1-2026-05-12,MOUZ,MOUZ,MOUZ,2:0 横扫,否（无赛前价存档）
CS2,PGL Astana Group Stage,2026-05-12,cs2-mglz-fal2-2026-05-12,Team Falcons,TheMongolz,Team Falcons,2:1 打满,否（无赛前价存档）
CS2,PGL Astana Group Stage,2026-05-12,cs2-mnte-the9-2026-05-12,Monte,The Huns Esports,Monte,2:1 打满,否（无赛前价存档）
CS2,PGL Astana Group Stage,2026-05-12,cs2-furia-m8-2026-05-12,FURIA,Gentle Mates,FURIA,2:1 打满,否（无赛前价存档）
CS2,PGL Astana Group Stage,2026-05-12,cs2-prv-g2-2026-05-12,G2,PARIVISION,G2,2:1 打满,否（无赛前价存档）
CS2,PGL Astana Group Stage,2026-05-12,cs2-hero-mgc-2026-05-12,magic,Heroic,magic,2:1 打满,否（无赛前价存档）
CS2,Asian Champions League Group A,2026-05-11,cs2-jjh-cw-2026-05-11,JiJieHao,Chinggis Warriors,JiJieHao,2:1 打满,否（无赛前价存档）
CS2,Asian Champions League Group A,2026-05-11,cs2-tyloo-5s-2026-05-11,TYLOO,TYLOO,TYLOO,2:0 横扫,否（无赛前价存档）
CS2,Asian Champions League Group B,2026-05-12,cs2-lvg-hh1-2026-05-12,Lynn Vision,Haunted House,Lynn Vision,2:1 打满,否（无赛前价存档）
CS2,Asian Champions League Group B,2026-05-12,cs2-ae2-thunde-2026-05-12,THUNDER dOWNUNDER,THUNDER dOWNUNDER,THUNDER dOWNUNDER,2:0 横扫,否（无赛前价存档）
CS2,Asian Champions League Group A,2026-05-12,cs2-gz1-ra1-2026-05-12,Rare Atom,Ground Zero,Ground Zero,2:1 打满,否（无赛前价存档）
CS2,IEM Atlanta Group A,2026-05-12,cs2-b8-bcg-2026-05-12,B8,B8,B8,2:0 横扫,否（无赛前价存档）
CS2,IEM Atlanta Group A,2026-05-12,cs2-pain-fut-2026-05-12,paiN,FUT Esports,paiN,2:1 打满,否（无赛前价存档）
CS2,IEM Atlanta Group A,2026-05-12,cs2-bb3-vit-2026-05-12,BetBoom Team,Vitality,BetBoom Team,2:1 打满,否（无赛前价存档）
CS2,IEM Atlanta Group A,2026-05-12,cs2-faze-nrg-2026-05-12,FaZe,FaZe,FaZe,2:0 横扫,否（无赛前价存档）
CS2,IEM Atlanta Group B,2026-05-12,cs2-navi-gl1-2026-05-12,Natus Vincere,GamerLegion,Natus Vincere,2:1 打满,否（无赛前价存档）
CS2,IEM Atlanta Group B,2026-05-12,cs2-pssnua-sin2-2026-05-12,Passion UA,Sinners,Sinners,2:1 打满,否（无赛前价存档）
CS2,IEM Atlanta Group B,2026-05-12,cs2-ast10-lgc-2026-05-12,Legacy,Legacy,Legacy,2:0 横扫,否（无赛前价存档）
CS2,IEM Atlanta Group B,2026-05-12,cs2-tl1-m80-2026-05-12,M80,Liquid,Liquid,2:1 打满,否（无赛前价存档）
CS2,Asian Champions League Group B,2026-05-12,cs2-ctg-lb-2026-05-12,Change The Game,Last Bullet,Change The Game,2:1 打满,否（无赛前价存档）
CS2,Asian Champions League Group B,2026-05-12,cs2-sfe-kg-2026-05-12,Kaleido Gaming,Kaleido Gaming,Kaleido Gaming,2:0 横扫,否（无赛前价存档）
CS2,CCT Europe Series 1 Playoffs,2026-05-12,cs2-fnc-havu-2026-05-12,fnatic,fnatic,fnatic,2:0 横扫,否（无赛前价存档）
CS2,CCT Europe Series 1 Playoffs,2026-05-12,cs2-33-wal2-2026-05-12,Walczaki,Walczaki,Walczaki,2:0 横扫,否（无赛前价存档）
CS2,CCT Europe Series 1 Playoffs,2026-05-12,cs2-hotu-inox-2026-05-12,INOX Division,HOTU,HOTU,2:1 打满,否（无赛前价存档）
CS2,CCT Europe Series 1 Playoffs,2026-05-13,cs2-nemi1-ruby1-2026-05-13,Nemiga,ex-RUBY,Nemiga,2:1 打满,否（无赛前价存档）
CS2,CCT Europe Series 1 Playoffs,2026-05-13,cs2-100t-lavked-2026-05-13,Lavked,Lavked,Lavked,2:0 横扫,否（无赛前价存档）
CS2,CCT Europe Series 1 Playoffs,2026-05-13,cs2-kol-tdk-2026-05-13,TDK,TDK,TDK,2:0 横扫,否（无赛前价存档）
CS2,European Pro League Regular Group A,2026-05-14,cs2-navij1-mana-2026-05-14,MANA eSports,MANA eSports,MANA eSports,2:0 横扫,否（无赛前价存档）
CS2,European Pro League Regular Group B,2026-05-14,cs2-sta6-mis-2026-05-14,Misa Esports,Misa Esports,Misa Esports,2:0 横扫,否（无赛前价存档）
CS2,European Pro League Regular Group C,2026-05-13,cs2-algo1-sinqu-2026-05-13,ALGO Esports,ALGO Esports,ALGO Esports,2:0 横扫,否（无赛前价存档）
CS2,NODWIN Clutch Series Group Stage,2026-05-12,cs2-mouzn-lavked-2026-05-12,Lavked,MOUZ NXT,Lavked,2:1 打满,否（无赛前价存档）
CS2,NODWIN Clutch Series Group Stage,2026-05-12,cs2-ntr-ef1-2026-05-12,Eternal Fire,Eternal Fire,Eternal Fire,2:0 横扫,否（无赛前价存档）
CS2,NODWIN Clutch Series Group Stage,2026-05-12,cs2-tdk-sashi-2026-05-12,Sashi Esport,TDK,Sashi Esport,2:1 打满,否（无赛前价存档）
CS2,CCT Europe Series 1 Playoffs,2026-05-12,cs2-sparta-oxuji-2026-05-12,Oxuji Esports,SPARTA,SPARTA,2:1 打满,否（无赛前价存档）
CS2,Exort Series Main Stage,2026-05-13,cs2-oldboy-vpf2-2026-05-13,VP.Future 2,VP.Future 2,VP.Future 2,2:0 横扫,否（无赛前价存档）
CS2,Exort Series Main Stage,2026-05-12,cs2-clutch-lph-2026-05-12,LPH Gaming,LPH Gaming,LPH Gaming,2:0 横扫,否（无赛前价存档）
CS2,Exort Series Main Stage,2026-05-12,cs2-efa-inf6-2026-05-12,Infinite,Infinite,Infinite,2:0 横扫,否（无赛前价存档）
CS2,Exort Series Main Stage,2026-05-13,cs2-inf1-np1-2026-05-13,NeverPlay,NeverPlay,NeverPlay,2:0 横扫,否（无赛前价存档）
CS2,NODWIN Clutch Series Group Stage,2026-05-13,cs2-tri9-ruby1-2026-05-13,Tricked,Tricked,Tricked,2:0 横扫,否（无赛前价存档）
CS2,NODWIN Clutch Series Group Stage,2026-05-13,cs2-bca-am-2026-05-13,AM Gaming,AM Gaming,AM Gaming,2:0 横扫,否（无赛前价存档）
CS2,NODWIN Clutch Series Group Stage,2026-05-13,cs2-sparta-tnc-2026-05-13,SPARTA,SPARTA,SPARTA,2:0 横扫,否（无赛前价存档）
CS2,CCT Europe Series 2 Play-In Group C,2026-05-14,cs2-mana-brute-2026-05-14,MANA eSports,Brute,Brute,2:1 打满,否（无赛前价存档）
CS2,CCT Europe Series 2 Play-In Group D,2026-05-14,cs2-2007-hashir-2026-05-14,2007,Hashiras,2007,2:1 打满,否（无赛前价存档）
CS2,CCT Europe Series 1 Playoffs,2026-05-13,cs2-bca-tnc-2026-05-13,TNC,Betclic Apogee Esports,TNC,2:1 打满,否（无赛前价存档）
CS2,CCT Europe Contenders #5 Playoffs,2026-05-12,cs2-ff-don-2026-05-12,Fire Flux Esports,Donstu Esports,Donstu Esports,2:1 打满,否（无赛前价存档）
CS2,European Pro League Regular Group D,2026-05-13,cs2-ence-pre-2026-05-13,Prestige,Prestige,Prestige,2:0 横扫,否（无赛前价存档）
CS2,CCT Europe Series 2 Play-In Group A,2026-05-13,cs2-projec-saw2-2026-05-13,SAW,Project 91,Project 91,2:1 打满,否（无赛前价存档）
CS2,CCT Europe Series 2 Play-In Group A,2026-05-13,cs2-g1-hypew-2026-05-13,GenOne,hypewrld,GenOne,2:1 打满,否（无赛前价存档）
CS2,PGL Astana Group Stage,2026-05-13,cs2-m8-mgc-2026-05-13,magic,magic,magic,2:0 横扫,否（无赛前价存档）
CS2,PGL Astana Group Stage,2026-05-13,cs2-mglz-aur1-2026-05-13,Aurora Gaming,Aurora Gaming,Aurora Gaming,2:0 横扫,否（无赛前价存档）
CS2,PGL Astana Group Stage,2026-05-13,cs2-mnte-g2-2026-05-13,G2,G2,G2,2:0 横扫,否（无赛前价存档）
CS2,Asian Champions League Group A,2026-05-12,cs2-cw-gz1-2026-05-12,Chinggis Warriors,Chinggis Warriors,Chinggis Warriors,2:0 横扫,否（无赛前价存档）
CS2,Asian Champions League Group B,2026-05-13,cs2-sfe-thunde-2026-05-13,THUNDER dOWNUNDER,THUNDER dOWNUNDER,THUNDER dOWNUNDER,2:0 横扫,否（无赛前价存档）
CS2,Asian Champions League Group A,2026-05-12,cs2-5s-fly-2026-05-12,FlyQuest,5star,5star,2:1 打满,否（无赛前价存档）
CS2,Asian Champions League Group B,2026-05-13,cs2-hh1-ctg-2026-05-13,Haunted House,Haunted House,Haunted House,2:0 横扫,否（无赛前价存档）
CS2,Asian Champions League Group A,2026-05-13,cs2-tyloo-jjh-2026-05-13,JiJieHao,JiJieHao,JiJieHao,2:0 横扫,否（无赛前价存档）
CS2,Asian Champions League Group B,2026-05-13,cs2-lvg-kg-2026-05-13,Lynn Vision,Lynn Vision,Lynn Vision,2:0 横扫,否（无赛前价存档）
CS2,CCT South America Series 2 Group Stage,2026-05-12,cs2-r2-bk-2026-05-12,R2 Esports Club,R2 Esports Club,R2 Esports Club,2:0 横扫,否（无赛前价存档）
CS2,IEM Atlanta Group A,2026-05-13,cs2-faze-vit-2026-05-13,Vitality,Vitality,Vitality,2:0 横扫,否（无赛前价存档）
CS2,IEM Atlanta Group A,2026-05-13,cs2-b8-fut-2026-05-13,B8,B8,B8,2:0 横扫,否（无赛前价存档）
CS2,IEM Atlanta Group A,2026-05-13,cs2-bb3-pain-2026-05-13,BetBoom Team,paiN,BetBoom Team,2:1 打满,否（无赛前价存档）
CS2,IEM Atlanta Group B,2026-05-13,cs2-sin2-ast10-2026-05-13,Astralis,Astralis,Astralis,2:0 横扫,否（无赛前价存档）
CS2,IEM Atlanta Group B,2026-05-13,cs2-navi-lgc-2026-05-13,Legacy,Natus Vincere,Legacy,2:1 打满,否（无赛前价存档）
CS2,CCT Europe Series 2 Play-In Group B,2026-05-13,cs2-aaa-run2-2026-05-13,Rune Eaters,Rune Eaters,Rune Eaters,2:0 横扫,否（无赛前价存档）
CS2,BetBoom Storm Group Stage,2026-05-13,cs2-gls1-uno-2026-05-13,Galorys,Galorys,Galorys,2:0 横扫,否（无赛前价存档）
CS2,BetBoom Storm Group Stage,2026-05-13,cs2-bhe-vexa-2026-05-13,Bounty Hunters Esports,Vexa,Bounty Hunters Esports,2:1 打满,否（无赛前价存档）
CS2,IEM Atlanta Group B,2026-05-13,cs2-gl1-tl1-2026-05-13,GamerLegion,GamerLegion,GamerLegion,2:0 横扫,否（无赛前价存档）
CS2,BetBoom Storm Group Stage,2026-05-13,cs2-bsta-mw-2026-05-13,METANOIA WOLVES,METANOIA WOLVES,METANOIA WOLVES,2:0 横扫,否（无赛前价存档）
CS2,BetBoom Storm Group Stage,2026-05-13,cs2-yaw-ge3-2026-05-13,Yawara Esports,Yawara Esports,Yawara Esports,2:0 横扫,否（无赛前价存档）
CS2,CCT Europe Series 2 Play-In Group B,2026-05-13,cs2-g2a-msc-2026-05-13,G2 Ares,MASONIC,G2 Ares,2:1 打满,否（无赛前价存档）
CS2,Asian Champions League Group A,2026-05-13,cs2-cw-5s-2026-05-13,5star,5star,5star,2:0 横扫,否（无赛前价存档）
CS2,Asian Champions League Group B,2026-05-13,cs2-hh1-thunde-2026-05-13,THUNDER dOWNUNDER,Haunted House,THUNDER dOWNUNDER,2:1 打满,否（无赛前价存档）
CS2,CCT Europe Contenders #5 Playoffs,2026-05-13,cs2-mis-ff-2026-05-13,Misa Esports,Misa Esports,Misa Esports,2:0 横扫,否（无赛前价存档）
CS2,CCT Europe Contenders #5 Playoffs,2026-05-13,cs2-co-auryb-2026-05-13,Aurora Young Blood,Clair Obscur,Clair Obscur,2:1 打满,否（无赛前价存档）
CS2,CCT Europe Contenders #5 Playoffs,2026-05-13,cs2-enjoy-atreid-2026-05-13,Atreides,Atreides,Atreides,2:0 横扫,否（无赛前价存档）
CS2,PGL Astana Playoffs,2026-05-15,cs2-mouz-aur1-2026-05-15,MOUZ,MOUZ,MOUZ,2:0 横扫,否（无赛前价存档）
CS2,PGL Astana Playoffs,2026-05-15,cs2-ts7-g2-2026-05-15,Spirit,Spirit,Spirit,2:0 横扫,否（无赛前价存档）
CS2,PGL Astana Playoffs,2026-05-15,cs2-furia-fal2-2026-05-15,FURIA,Team Falcons,Team Falcons,2:1 打满,否（无赛前价存档）
CS2,PGL Astana Playoffs,2026-05-15,cs2-9z-mgc-2026-05-15,magic,9z,magic,2:1 打满,否（无赛前价存档）
CS2,United21 Group A,2026-05-14,cs2-masq-lph-2026-05-14,MASQ,LPH Gaming,LPH Gaming,2:1 打满,否（无赛前价存档）
CS2,United21 Group B,2026-05-15,cs2-algo1-pre-2026-05-15,Prestige,ALGO Esports,ALGO Esports,2:1 打满,否（无赛前价存档）
CS2,United21 Group B,2026-05-15,cs2-ftur-vita-2026-05-15,Vitality Academy,FTUR,Vitality Academy,2:1 打满,否（无赛前价存档）
CS2,United21 Group C,2026-05-16,cs2-inf1-kinoa-2026-05-16,Kinoa,INFURITY Gaming,Kinoa,2:1 打满,否（无赛前价存档）
CS2,United21 Group D,2026-05-17,cs2-rt1-navij1-2026-05-17,NAVI Junior,NAVI Junior,NAVI Junior,2:0 横扫,否（无赛前价存档）
CS2,United21 Group D,2026-05-17,cs2-mana-xi-2026-05-17,MANA eSports,MANA eSports,MANA eSports,2:0 横扫,否（无赛前价存档）
CS2,BetBoom Storm Group Stage,2026-05-14,cs2-keyd-fdb-2026-05-14,Fake do Biru,Fake do Biru,Fake do Biru,2:0 横扫,否（无赛前价存档）
CS2,BetBoom Storm Group Stage,2026-05-14,cs2-ldp-isg-2026-05-14,Isurus,largadosypelados,largadosypelados,2:1 打满,否（无赛前价存档）
CS2,BetBoom Storm Group Stage,2026-05-14,cs2-mibrf-paina-2026-05-14,paiN Academy,paiN Academy,paiN Academy,2:0 横扫,否（无赛前价存档）
CS2,Conquest of Prague Finals Playoffs,2026-05-22,cs2-all-wal2-2026-05-22,Alliance,Alliance,Alliance,2:0 横扫,否（无赛前价存档）
CS2,Conquest of Prague Finals Playoffs,2026-05-22,cs2-sashi-eye-2026-05-22,Sashi Esport,EYEBALLERS,EYEBALLERS,2:1 打满,否（无赛前价存档）
CS2,CCT Europe Contenders #5 Playoffs,2026-05-14,cs2-don-cyb-2026-05-14,CYBERSHOKE Prospects,Donstu Esports,CYBERSHOKE Prospects,2:1 打满,否（无赛前价存档）
CS2,BetBoom Storm Group Stage,2026-05-14,cs2-krespo-vsc-2026-05-14,ex-KRÜ Esports,Vasco Esports,ex-KRÜ Esports,2:1 打满,否（无赛前价存档）
CS2,CCT Europe Contenders #5 Playoffs,2026-05-14,cs2-shishk-ej-2026-05-14,SHISHKA,Endless Journey,SHISHKA,2:1 打满,否（无赛前价存档）
CS2,IEM Atlanta Group A,2026-05-13,cs2-b8-vit-2026-05-13,Vitality,Vitality,Vitality,2:0 横扫,否（无赛前价存档）
CS2,IEM Atlanta Group B,2026-05-13,cs2-gl1-ast10-2026-05-13,GamerLegion,GamerLegion,GamerLegion,2:0 横扫,否（无赛前价存档）
CS2,CCT Europe Series 1 Playoffs,2026-05-14,cs2-sparta-nemi1-2026-05-14,Nemiga,Nemiga,Nemiga,2:0 横扫,否（无赛前价存档）
CS2,Asian Champions League Group B,2026-05-14,cs2-kg-thunde-2026-05-14,THUNDER dOWNUNDER,Kaleido Gaming,THUNDER dOWNUNDER,2:1 打满,否（无赛前价存档）
CS2,CCT Europe Series 1 Playoffs,2026-05-14,cs2-fnc-tdk-2026-05-14,TDK,fnatic,fnatic,2:1 打满,否（无赛前价存档）
CS2,Asian Champions League Group A,2026-05-14,cs2-tyloo-5s-2026-05-14,TYLOO,TYLOO,TYLOO,2:0 横扫,否（无赛前价存档）
CS2,CCT Europe Series 1 Playoffs,2026-05-14,cs2-hotu-wal2-2026-05-14,Walczaki,HOTU,Walczaki,2:1 打满,否（无赛前价存档）
CS2,IEM Atlanta Playoffs,2026-05-15,cs2-navi-vit-2026-05-15,Vitality,Natus Vincere,Natus Vincere,2:1 打满,否（无赛前价存档）
CS2,IEM Atlanta Playoffs,2026-05-15,cs2-pain-gl1-2026-05-15,paiN,GamerLegion,GamerLegion,2:1 打满,否（无赛前价存档）
CS2,United21 Group A,2026-05-14,cs2-oldboy-psna-2026-05-14,Passion Academy,Passion Academy,Passion Academy,2:0 横扫,否（无赛前价存档）
CS2,CCT South America Series 2 Group Stage,2026-05-14,cs2-ge3-mw-2026-05-14,METANOIA WOLVES,METANOIA WOLVES,METANOIA WOLVES,2:0 横扫,否（无赛前价存档）
CS2,NODWIN Clutch Series Group Stage,2026-05-14,cs2-tdk-mouzn-2026-05-14,MOUZ NXT,TDK,TDK,2:1 打满,否（无赛前价存档）
CS2,NODWIN Clutch Series Group Stage,2026-05-14,cs2-ntr-lavked-2026-05-14,Nuclear TigeRES,Nuclear TigeRES,Nuclear TigeRES,2:0 横扫,否（无赛前价存档）
CS2,Exort Series Main Stage,2026-05-14,cs2-clutch-vpf2-2026-05-14,Clutchain,Clutchain,Clutchain,2:0 横扫,否（无赛前价存档）
CS2,Exort Series Main Stage,2026-05-14,cs2-forzer-hec-2026-05-14,FORZE Reload,Hermine Esports Club,FORZE Reload,2:1 打满,否（无赛前价存档）
CS2,Exort Series Main Stage,2026-05-14,cs2-efa-np1-2026-05-14,Eternal Fire Academy,Eternal Fire Academy,Eternal Fire Academy,2:0 横扫,否（无赛前价存档）
CS2,CCT South America Series 2 Group Stage,2026-05-14,cs2-krespo-bk-2026-05-14,ex-KRÜ Esports,ex-KRÜ Esports,ex-KRÜ Esports,2:0 横扫,否（无赛前价存档）
CS2,CCT Europe Series 1 Playoffs,2026-05-14,cs2-lavked-tnc-2026-05-14,Lavked,TNC,Lavked,2:1 打满,否（无赛前价存档）
CS2,CCT South America Series 2 Group Stage,2026-05-15,cs2-paina-alkaa-2026-05-15,ALKA,ALKA,ALKA,2:0 横扫,否（无赛前价存档）
CS2,CCT South America Series 2 Group Stage,2026-05-15,cs2-r2-pcy-2026-05-15,Procyon Gaming,Procyon Gaming,Procyon Gaming,2:0 横扫,否（无赛前价存档）
CS2,CCT South America Series 2 Group Stage,2026-05-15,cs2-vexa-bsta-2026-05-15,Vexa,BESTIA Academy,BESTIA Academy,2:1 打满,否（无赛前价存档）
CS2,UKIC Masters Division Playoffs,2026-05-15,cs2-snarky-sss1-2026-05-15,SSSghoul,SSSghoul,SSSghoul,2:0 横扫,否（无赛前价存档）
CS2,CCT South America Series 2 Group Stage,2026-05-15,cs2-mibra-red7-2026-05-15,MIBR Academy,MIBR Academy,MIBR Academy,2:0 横扫,否（无赛前价存档）
CS2,Asian Champions League Group A,2026-05-16,cs2-jjh-tyloo-2026-05-16,JiJieHao,JiJieHao,JiJieHao,2:0 横扫,否（无赛前价存档）
CS2,NODWIN Clutch Series Group Stage,2026-05-15,cs2-am-sparta-2026-05-15,SPARTA,SPARTA,SPARTA,2:0 横扫,否（无赛前价存档）
CS2,NODWIN Clutch Series Group Stage,2026-05-15,cs2-js1-ruby1-2026-05-15,ex-RUBY,ex-RUBY,ex-RUBY,2:0 横扫,否（无赛前价存档）
CS2,CCT Europe Contenders #5 Playoffs,2026-05-14,cs2-co-mis-2026-05-14,Misa Esports,Misa Esports,Misa Esports,2:0 横扫,否（无赛前价存档）
CS2,NODWIN Clutch Series Group Stage,2026-05-15,cs2-sashi-oxuji-2026-05-15,Sashi Esport,Sashi Esport,Sashi Esport,2:0 横扫,否（无赛前价存档）
CS2,Asian Champions League Group B,2026-05-16,cs2-lvg-thunde-2026-05-16,THUNDER dOWNUNDER,Lynn Vision,Lynn Vision,2:1 打满,否（无赛前价存档）
CS2,CCT Europe Closed Qualifier: Series #2 Group D,2026-05-15,cs2-zerote-2007-2026-05-15,2007,2007,2007,2:0 横扫,否（无赛前价存档）
CS2,CCT Europe Closed Qualifier: Series #2 Group C,2026-05-15,cs2-mana-fal-2026-05-15,MANA eSports,Falcons Force,Falcons Force,2:1 打满,否（无赛前价存档）
CS2,CCT Europe Closed Qualifier: Series #2 Group D,2026-05-15,cs2-yn-hashir-2026-05-15,Young Ninjas,Young Ninjas,Young Ninjas,2:0 横扫,否（无赛前价存档）
CS2,CCT Europe Series 1 Playoffs,2026-05-15,cs2-lavked-fnc-2026-05-15,Lavked,Lavked,Lavked,2:0 横扫,否（无赛前价存档）
CS2,CCT Europe Closed Qualifier: Series #2 Group C,2026-05-15,cs2-brute-fcf-2026-05-15,Brute,Brute,Brute,2:0 横扫,否（无赛前价存档）
CS2,CCT Europe Series 1 Playoffs,2026-05-15,cs2-wal2-nemi1-2026-05-15,Nemiga,Walczaki,Nemiga,2:1 打满,否（无赛前价存档）
CS2,European Pro League Regular Playoffs,2026-05-15,cs2-kinoa-pre-2026-05-15,Prestige,Kinoa,Kinoa,2:1 打满,否（无赛前价存档）
CS2,Exort Series Playoffs,2026-05-15,cs2-don-forzer-2026-05-15,Donstu Esports,Donstu Esports,Donstu Esports,2:0 横扫,否（无赛前价存档）
CS2,European Pro League Regular Playoffs,2026-05-15,cs2-eac-algo1-2026-05-15,Esport Academy Copenhagen,ALGO Esports,Esport Academy Copenhagen,2:1 打满,否（无赛前价存档）
CS2,European Pro League Regular Playoffs,2026-05-16,cs2-wraith-mana-2026-05-16,WRAITH PCIFIC,WRAITH PCIFIC,WRAITH PCIFIC,2:0 横扫,否（无赛前价存档）
CS2,Exort Series Playoffs,2026-05-15,cs2-inf6-efa-2026-05-15,Infinite,Infinite,Infinite,2:0 横扫,否（无赛前价存档）
CS2,European Pro League Regular Playoffs,2026-05-16,cs2-biga-mis-2026-05-16,Misa Esports,BIG Academy,BIG Academy,2:1 打满,否（无赛前价存档）
CS2,BetBoom Storm Group Stage,2026-05-15,cs2-gls1-ldp-2026-05-15,Galorys,largadosypelados,largadosypelados,2:1 打满,否（无赛前价存档）
CS2,BetBoom Storm Group Stage,2026-05-15,cs2-bhe-fdb-2026-05-15,Fake do Biru,Fake do Biru,Fake do Biru,2:0 横扫,否（无赛前价存档）
CS2,BetBoom Storm Group Stage,2026-05-15,cs2-isg-krespo-2026-05-15,Isurus,Isurus,Isurus,2:0 横扫,否（无赛前价存档）
CS2,BetBoom Storm Group Stage,2026-05-15,cs2-keyd-mw-2026-05-15,METANOIA WOLVES,Keyd,Keyd,2:1 打满,否（无赛前价存档）
CS2,United21 Group A,2026-05-18,cs2-masq-psna-2026-05-18,MASQ,MASQ,MASQ,2:0 横扫,否（无赛前价存档）
CS2,CCT Europe Contenders #5 Playoffs,2026-05-15,cs2-ej-mis-2026-05-15,Endless Journey,Misa Esports,Endless Journey,2:1 打满,否（无赛前价存档）
CS2,CCT Europe Contenders #5 Playoffs,2026-05-15,cs2-don-atreid-2026-05-15,Donstu Esports,Atreides,Donstu Esports,2:1 打满,否（无赛前价存档）
CS2,BetBoom Storm Group Stage,2026-05-16,cs2-paina-vexa-2026-05-16,paiN Academy,Vexa,Vexa,2:1 打满,否（无赛前价存档）
CS2,BetBoom Storm Group Stage,2026-05-16,cs2-mibrf-ge3-2026-05-16,MIBR fe,Guara Esports,Guara Esports,2:1 打满,否（无赛前价存档）
CS2,BetBoom Storm Group Stage,2026-05-16,cs2-uno-yaw-2026-05-16,Yawara Esports,Yawara Esports,Yawara Esports,2:0 横扫,否（无赛前价存档）
CS2,PGL Astana Playoffs,2026-05-16,cs2-mouz-ts7-2026-05-16,Spirit,Spirit,Spirit,2:0 横扫,否（无赛前价存档）
CS2,CCT Europe Series 1 Playoffs,2026-05-15,cs2-lavked-nemi1-2026-05-15,Nemiga,Nemiga,Nemiga,2:0 横扫,否（无赛前价存档）
CS2,PGL Astana Playoffs,2026-05-16,cs2-mgc-fal2-2026-05-16,Team Falcons,Team Falcons,Team Falcons,2:0 横扫,否（无赛前价存档）
CS2,NODWIN Clutch Series Group Stage,2026-05-16,cs2-sparta-wal2-2026-05-16,SPARTA,Walczaki,Walczaki,2:1 打满,否（无赛前价存档）
CS2,NODWIN Clutch Series Group Stage,2026-05-16,cs2-js1-oxuji-2026-05-16,Oxuji Esports,Johnny Speeds,Oxuji Esports,2:1 打满,否（无赛前价存档）
CS2,NODWIN Clutch Series Group Stage,2026-05-16,cs2-tdk-lavked-2026-05-16,TDK,TDK,TDK,2:0 横扫,否（无赛前价存档）
CS2,IEM Atlanta Playoffs,2026-05-16,cs2-lgc-gl1-2026-05-16,GamerLegion,Legacy,GamerLegion,2:1 打满,否（无赛前价存档）
CS2,IEM Atlanta Playoffs,2026-05-16,cs2-bb3-navi-2026-05-16,Natus Vincere,Natus Vincere,Natus Vincere,2:0 横扫,否（无赛前价存档）
CS2,CCT Europe Closed Qualifier: Series #2 Group A,2026-05-16,cs2-projec-hypew-2026-05-16,hypewrld,hypewrld,hypewrld,2:0 横扫,否（无赛前价存档）
CS2,CCT Europe Closed Qualifier: Series #2 Group C,2026-05-16,cs2-fal-fcf-2026-05-16,Falcons Force,Falcons Force,Falcons Force,2:0 横扫,否（无赛前价存档）
CS2,CCT Europe Closed Qualifier: Series #2 Group D,2026-05-16,cs2-yn-zerote-2026-05-16,ex-Zero Tenacity,ex-Zero Tenacity,ex-Zero Tenacity,2:0 横扫,否（无赛前价存档）
CS2,CCT Europe Contenders #5 Playoffs,2026-05-16,cs2-ej-don-2026-05-16,Endless Journey,Endless Journey,Endless Journey,2:0 横扫,否（无赛前价存档）
CS2,CCT Europe Contenders #5 Playoffs,2026-05-16,cs2-shishk-cyb-2026-05-16,CYBERSHOKE Prospects,CYBERSHOKE Prospects,CYBERSHOKE Prospects,2:0 横扫,否（无赛前价存档）
CS2,Parken Challenger Championship 7 Playoffs,2026-05-16,cs2-innerc-nyxon-2026-05-16,Inner Circle Academy,Inner Circle Academy,Inner Circle Academy,2:0 横扫,否（无赛前价存档）
CS2,Parken Challenger Championship 7 Playoffs,2026-05-16,cs2-msc-pure-2026-05-16,MASONIC,PURE,MASONIC,2:1 打满,否（无赛前价存档）
CS2,Parken Challenger Championship 7 Playoffs,2026-05-16,cs2-hon1-agreat-2026-05-16,Honvéd,Honvéd,Honvéd,2:0 横扫,否（无赛前价存档）
CS2,Parken Challenger Championship 7 Playoffs,2026-05-16,cs2-bmb-matrix-2026-05-16,BASEMENT BOYS,BASEMENT BOYS,BASEMENT BOYS,2:0 横扫,否（无赛前价存档）
CS2,Exort Series Playoffs,2026-05-16,cs2-clutch-eac-2026-05-16,Esport Academy Copenhagen,Clutchain,Esport Academy Copenhagen,2:1 打满,否（无赛前价存档）
CS2,Exort Series Playoffs,2026-05-16,cs2-lavked-inf6-2026-05-16,Lavked,Lavked,Lavked,2:0 横扫,否（无赛前价存档）
CS2,Exort Series Playoffs,2026-05-16,cs2-33-don-2026-05-16,Donstu Esports,Donstu Esports,Donstu Esports,2:0 横扫,否（无赛前价存档）
CS2,Parken Challenger Championship 7 Playoffs,2026-05-16,cs2-nyxon-agreat-2026-05-16,A Great Chaos,A Great Chaos,A Great Chaos,2:0 横扫,否（无赛前价存档）
CS2,Parken Challenger Championship 7 Playoffs,2026-05-16,cs2-innerc-hon1-2026-05-16,Inner Circle Academy,Inner Circle Academy,Inner Circle Academy,2:0 横扫,否（无赛前价存档）
CS2,CCT South America Series 2 Group Stage,2026-05-16,cs2-vexa-paina-2026-05-16,Vexa,paiN Academy,paiN Academy,2:1 打满,否（无赛前价存档）
CS2,CCT South America Series 2 Group Stage,2026-05-16,cs2-krespo-red7-2026-05-16,ex-KRÜ Esports,ex-KRÜ Esports,ex-KRÜ Esports,2:0 横扫,否（无赛前价存档）
CS2,Parken Challenger Championship 7 Playoffs,2026-05-16,cs2-bmb-msc-2026-05-16,BASEMENT BOYS,BASEMENT BOYS,BASEMENT BOYS,2:0 横扫,否（无赛前价存档）
CS2,CCT South America Series 2 Group Stage,2026-05-17,cs2-r2-hwga-2026-05-17,R2 Esports Club,R2 Esports Club,R2 Esports Club,2:0 横扫,否（无赛前价存档）
CS2,CCT South America Series 2 Group Stage,2026-05-17,cs2-pcy-bsta-2026-05-17,BESTIA Academy,BESTIA Academy,BESTIA Academy,2:0 横扫,否（无赛前价存档）
CS2,CCT South America Series 2 Group Stage,2026-05-17,cs2-alkaa-mibra-2026-05-17,ALKA,ALKA,ALKA,2:0 横扫,否（无赛前价存档）
CS2,PGL Astana Playoffs,2026-05-17,cs2-mouz-mgc-2026-05-17,MOUZ,MOUZ,MOUZ,2:0 横扫,否（无赛前价存档）
CS2,Parken Challenger Championship 7 Playoffs,2026-05-16,cs2-msc-agreat-2026-05-16,MASONIC,MASONIC,MASONIC,2:0 横扫,否（无赛前价存档）
CS2,Parken Challenger Championship 7 Playoffs,2026-05-17,cs2-innerc-bmb-2026-05-17,BASEMENT BOYS,Inner Circle Academy,BASEMENT BOYS,2:1 打满,否（无赛前价存档）
CS2,Elisa Open Suomi Regular Season,2026-05-17,cs2-ence-sinqu-2026-05-17,ENCE,ENCE,ENCE,2:0 横扫,否（无赛前价存档）
CS2,Elisa Open Suomi Regular Season,2026-05-17,cs2-cirahv-kajo-2026-05-17,cirahvi,cirahvi,cirahvi,2:0 横扫,否（无赛前价存档）
CS2,IEM Atlanta Playoffs,2026-05-17,cs2-lgc-bb3-2026-05-17,Legacy,Legacy,Legacy,2:0 横扫,否（无赛前价存档）
CS2,European Pro League Regular Playoffs,2026-05-18,cs2-kinoa-eac-2026-05-18,Esport Academy Copenhagen,Kinoa,Kinoa,2:1 打满,否（无赛前价存档）
CS2,European Pro League Regular Playoffs,2026-05-17,cs2-pre-algo1-2026-05-17,ALGO Esports,Prestige,ALGO Esports,2:1 打满,否（无赛前价存档）
CS2,European Pro League Regular Playoffs,2026-05-18,cs2-biga-wraith-2026-05-18,WRAITH PCIFIC,BIG Academy,BIG Academy,2:1 打满,否（无赛前价存档）
CS2,NODWIN Clutch Series Playoffs,2026-05-18,cs2-1win-ef1-2026-05-18,1WIN,1WIN,1WIN,2:0 横扫,否（无赛前价存档）
CS2,NODWIN Clutch Series Playoffs,2026-05-18,cs2-ill-ruby1-2026-05-18,ex-RUBY,ex-RUBY,ex-RUBY,2:0 横扫,否（无赛前价存档）
CS2,NODWIN Clutch Series Playoffs,2026-05-18,cs2-nem-wal2-2026-05-18,Team Nemesis,Walczaki,Walczaki,2:1 打满,否（无赛前价存档）
CS2,NODWIN Clutch Series Playoffs,2026-05-18,cs2-33-tri9-2026-05-18,Tricked,Tricked,Tricked,2:0 横扫,否（无赛前价存档）
CS2,NODWIN Clutch Series Playoffs,2026-05-19,cs2-nemi1-tdk-2026-05-19,Nemiga,Nemiga,Nemiga,2:0 横扫,否（无赛前价存档）
CS2,NODWIN Clutch Series Playoffs,2026-05-19,cs2-hotu-sashi-2026-05-19,HOTU,HOTU,HOTU,2:0 横扫,否（无赛前价存档）
CS2,NODWIN Clutch Series Playoffs,2026-05-19,cs2-100t-ntr-2026-05-19,100 Thieves,Nuclear TigeRES,Nuclear TigeRES,2:1 打满,否（无赛前价存档）
CS2,NODWIN Clutch Series Playoffs,2026-05-19,cs2-fokus-oxuji-2026-05-19,FOKUS,Oxuji Esports,FOKUS,2:1 打满,否（无赛前价存档）
CS2,United21 Group B,2026-05-18,cs2-vita-pre-2026-05-18,Vitality Academy,Prestige,Prestige,2:1 打满,否（无赛前价存档）
CS2,CCT Europe Closed Qualifier: Series #2 Play-In,2026-05-17,cs2-g2a-fal-2026-05-17,Falcons Force,Falcons Force,Falcons Force,2:0 横扫,否（无赛前价存档）
CS2,CCT Europe Closed Qualifier: Series #2 Play-In,2026-05-17,cs2-g1-zerote-2026-05-17,GenOne,ex-Zero Tenacity,GenOne,2:1 打满,否（无赛前价存档）
CS2,CCT Europe Closed Qualifier: Series #2 Play-In,2026-05-17,cs2-brute-run2-2026-05-17,Brute,Brute,Brute,2:0 横扫,否（无赛前价存档）
CS2,Exort Series Playoffs,2026-05-17,cs2-lavked-don-2026-05-17,Lavked,Donstu Esports,Lavked,2:1 打满,否（无赛前价存档）
CS2,CCT Europe Closed Qualifier: Series #2 Play-In,2026-05-17,cs2-2007-hypew-2026-05-17,hypewrld,2007,2007,2:1 打满,否（无赛前价存档）
CS2,BetBoom Storm Group Stage,2026-05-17,cs2-bhe-yaw-2026-05-17,Yawara Esports,Bounty Hunters Esports,Bounty Hunters Esports,2:1 打满,否（无赛前价存档）
CS2,BetBoom Storm Group Stage,2026-05-17,cs2-isg-vexa-2026-05-17,Isurus,Isurus,Isurus,2:0 横扫,否（无赛前价存档）
CS2,BetBoom Storm Group Stage,2026-05-17,cs2-krespo-bsta-2026-05-17,BESTIA Academy,ex-KRÜ Esports,ex-KRÜ Esports,2:1 打满,否（无赛前价存档）
CS2,BetBoom Storm Group Stage,2026-05-17,cs2-gls1-keyd-2026-05-17,Keyd,Keyd,Keyd,2:0 横扫,否（无赛前价存档）
CS2,BetBoom Storm Group Stage,2026-05-17,cs2-mw-paina-2026-05-17,METANOIA WOLVES,paiN Academy,paiN Academy,2:1 打满,否（无赛前价存档）
CS2,CCT Europe Contenders #5 Playoffs,2026-05-17,cs2-shishk-ej-2026-05-17,SHISHKA,Endless Journey,Endless Journey,2:1 打满,否（无赛前价存档）
CS2,Parken Challenger Championship 7 Playoffs,2026-05-17,cs2-msc-innerc-2026-05-17,MASONIC,Inner Circle Academy,Inner Circle Academy,2:1 打满,否（无赛前价存档）
CS2,BetBoom Storm Group Stage,2026-05-17,cs2-uno-ge3-2026-05-17,UNO MILLE,UNO MILLE,UNO MILLE,2:0 横扫,否（无赛前价存档）
CS2,Parken Challenger Championship 7 Playoffs,2026-05-17,cs2-bmb-innerc-2026-05-17,BASEMENT BOYS,Inner Circle Academy,BASEMENT BOYS,2:1 打满,否（无赛前价存档）
CS2,CCT Europe Contenders #5 Playoffs,2026-05-17,cs2-cyb-ej-2026-05-17,Endless Journey,Endless Journey,Endless Journey,2:0 横扫,否（无赛前价存档）
CS2,Elisa Open Suomi Regular Season,2026-05-18,cs2-ksm-bojong-2026-05-18,BOJONG,BOJONG,BOJONG,2:0 横扫,否（无赛前价存档）
CS2,Dust2.dk Ligaen Group Stage,2026-05-18,cs2-xi-str4-2026-05-18,struggletony,XI Esport,XI Esport,2:1 打满,否（无赛前价存档）
CS2,Elisa Open Suomi Regular Season,2026-05-18,cs2-tmvg-boyban-2026-05-18,TOOMUCHVIDEOGAMES,BoyBand,BoyBand,2:1 打满,否（无赛前价存档）
CS2,Dust2.dk Ligaen Group Stage,2026-05-18,cs2-washed-sashia-2026-05-18,Washed,Washed,Washed,2:0 横扫,否（无赛前价存档）
CS2,Dust2.dk Ligaen Group Stage,2026-05-18,cs2-masq-invict1-2026-05-18,Invicta,Invicta,Invicta,2:0 横扫,否（无赛前价存档）
CS2,United21 Group D,2026-05-19,cs2-rt1-mana-2026-05-19,MANA eSports,MANA eSports,MANA eSports,2:0 横扫,否（无赛前价存档）
CS2,United21 Group C,2026-05-19,cs2-sng-inf1-2026-05-19,INFURITY Gaming,INFURITY Gaming,INFURITY Gaming,2:0 横扫,否（无赛前价存档）
CS2,CCT Europe Series 2 Group Stage,2026-05-18,cs2-sparta-justpl-2026-05-18,Just Players,Just Players,Just Players,2:0 横扫,否（无赛前价存档）
CS2,BC Game Masters Europe Series #2 Group Stage,2026-05-18,cs2-eac-g1-2026-05-18,GenOne,GenOne,GenOne,2:0 横扫,否（无赛前价存档）
CS2,BC Game Masters Europe Series #2 Group Stage,2026-05-18,cs2-ruby1-ast-2026-05-18,ASTRAL,ASTRAL,ASTRAL,2:0 横扫,否（无赛前价存档）
CS2,BC Game Masters Europe Series #2 Group Stage,2026-05-18,cs2-fnc-zerote-2026-05-18,fnatic,ex-Zero Tenacity,fnatic,2:1 打满,否（无赛前价存档）
CS2,CCT Europe Series 2 Group Stage,2026-05-19,cs2-ruby1-g1-2026-05-19,ex-RUBY,ex-RUBY,ex-RUBY,2:0 横扫,否（无赛前价存档）
CS2,CCT Europe Series 2 Group Stage,2026-05-19,cs2-am-brute-2026-05-19,Brute,Brute,Brute,2:0 横扫,否（无赛前价存档）
CS2,Dust2.dk Ligaen Group Stage,2026-05-18,cs2-msc-820-2026-05-18,MASONIC,MASONIC,MASONIC,2:0 横扫,否（无赛前价存档）
CS2,BC Game Masters Europe Series #2 Group Stage,2026-05-18,cs2-am-meg1-2026-05-18,AM Gaming,megoshort,AM Gaming,2:1 打满,否（无赛前价存档）
CS2,BetBoom Storm Group Stage,2026-05-18,cs2-gls1-paina-2026-05-18,Galorys,Galorys,Galorys,2:0 横扫,否（无赛前价存档）
CS2,BetBoom Storm Group Stage,2026-05-18,cs2-vexa-uno-2026-05-18,UNO MILLE,UNO MILLE,UNO MILLE,2:0 横扫,否（无赛前价存档）
CS2,BetBoom Storm Group Stage,2026-05-18,cs2-yaw-krespo-2026-05-18,Yawara Esports,Yawara Esports,Yawara Esports,2:0 横扫,否（无赛前价存档）
CS2,CCT Europe Series 2 Group Stage,2026-05-18,cs2-ursa-lc-2026-05-18,Lazer Cats,Ursa,Lazer Cats,2:1 打满,否（无赛前价存档）
CS2,CCT Europe Series 2 Group Stage,2026-05-19,cs2-fnc-fal-2026-05-19,fnatic,fnatic,fnatic,2:0 横扫,否（无赛前价存档）
CS2,CCT South America Series 2 Group Stage,2026-05-18,cs2-vexa-bk-2026-05-18,Vexa,Vexa,Vexa,2:0 横扫,否（无赛前价存档）
CS2,CCT South America Series 2 Group Stage,2026-05-18,cs2-hwga-red7-2026-05-18,Red Feet,HereWeGoAgain,Red Feet,2:1 打满,否（无赛前价存档）
CS2,Exort Series Contenders Stage,2026-05-18,cs2-inf1-drama-2026-05-18,INFURITY Gaming,Drama eSports,INFURITY Gaming,2:1 打满,否（无赛前价存档）
CS2,Exort Series Contenders Stage,2026-05-18,cs2-shishk-pitsto-2026-05-18,SHISHKA,SHISHKA,SHISHKA,2:0 横扫,否（无赛前价存档）
CS2,Exort Series Contenders Stage,2026-05-18,cs2-xept-dia-2026-05-18,Diamant Esports,Diamant Esports,Diamant Esports,2:0 横扫,否（无赛前价存档）
CS2,CCT South America Series 2 Group Stage,2026-05-19,cs2-r2-mw-2026-05-19,METANOIA WOLVES,R2 Esports Club,METANOIA WOLVES,2:1 打满,否（无赛前价存档）
CS2,CCT South America Series 2 Group Stage,2026-05-19,cs2-krespo-paina-2026-05-19,paiN Academy,ex-KRÜ Esports,paiN Academy,2:1 打满,否（无赛前价存档）
CS2,CCT South America Series 2 Group Stage,2026-05-19,cs2-mibra-pcy-2026-05-19,MIBR Academy,Procyon Gaming,Procyon Gaming,2:1 打满,否（无赛前价存档）
CS2,XPortal Playoffs,2026-05-23,cs2-tlr-eac-2026-05-23,Esport Academy Copenhagen,Esport Academy Copenhagen,Esport Academy Copenhagen,2:0 横扫,否（无赛前价存档）
CS2,XPortal Playoffs,2026-05-23,cs2-atreid-ence-2026-05-23,Atreides,Atreides,Atreides,2:0 横扫,否（无赛前价存档）
CS2,XPortal Playoffs,2026-05-23,cs2-jjh-fpr-2026-05-23,JiJieHao,JiJieHao,JiJieHao,2:0 横扫,否（无赛前价存档）
CS2,XPortal Playoffs,2026-05-23,cs2-unity-bmb-2026-05-23,BASEMENT BOYS,UNiTY esports,BASEMENT BOYS,2:1 打满,否（无赛前价存档）
CS2,BC Game Masters Europe Series #2 Group Stage,2026-05-19,cs2-ef1-run2-2026-05-19,Rune Eaters,Eternal Fire,Eternal Fire,2:1 打满,否（无赛前价存档）
CS2,BC Game Masters Europe Series #2 Group Stage,2026-05-19,cs2-ursa-algo1-2026-05-19,ALGO Esports,Ursa,Ursa,2:1 打满,否（无赛前价存档）
CS2,CCT Europe Closed Qualifier: Series#3 Group A,2026-05-19,cs2-hashir-yn-2026-05-19,Hashiras,Hashiras,Hashiras,2:0 横扫,否（无赛前价存档）
CS2,CCT Europe Closed Qualifier: Series#3 Group B,2026-05-19,cs2-ast-cyb-2026-05-19,CYBERSHOKE Prospects,ASTRAL,CYBERSHOKE Prospects,2:1 打满,否（无赛前价存档）
CS2,CCT Europe Closed Qualifier: Series#3 Group B,2026-05-19,cs2-msc-projec-2026-05-19,Project 91,MASONIC,MASONIC,2:1 打满,否（无赛前价存档）
CS2,European Pro League Regular Playoffs,2026-05-19,cs2-wraith-algo1-2026-05-19,ALGO Esports,ALGO Esports,ALGO Esports,2:0 横扫,否（无赛前价存档）
CS2,CCT Europe Closed Qualifier: Series#3 Group A,2026-05-19,cs2-bbp-mis-2026-05-19,Bebop,Bebop,Bebop,2:0 横扫,否（无赛前价存档）
CS2,CCT Europe Closed Qualifier: Series#3 Group D,2026-05-21,cs2-run2-bw-2026-05-21,Rune Eaters,Rune Eaters,Rune Eaters,2:0 横扫,否（无赛前价存档）
CS2,CCT Europe Closed Qualifier: Series#3 Group C,2026-05-21,cs2-zerote-co-2026-05-21,ex-Zero Tenacity,Clair Obscur,ex-Zero Tenacity,2:1 打满,否（无赛前价存档）
CS2,CCT Europe Closed Qualifier: Series#3 Group D,2026-05-21,cs2-2007-lilmix-2026-05-21,Lilmix,2007,2007,2:1 打满,否（无赛前价存档）
CS2,CCT Europe Series 2 Group Stage,2026-05-19,cs2-pha-tnc-2026-05-19,Phantom,Phantom,Phantom,2:0 横扫,否（无赛前价存档）
CS2,Exort Series Contenders Stage,2026-05-19,cs2-melill-haven-2026-05-19,Melilla Titans,HAVENs,Melilla Titans,2:1 打满,否（无赛前价存档）
CS2,Exort Series Contenders Stage,2026-05-19,cs2-esb-vortex-2026-05-19,Vortex CGO,eSuba,Vortex CGO,2:1 打满,否（无赛前价存档）
CS2,European Pro League Regular Playoffs,2026-05-20,cs2-algo1-eac-2026-05-20,ALGO Esports,ALGO Esports,ALGO Esports,2:0 横扫,否（无赛前价存档）
CS2,European Pro League Regular Playoffs,2026-05-20,cs2-kinoa-biga-2026-05-20,BIG Academy,BIG Academy,BIG Academy,2:0 横扫,否（无赛前价存档）
CS2,BetBoom Storm Playoffs,2026-05-21,cs2-bhe-gls1-2026-05-21,Bounty Hunters Esports,Galorys,Galorys,2:1 打满,否（无赛前价存档）
CS2,United21 Playoffs,2026-05-20,cs2-lph-mana-2026-05-20,MANA eSports,LPH Gaming,MANA eSports,2:1 打满,否（无赛前价存档）
CS2,United21 Playoffs,2026-05-20,cs2-algo1-inf1-2026-05-20,ALGO Esports,ALGO Esports,ALGO Esports,2:0 横扫,否（无赛前价存档）
CS2,United21 Playoffs,2026-05-20,cs2-kinoa-pre-2026-05-20,Kinoa,Prestige,Prestige,2:1 打满,否（无赛前价存档）
CS2,BetBoom Storm Playoffs,2026-05-22,cs2-ldp-yaw-2026-05-22,Yawara Esports,largadosypelados,largadosypelados,2:1 打满,否（无赛前价存档）
CS2,BetBoom Storm Playoffs,2026-05-22,cs2-keyd-isg-2026-05-22,Keyd,Isurus,Keyd,2:1 打满,否（无赛前价存档）
CS2,Dust2.dk Ligaen Group Stage,2026-05-20,cs2-sta6-eclips-2026-05-20,STATE,STATE,STATE,2:0 横扫,否（无赛前价存档）
CS2,CCT Europe Closed Qualifier: Series #3 Group B,2026-05-20,cs2-ast-projec-2026-05-20,ASTRAL,Project 91,ASTRAL,2:1 打满,否（无赛前价存档）
CS2,CCT Europe Closed Qualifier: Series #3 Group B,2026-05-20,cs2-cyb-msc-2026-05-20,CYBERSHOKE Prospects,MASONIC,CYBERSHOKE Prospects,2:1 打满,否（无赛前价存档）
CS2,CCT Europe Closed Qualifier: Series #3 Group C,2026-05-21,cs2-saw2-jul-2026-05-21,SAW,SAW,SAW,2:0 横扫,否（无赛前价存档）
CS2,CCT Europe Closed Qualifier: Series #3 Group A,2026-05-20,cs2-yn-mis-2026-05-20,Misa Esports,Young Ninjas,Misa Esports,2:1 打满,否（无赛前价存档）
CS2,CCT Europe Closed Qualifier: Series #3 Group A,2026-05-20,cs2-hashir-bbp-2026-05-20,Hashiras,Hashiras,Hashiras,2:0 横扫,否（无赛前价存档）
CS2,NODWIN Clutch Series Playoffs,2026-05-20,cs2-wal2-tri9-2026-05-20,Walczaki,Tricked,Tricked,2:1 打满,否（无赛前价存档）
CS2,NODWIN Clutch Series Playoffs,2026-05-20,cs2-nemi1-ntr-2026-05-20,Nuclear TigeRES,Nuclear TigeRES,Nuclear TigeRES,2:0 横扫,否（无赛前价存档）
CS2,NODWIN Clutch Series Playoffs,2026-05-20,cs2-ruby1-hotu-2026-05-20,ex-RUBY,HOTU,HOTU,2:1 打满,否（无赛前价存档）
CS2,NODWIN Clutch Series Playoffs,2026-05-20,cs2-1win-fokus-2026-05-20,FOKUS,1WIN,1WIN,2:1 打满,否（无赛前价存档）
CS2,CCT Europe Series 2 Group Stage,2026-05-20,cs2-am-fal-2026-05-20,AM Gaming,AM Gaming,AM Gaming,2:0 横扫,否（无赛前价存档）
CS2,CCT Europe Series 2 Group Stage,2026-05-20,cs2-sparta-g1-2026-05-20,GenOne,SPARTA,GenOne,2:1 打满,否（无赛前价存档）
CS2,CIS LAN Championship Group C,2026-05-25,cs2-ww-trick-2026-05-25,WW Team,WW Team,WW Team,2:0 横扫,否（无赛前价存档）
CS2,CIS LAN Championship Group B,2026-05-26,cs2-arc4-163n-2026-05-26,ARCRED,ARCRED,ARCRED,2:0 横扫,否（无赛前价存档）
CS2,CIS LAN Championship Group A,2026-05-25,cs2-ntr-oxuji-2026-05-25,Nuclear TigeRES,Nuclear TigeRES,Nuclear TigeRES,2:0 横扫,否（无赛前价存档）
CS2,CIS LAN Championship Group B,2026-05-26,cs2-33-auryb-2026-05-26,Aurora Young Blood,Aurora Young Blood,Aurora Young Blood,2:0 横扫,否（无赛前价存档）
CS2,CIS LAN Championship Group D,2026-05-26,cs2-1win-vp-2026-05-26,Virtus.pro,Virtus.pro,Virtus.pro,2:0 横扫,否（无赛前价存档）
CS2,BC Game Masters Europe Series #2 Group Stage,2026-05-20,cs2-lavked-zerote-2026-05-20,ex-Zero Tenacity,Lavked,Lavked,2:1 打满,否（无赛前价存档）
CS2,BC Game Masters Europe Series #2 Group Stage,2026-05-20,cs2-algo1-heroa-2026-05-20,ALGO Esports,HEROIC Academy,HEROIC Academy,2:1 打满,否（无赛前价存档）
CS2,BC Game Masters Europe Series #2 Group Stage,2026-05-20,cs2-ruby1-run2-2026-05-20,ex-RUBY,Rune Eaters,ex-RUBY,2:1 打满,否（无赛前价存档）
CS2,CCT South America Series 2 Group Stage,2026-05-20,cs2-mibra-r2-2026-05-20,MIBR Academy,MIBR Academy,MIBR Academy,2:0 横扫,否（无赛前价存档）
CS2,CCT South America Series 2 Group Stage,2026-05-20,cs2-krespo-ge3-2026-05-20,ex-KRÜ Esports,ex-KRÜ Esports,ex-KRÜ Esports,2:0 横扫,否（无赛前价存档）
CS2,CCT South America Series 2 Group Stage,2026-05-20,cs2-vexa-red7-2026-05-20,Red Feet,Vexa,Vexa,2:1 打满,否（无赛前价存档）
CS2,BetBoom Storm Playoffs,2026-05-21,cs2-fdb-uno-2026-05-21,UNO MILLE,Fake do Biru,Fake do Biru,2:1 打满,否（无赛前价存档）
CS2,United21 Playoffs,2026-05-21,cs2-masq-navij1-2026-05-21,NAVI Junior,NAVI Junior,NAVI Junior,2:0 横扫,否（无赛前价存档）
CS2,CS Asia Championships Group B,2026-05-20,cs2-3dmax-tl1-2026-05-20,Liquid,3DMAX,Liquid,2:1 打满,否（无赛前价存档）
CS2,CS Asia Championships Group B,2026-05-20,cs2-mibr-prv-2026-05-20,MIBR,MIBR,MIBR,2:0 横扫,否（无赛前价存档）
CS2,CS Asia Championships Group B,2026-05-20,cs2-mglz-b8-2026-05-20,B8,TheMongolz,B8,2:1 打满,否（无赛前价存档）
CS2,CS Asia Championships Group B,2026-05-21,cs2-lvg-nip-2026-05-21,Lynn Vision,NIP,Lynn Vision,2:1 打满,否（无赛前价存档）
CS2,Exort Series Contenders Stage,2026-05-20,cs2-csgopo-inf1-2026-05-20,CSGOPOSITIVE,INFURITY Gaming,CSGOPOSITIVE,2:1 打满,否（无赛前价存档）
CS2,Exort Series Contenders Stage,2026-05-20,cs2-shishk-vortex-2026-05-20,SHISHKA,SHISHKA,SHISHKA,2:0 横扫,否（无赛前价存档）
CS2,Exort Series Contenders Stage,2026-05-20,cs2-melill-ksm-2026-05-20,KUUSAMO.gg,KUUSAMO.gg,KUUSAMO.gg,2:0 横扫,否（无赛前价存档）
CS2,CS Asia Championships Group A,2026-05-20,cs2-lgc-tyloo-2026-05-20,Legacy,Legacy,Legacy,2:0 横扫,否（无赛前价存档）
CS2,CS Asia Championships Group A,2026-05-20,cs2-nrg-mouz-2026-05-20,NRG,MOUZ,MOUZ,2:1 打满,否（无赛前价存档）
CS2,CCT Europe Series 2 Group Stage,2026-05-21,cs2-pha-leo2-2026-05-21,Leo Team,Phantom,Phantom,2:1 打满,否（无赛前价存档）
CS2,CCT Europe Series 2 Group Stage,2026-05-21,cs2-fnc-brute-2026-05-21,fnatic,fnatic,fnatic,2:0 横扫,否（无赛前价存档）
CS2,CCT Europe Series 2 Group Stage,2026-05-21,cs2-algo1-lc-2026-05-21,ALGO Esports,Lazer Cats,ALGO Esports,2:1 打满,否（无赛前价存档）
CS2,CCT Europe Series 2 Group Stage,2026-05-21,cs2-ruby1-justpl-2026-05-21,ex-RUBY,ex-RUBY,ex-RUBY,2:0 横扫,否（无赛前价存档）
CS2,Thunderpick World Championship European Series #1 Group B,2026-05-23,cs2-omega1-ast-2026-05-23,Omega,Omega,Omega,2:0 横扫,否（无赛前价存档）
CS2,Thunderpick World Championship European Series #1 Group D,2026-05-25,cs2-hs2-bbp-2026-05-25,HyperSpirit,Bebop,HyperSpirit,2:1 打满,否（无赛前价存档）
CS2,Thunderpick World Championship European Series #1 Group A,2026-05-23,cs2-g1-mana-2026-05-23,GenOne,GenOne,GenOne,2:0 横扫,否（无赛前价存档）
CS2,Thunderpick World Championship European Series #1 Group A,2026-05-23,cs2-eac-hashir-2026-05-23,Esport Academy Copenhagen,Esport Academy Copenhagen,Esport Academy Copenhagen,2:0 横扫,否（无赛前价存档）
CS2,Thunderpick World Championship European Series #1 Group C,2026-05-25,cs2-lc-2007-2026-05-25,Lazer Cats,2007,2007,2:1 打满,否（无赛前价存档）
CS2,CS Asia Championships Group A,2026-05-21,cs2-bcg-pain-2026-05-21,paiN,paiN,paiN,2:0 横扫,否（无赛前价存档）
CS2,CS Asia Championships Group A,2026-05-20,cs2-fal2-m80-2026-05-20,Team Falcons,Team Falcons,Team Falcons,2:0 横扫,否（无赛前价存档）
CS2,CS Asia Championships Group B,2026-05-21,cs2-mibr-b8-2026-05-21,MIBR,B8,MIBR,2:1 打满,否（无赛前价存档）
CS2,CS Asia Championships Group A,2026-05-21,cs2-fal2-lgc-2026-05-21,Team Falcons,Team Falcons,Team Falcons,2:0 横扫,否（无赛前价存档）
CS2,BC Game Masters Europe Series #2 Group Stage,2026-05-21,cs2-am-g1-2026-05-21,GenOne,AM Gaming,AM Gaming,2:1 打满,否（无赛前价存档）
CS2,BC Game Masters Europe Series #2 Group Stage,2026-05-21,cs2-ef1-ast-2026-05-21,Eternal Fire,Eternal Fire,Eternal Fire,2:0 横扫,否（无赛前价存档）
CS2,GLuck Yungstar Playoffs,2026-05-22,cs2-ep-wc3-2026-05-22,WeClear,eternal premium,eternal premium,2:1 打满,否（无赛前价存档）
CS2,GLuck Yungstar Playoffs,2026-05-22,cs2-tsab-auryb-2026-05-22,Aurora Young Blood,Spirit Academy Black,Spirit Academy Black,2:1 打满,否（无赛前价存档）
CS2,GLuck Yungstar Playoffs,2026-05-22,cs2-baks-xcity-2026-05-22,BakS eSports,BakS eSports,BakS eSports,2:0 横扫,否（无赛前价存档）
CS2,United21 Playoffs,2026-05-22,cs2-lph-inf1-2026-05-22,LPH Gaming,LPH Gaming,LPH Gaming,2:0 横扫,否（无赛前价存档）
CS2,NODWIN Clutch Series Playoffs,2026-05-21,cs2-hotu-tri9-2026-05-21,Tricked,Tricked,Tricked,2:0 横扫,否（无赛前价存档）
CS2,Dust2.dk Ligaen Group Stage,2026-05-21,cs2-en2-waz-2026-05-21,WAZABI,Evo Novo,Evo Novo,2:1 打满,否（无赛前价存档）
CS2,Dust2.dk Ligaen Group Stage,2026-05-21,cs2-for10-aabb-2026-05-21,AaB Bulls,AaB Bulls,AaB Bulls,2:0 横扫,否（无赛前价存档）
CS2,NODWIN Clutch Series Playoffs,2026-05-21,cs2-ntr-1win-2026-05-21,1WIN,1WIN,1WIN,2:0 横扫,否（无赛前价存档）
CS2,CS Asia Championships Group A,2026-05-21,cs2-m80-mouz-2026-05-21,MOUZ,M80,MOUZ,2:1 打满,否（无赛前价存档）
CS2,BC Game Masters Europe Series #2 Group Stage,2026-05-21,cs2-eac-meg1-2026-05-21,megoshort,Esport Academy Copenhagen,megoshort,2:1 打满,否（无赛前价存档）
CS2,CS Asia Championships Group B,2026-05-21,cs2-mglz-tl1-2026-05-21,Liquid,TheMongolz,TheMongolz,2:1 打满,否（无赛前价存档）
CS2,CCT South America Series 2 Playoffs,2026-05-21,cs2-isg-pcy-2026-05-21,Isurus,Isurus,Isurus,2:0 横扫,否（无赛前价存档）
CS2,CCT South America Series 2 Playoffs,2026-05-21,cs2-yaw-bsta-2026-05-21,Yawara Esports,Yawara Esports,Yawara Esports,2:0 横扫,否（无赛前价存档）
CS2,CCT South America Series 2 Playoffs,2026-05-22,cs2-fdb-paina-2026-05-22,paiN Academy,Fake do Biru,paiN Academy,2:1 打满,否（无赛前价存档）
CS2,CCT South America Series 2 Playoffs,2026-05-22,cs2-keyd-mw-2026-05-22,Keyd,Keyd,Keyd,2:0 横扫,否（无赛前价存档）
CS2,CCT South America Series 2 Playoffs,2026-05-22,cs2-uno-alkaa-2026-05-22,UNO MILLE,UNO MILLE,UNO MILLE,2:0 横扫,否（无赛前价存档）
CS2,CCT South America Series 2 Playoffs,2026-05-21,cs2-ldp-vexa-2026-05-21,largadosypelados,largadosypelados,largadosypelados,2:0 横扫,否（无赛前价存档）
CS2,CCT South America Series 2 Playoffs,2026-05-21,cs2-gls1-krespo-2026-05-21,Galorys,ex-KRÜ Esports,Galorys,2:1 打满,否（无赛前价存档）
CS2,CCT South America Series 2 Playoffs,2026-05-22,cs2-bhe-mibra-2026-05-22,Bounty Hunters Esports,MIBR Academy,Bounty Hunters Esports,2:1 打满,否（无赛前价存档）
CS2,Dust2.dk Ligaen Group Stage,2026-05-21,cs2-ll2-flod-2026-05-21,Linx Legacy Esport,Linx Legacy Esport,Linx Legacy Esport,2:0 横扫,否（无赛前价存档）
CS2,CS Asia Championships Group A,2026-05-21,cs2-tyloo-pain-2026-05-21,paiN,TYLOO,paiN,2:1 打满,否（无赛前价存档）
CS2,CS Asia Championships Group B,2026-05-21,cs2-prv-lvg-2026-05-21,PARIVISION,PARIVISION,PARIVISION,2:0 横扫,否（无赛前价存档）
CS2,European Pro League Regular Playoffs,2026-05-21,cs2-kinoa-algo1-2026-05-21,ALGO Esports,Kinoa,Kinoa,2:1 打满,否（无赛前价存档）
CS2,NODWIN Clutch Series Playoffs,2026-05-21,cs2-tri9-1win-2026-05-21,1WIN,1WIN,1WIN,2:0 横扫,否（无赛前价存档）
CS2,CS Asia Championships Group B,2026-05-22,cs2-mglz-prv-2026-05-22,TheMongolz,TheMongolz,TheMongolz,2:0 横扫,否（无赛前价存档）
CS2,CS Asia Championships Group A,2026-05-22,cs2-mouz-pain-2026-05-22,MOUZ,MOUZ,MOUZ,2:0 横扫,否（无赛前价存档）
CS2,United21 Playoffs,2026-05-23,cs2-pre-navij1-2026-05-23,NAVI Junior,NAVI Junior,NAVI Junior,2:0 横扫,否（无赛前价存档）
CS2,United21 Playoffs,2026-05-22,cs2-kinoa-masq-2026-05-22,Kinoa,Kinoa,Kinoa,2:0 横扫,否（无赛前价存档）
CS2,Gamers Club Liga Série A Group C,2026-05-22,cs2-alz-vexa-2026-05-22,Vexa,Vexa,Vexa,2:0 横扫,否（无赛前价存档）
CS2,Gamers Club Liga Série A Group A,2026-05-22,cs2-bsta-dfxpee-2026-05-22,BESTIA Academy,DFX Peek,BESTIA Academy,2:1 打满,否（无赛前价存档）
CS2,Gamers Club Liga Série A Group B,2026-05-26,cs2-furiaf-mar1-2026-05-26,FURIA fe,FURIA fe,FURIA fe,2:0 横扫,否（无赛前价存档）
CS2,Gamers Club Liga Série A Group C,2026-05-25,cs2-9daplu-quin-2026-05-25,QUINTESSÊNCIA,QUINTESSÊNCIA,QUINTESSÊNCIA,2:0 横扫,否（无赛前价存档）
CS2,CCT Europe Closed Qualifier: Series #3 Group D,2026-05-22,cs2-lilmix-bw-2026-05-22,Bushido Wildcats,Bushido Wildcats,Bushido Wildcats,2:0 横扫,否（无赛前价存档）
CS2,CCT Europe Closed Qualifier: Series #3 Group C,2026-05-22,cs2-zerote-saw2-2026-05-22,SAW,SAW,SAW,2:0 横扫,否（无赛前价存档）
CS2,CCT Europe Closed Qualifier: Series #3 Group A,2026-05-23,cs2-mis-bbp-2026-05-23,Bebop,Bebop,Bebop,2:0 横扫,否（无赛前价存档）
CS2,BC Game Masters Europe Series #2 Group Stage,2026-05-22,cs2-lavked-heroa-2026-05-22,HEROIC Academy,Lavked,Lavked,2:1 打满,否（无赛前价存档）
CS2,BC Game Masters Europe Series #2 Group Stage,2026-05-22,cs2-ursa-ast-2026-05-22,Ursa,ASTRAL,Ursa,2:1 打满,否（无赛前价存档）
CS2,BC Game Masters Europe Series #2 Group Stage,2026-05-23,cs2-algo1-zerote-2026-05-23,ex-Zero Tenacity,ex-Zero Tenacity,ex-Zero Tenacity,2:0 横扫,否（无赛前价存档）
CS2,BC Game Masters Europe Series #2 Group Stage,2026-05-23,cs2-eac-run2-2026-05-23,Rune Eaters,Rune Eaters,Rune Eaters,2:0 横扫,否（无赛前价存档）
CS2,BC Game Masters Europe Series #2 Group Stage,2026-05-23,cs2-ruby1-g1-2026-05-23,GenOne,ex-RUBY,ex-RUBY,2:1 打满,否（无赛前价存档）
CS2,Exort Series Contenders Stage,2026-05-22,cs2-shishk-csgopo-2026-05-22,SHISHKA,SHISHKA,SHISHKA,2:0 横扫,否（无赛前价存档）
CS2,Exort Series Contenders Stage,2026-05-22,cs2-ksm-dia-2026-05-22,KUUSAMO.gg,KUUSAMO.gg,KUUSAMO.gg,2:0 横扫,否（无赛前价存档）
CS2,CCT Europe Series 2 Group Stage,2026-05-22,cs2-sparta-fal-2026-05-22,SPARTA,SPARTA,SPARTA,2:0 横扫,否（无赛前价存档）
CS2,BC Game Masters Championship Playoffs,2026-05-22,cs2-shk-bca-2026-05-22,Sharks,Betclic Apogee Esports,Sharks,2:1 打满,否（无赛前价存档）
CS2,BC Game Masters Championship Play-In,2026-05-22,cs2-inf6-rbls-2026-05-22,Rebels Gaming,Rebels Gaming,Rebels Gaming,2:0 横扫,否（无赛前价存档）
CS2,BC Game Masters Championship Play-In,2026-05-22,cs2-ice-og1-2026-05-22,OG,Inner Circle Esports,Inner Circle Esports,2:1 打满,否（无赛前价存档）
CS2,BetBoom Storm Playoffs,2026-05-23,cs2-fdb-gls1-2026-05-23,Fake do Biru,Galorys,Galorys,2:1 打满,否（无赛前价存档）
CS2,CCT Europe Closed Qualifier: Series #3 Group C,2026-05-22,cs2-co-jul-2026-05-22,Julie&cie,Julie&cie,Julie&cie,2:0 横扫,否（无赛前价存档）
CS2,CCT Europe Closed Qualifier: Series #3 Group D,2026-05-22,cs2-2007-run2-2026-05-22,Rune Eaters,Rune Eaters,Rune Eaters,2:0 横扫,否（无赛前价存档）
CS2,CCT Europe Series 2 Group Stage,2026-05-22,cs2-ursa-tnc-2026-05-22,TNC,TNC,TNC,2:0 横扫,否（无赛前价存档）
CS2,CS Asia Championships Playoffs,2026-05-23,cs2-fal2-mouz-2026-05-23,MOUZ,Team Falcons,Team Falcons,2:1 打满,否（无赛前价存档）
CS2,CS Asia Championships Playoffs,2026-05-23,cs2-mibr-lgc-2026-05-23,Legacy,Legacy,Legacy,2:0 横扫,否（无赛前价存档）
CS2,CCT Europe Series 2 Group Stage,2026-05-23,cs2-fnc-algo1-2026-05-23,fnatic,fnatic,fnatic,2:0 横扫,否（无赛前价存档）
CS2,CCT Europe Series 2 Group Stage,2026-05-23,cs2-ruby1-pha-2026-05-23,ex-RUBY,ex-RUBY,ex-RUBY,2:0 横扫,否（无赛前价存档）
CS2,BC Game Masters Championship Playoffs,2026-05-22,cs2-wc1-ice-2026-05-22,Inner Circle Esports,Wildcard,Wildcard,2:1 打满,否（无赛前价存档）
CS2,BC Game Masters Championship Playoffs,2026-05-22,cs2-fokus-rbls-2026-05-22,FOKUS,FOKUS,FOKUS,2:0 横扫,否（无赛前价存档）
CS2,GLuck Yungstar Playoffs,2026-05-22,cs2-wc3-tsab-2026-05-22,Spirit Academy Black,Spirit Academy Black,Spirit Academy Black,2:0 横扫,否（无赛前价存档）
CS2,BC Game Masters Championship Playoffs,2026-05-22,cs2-bca-rbls-2026-05-22,Betclic Apogee Esports,Betclic Apogee Esports,Betclic Apogee Esports,2:0 横扫,否（无赛前价存档）
CS2,GLuck Yungstar Playoffs,2026-05-22,cs2-ep-oxuji-2026-05-22,Oxuji Esports,Oxuji Esports,Oxuji Esports,2:0 横扫,否（无赛前价存档）
CS2,BC Game Masters Championship Playoffs,2026-05-23,cs2-shk-fokus-2026-05-23,Sharks,FOKUS,FOKUS,2:1 打满,否（无赛前价存档）
CS2,European Pro League Series 7 Closed Qualifier Group A,2026-05-23,cs2-heroa-don-2026-05-23,Donstu Esports,Donstu Esports,Donstu Esports,2:0 横扫,否（无赛前价存档）
CS2,CCT Europe Closed Qualifier: Series #3 Group B,2026-05-23,cs2-ast-msc-2026-05-23,MASONIC,ASTRAL,ASTRAL,2:1 打满,否（无赛前价存档）
CS2,CCT Europe Closed Qualifier: Series #3 Group C,2026-05-23,cs2-jul-zerote-2026-05-23,ex-Zero Tenacity,ex-Zero Tenacity,ex-Zero Tenacity,2:0 横扫,否（无赛前价存档）
CS2,BC Game Masters Championship Playoffs,2026-05-22,cs2-gg5-ice-2026-05-22,Inner Circle Esports,Inner Circle Esports,Inner Circle Esports,2:0 横扫,否（无赛前价存档）
CS2,CCT South America Series 2 Playoffs,2026-05-23,cs2-gls1-uno-2026-05-23,UNO MILLE,Galorys,UNO MILLE,2:1 打满,否（无赛前价存档）
CS2,CCT South America Series 2 Playoffs,2026-05-23,cs2-ldp-isg-2026-05-23,largadosypelados,Isurus,largadosypelados,2:1 打满,否（无赛前价存档）
CS2,CCT South America Series 2 Playoffs,2026-05-23,cs2-keyd-paina-2026-05-23,Keyd,paiN Academy,Keyd,2:1 打满,否（无赛前价存档）
CS2,CCT South America Series 2 Playoffs,2026-05-23,cs2-bhe-yaw-2026-05-23,Bounty Hunters Esports,Bounty Hunters Esports,Bounty Hunters Esports,2:0 横扫,否（无赛前价存档）
CS2,CCT Europe Series 2 Group Stage,2026-05-23,cs2-am-justpl-2026-05-23,Just Players,Just Players,Just Players,2:0 横扫,否（无赛前价存档）
CS2,Exort Series Contenders Stage,2026-05-23,cs2-melill-inf1-2026-05-23,INFURITY Gaming,INFURITY Gaming,INFURITY Gaming,2:0 横扫,否（无赛前价存档）
CS2,Exort Series Contenders Stage,2026-05-23,cs2-pitsto-vortex-2026-05-23,Pitstop crew,Pitstop crew,Pitstop crew,2:0 横扫,否（无赛前价存档）
CS2,Exort Series Contenders Stage,2026-05-23,cs2-drama-bb7-2026-05-23,Basement Bobs,Basement Bobs,Basement Bobs,2:0 横扫,否（无赛前价存档）
CS2,CCT Europe Series 2 Group Stage,2026-05-23,cs2-lc-leo2-2026-05-23,Lazer Cats,Leo Team,Leo Team,2:1 打满,否（无赛前价存档）
CS2,GLuck Yungstar Playoffs,2026-05-23,cs2-baks-cyb-2026-05-23,CYBERSHOKE Prospects,BakS eSports,CYBERSHOKE Prospects,2:1 打满,否（无赛前价存档）
CS2,BetBoom Storm Playoffs,2026-05-23,cs2-ldp-keyd-2026-05-23,largadosypelados,largadosypelados,largadosypelados,2:0 横扫,否（无赛前价存档）
CS2,Parken Challenger Championship Playoffs,2026-05-23,cs2-for10-invict1-2026-05-23,Invicta,Invicta,Invicta,2:0 横扫,否（无赛前价存档）
CS2,Parken Challenger Championship Playoffs,2026-05-23,cs2-sashia-strael-2026-05-23,Sashi Academy,Strael-Bora,Sashi Academy,2:1 打满,否（无赛前价存档）
CS2,Conquest of Prague Finals Playoffs,2026-05-23,cs2-all-eye-2026-05-23,EYEBALLERS,EYEBALLERS,EYEBALLERS,2:0 横扫,否（无赛前价存档）
CS2,Conquest of Prague Finals Playoffs,2026-05-23,cs2-wal2-sashi-2026-05-23,Walczaki,Walczaki,Walczaki,2:0 横扫,否（无赛前价存档）
CS2,CCT Europe Closed Qualifier: Series #3 Group D,2026-05-23,cs2-bw-2007-2026-05-23,Bushido Wildcats,Bushido Wildcats,Bushido Wildcats,2:0 横扫,否（无赛前价存档）
CS2,Parken Challenger Championship Playoffs,2026-05-23,cs2-100t-eterna-2026-05-23,100 Thieves,100 Thieves,100 Thieves,2:0 横扫,否（无赛前价存档）
CS2,European Pro League Series 7 Closed Qualifier Group B,2026-05-24,cs2-ent2-waz-2026-05-24,Entropy,Entropy,Entropy,2:0 横扫,否（无赛前价存档）
CS2,European Pro League Series 7 Closed Qualifier Group D,2026-05-26,cs2-ence-cyb-2026-05-26,CYBERSHOKE Prospects,ENCE,CYBERSHOKE Prospects,2:1 打满,否（无赛前价存档）
CS2,European Pro League Series 7 Closed Qualifier Group D,2026-05-26,cs2-unity-atreid-2026-05-26,Atreides,UNiTY esports,Atreides,2:1 打满,否（无赛前价存档）
CS2,European Pro League Series 7 Closed Qualifier Group C,2026-05-27,cs2-yn-lilmix-2026-05-27,Young Ninjas,Lilmix,Young Ninjas,2:1 打满,否（无赛前价存档）
CS2,GLuck Yungstar Playoffs,2026-05-23,cs2-oxuji-tsab-2026-05-23,Oxuji Esports,Oxuji Esports,Oxuji Esports,2:0 横扫,否（无赛前价存档）
CS2,Parken Challenger Championship Playoffs,2026-05-23,cs2-sta6-invict1-2026-05-23,STATE,STATE,STATE,2:0 横扫,否（无赛前价存档）
CS2,Parken Challenger Championship Playoffs,2026-05-23,cs2-100t-sashia-2026-05-23,100 Thieves,100 Thieves,100 Thieves,2:0 横扫,否（无赛前价存档）
CS2,CS Asia Championships Playoffs,2026-05-23,cs2-mouz-mibr-2026-05-23,MOUZ,MOUZ,MOUZ,2:0 横扫,否（无赛前价存档）
CS2,CCT Europe Challengers Series Playoffs,2026-05-23,cs2-projec-ec1-2026-05-23,Project 91,Project 91,Project 91,2:0 横扫,否（无赛前价存档）
CS2,BC Game Masters Championship Playoffs,2026-05-23,cs2-ice-shk-2026-05-23,Sharks,Inner Circle Esports,Inner Circle Esports,2:1 打满,否（无赛前价存档）
CS2,BC Game Masters Championship Playoffs,2026-05-23,cs2-wc1-fokus-2026-05-23,Wildcard,Wildcard,Wildcard,2:0 横扫,否（无赛前价存档）
CS2,Parken Challenger Championship Playoffs,2026-05-23,cs2-for10-sashia-2026-05-23,Fortress,Fortress,Fortress,2:0 横扫,否（无赛前价存档）
CS2,United21 Playoffs,2026-05-24,cs2-pre-lph-2026-05-24,Prestige,Prestige,Prestige,2:0 横扫,否（无赛前价存档）
CS2,United21 Playoffs,2026-05-24,cs2-mana-kinoa-2026-05-24,MANA eSports,MANA eSports,MANA eSports,2:0 横扫,否（无赛前价存档）
CS2,CCT Europe Closed Qualifier: Series #3 Play-In,2026-05-24,cs2-cyb-zerote-2026-05-24,ex-Zero Tenacity,CYBERSHOKE Prospects,ex-Zero Tenacity,2:1 打满,否（无赛前价存档）
CS2,Thunderpick World Championship European Series #1 Group A,2026-05-24,cs2-mana-hashir-2026-05-24,Hashiras,Hashiras,Hashiras,2:0 横扫,否（无赛前价存档）
CS2,CCT Europe Closed Qualifier: Series #3 Play-In,2026-05-24,cs2-hashir-bw-2026-05-24,Bushido Wildcats,Hashiras,Bushido Wildcats,2:1 打满,否（无赛前价存档）
CS2,CCT Europe Closed Qualifier: Series #3 Play-In,2026-05-24,cs2-saw2-ast-2026-05-24,ASTRAL,ASTRAL,ASTRAL,2:0 横扫,否（无赛前价存档）
CS2,Thunderpick World Championship European Series #1 Group A,2026-05-24,cs2-g1-eac-2026-05-24,GenOne,GenOne,GenOne,2:0 横扫,否（无赛前价存档）
CS2,CCT Europe Closed Qualifier: Series #3 Play-In,2026-05-24,cs2-run2-bbp-2026-05-24,Bebop,Rune Eaters,Rune Eaters,2:1 打满,否（无赛前价存档）
CS2,Thunderpick World Championship European Series #1 Group B,2026-05-24,cs2-algo1-omega1-2026-05-24,Omega,ALGO Esports,Omega,2:1 打满,否（无赛前价存档）
CS2,BetBoom Storm Playoffs,2026-05-24,cs2-gls1-ldp-2026-05-24,Galorys,largadosypelados,largadosypelados,2:1 打满,否（无赛前价存档）
CS2,BC Game Masters Championship Playoffs,2026-05-24,cs2-fokus-ice-2026-05-24,Inner Circle Esports,FOKUS,FOKUS,2:1 打满,否（无赛前价存档）
CS2,Parken Challenger Championship Playoffs,2026-05-24,cs2-100t-sta6-2026-05-24,100 Thieves,100 Thieves,100 Thieves,2:0 横扫,否（无赛前价存档）
CS2,XPortal Playoffs,2026-05-24,cs2-jjh-bmb-2026-05-24,JiJieHao,JiJieHao,JiJieHao,2:0 横扫,否（无赛前价存档）
CS2,CCT South America Series 2 Playoffs,2026-05-24,cs2-bhe-keyd-2026-05-24,Bounty Hunters Esports,Bounty Hunters Esports,Bounty Hunters Esports,2:0 横扫,否（无赛前价存档）
CS2,BC Game Masters Europe Series #2 Group Stage,2026-05-25,cs2-heroa-run2-2026-05-25,Rune Eaters,Rune Eaters,Rune Eaters,2:0 横扫,否（无赛前价存档）
CS2,Conquest of Prague Finals Playoffs,2026-05-24,cs2-wal2-all-2026-05-24,Alliance,Alliance,Alliance,2:0 横扫,否（无赛前价存档）
CS2,Parken Challenger Championship Playoffs,2026-05-24,cs2-strael-for10-2026-05-24,Fortress,Fortress,Fortress,2:0 横扫,否（无赛前价存档）
CS2,XPortal Playoffs,2026-05-24,cs2-eac-atreid-2026-05-24,Esport Academy Copenhagen,Atreides,Atreides,2:1 打满,否（无赛前价存档）
CS2,BC Game Masters Europe Series #2 Group Stage,2026-05-24,cs2-fnc-lavked-2026-05-24,fnatic,Lavked,Lavked,2:1 打满,否（无赛前价存档）
CS2,BC Game Masters Europe Series #2 Group Stage,2026-05-24,cs2-g1-meg1-2026-05-24,GenOne,GenOne,GenOne,2:0 横扫,否（无赛前价存档）
CS2,Exort Series Contenders Stage,2026-05-24,cs2-csgopo-dia-2026-05-24,CSGOPOSITIVE,CSGOPOSITIVE,CSGOPOSITIVE,2:0 横扫,否（无赛前价存档）
CS2,CCT Europe Series 2 Group Stage,2026-05-25,cs2-pha-brute-2026-05-25,Phantom,Phantom,Phantom,2:0 横扫,否（无赛前价存档）
CS2,CCT Europe Series 2 Group Stage,2026-05-24,cs2-am-tnc-2026-05-24,AM Gaming,TNC,AM Gaming,2:1 打满,否（无赛前价存档）
CS2,CCT Europe Series 2 Group Stage,2026-05-24,cs2-sparta-lc-2026-05-24,Lazer Cats,SPARTA,Lazer Cats,2:1 打满,否（无赛前价存档）
CS2,CCT Europe Series 2 Group Stage,2026-05-25,cs2-leo2-g1-2026-05-25,GenOne,GenOne,GenOne,2:0 横扫,否（无赛前价存档）
CS2,CCT Europe Series 2 Group Stage,2026-05-25,cs2-algo1-justpl-2026-05-25,Just Players,Just Players,Just Players,2:0 横扫,否（无赛前价存档）
CS2,CCT Europe Challengers Series Playoffs,2026-05-24,cs2-subtop-drip-2026-05-24,Dripmen,Subtop De France,Dripmen,2:1 打满,否（无赛前价存档）
CS2,NODWIN Clutch Series Play-In Group A,2026-05-25,cs2-rust-ent2-2026-05-25,RUSTEC,RUSTEC,RUSTEC,2:0 横扫,否（无赛前价存档）
CS2,NODWIN Clutch Series Play-In Group B,2026-05-25,cs2-mana-fal-2026-05-25,Falcons Force,MANA eSports,MANA eSports,2:1 打满,否（无赛前价存档）
CS2,NODWIN Clutch Series Play-In Group D,2026-05-28,cs2-pha-atreid-2026-05-28,Atreides,Atreides,Atreides,2:0 横扫,否（无赛前价存档）
CS2,NODWIN Clutch Series Play-In Group C,2026-05-28,cs2-inox-zerote-2026-05-28,INOX Division,INOX Division,INOX Division,2:0 横扫,否（无赛前价存档）
CS2,NODWIN Clutch Series Play-In Group A,2026-05-25,cs2-g2a-lilmix-2026-05-25,Lilmix,Lilmix,Lilmix,2:0 横扫,否（无赛前价存档）
CS2,NODWIN Clutch Series Play-In Group C,2026-05-28,cs2-aaa-unity-2026-05-28,UNiTY esports,UNiTY esports,UNiTY esports,2:0 横扫,否（无赛前价存档）
CS2,Parken Challenger Championship Playoffs,2026-05-24,cs2-for10-sta6-2026-05-24,STATE,STATE,STATE,2:0 横扫,否（无赛前价存档）
CS2,European Pro League Series 7 Closed Qualifier Group A,2026-05-27,cs2-heroa-g1-2026-05-27,GenOne,HEROIC Academy,GenOne,2:1 打满,否（无赛前价存档）
CS2,BC Game Masters Championship Playoffs,2026-05-24,cs2-wc1-fokus-2026-05-24,Wildcard,FOKUS,Wildcard,2:1 打满,否（无赛前价存档）
CS2,Conquest of Prague Finals Playoffs,2026-05-24,cs2-eye-all-2026-05-24,Alliance,EYEBALLERS,Alliance,2:1 打满,否（无赛前价存档）
CS2,XPortal Playoffs,2026-05-24,cs2-atreid-jjh-2026-05-24,Atreides,Atreides,Atreides,2:0 横扫,否（无赛前价存档）
CS2,Elisa Open Suomi Regular Season,2026-05-24,cs2-kajo-boyban-2026-05-24,BoyBand,BoyBand,BoyBand,2:0 横扫,否（无赛前价存档）
CS2,Elisa Open Suomi Regular Season,2026-05-25,cs2-ence-cirahv-2026-05-25,ENCE,ENCE,ENCE,2:0 横扫,否（无赛前价存档）
CS2,United21 Playoffs,2026-05-25,cs2-pre-mana-2026-05-25,Prestige,MANA eSports,Prestige,2:1 打满,否（无赛前价存档）
CS2,CCT South America Series 2 Playoffs,2026-05-24,cs2-ldp-bhe-2026-05-24,Bounty Hunters Esports,Bounty Hunters Esports,Bounty Hunters Esports,2:0 横扫,否（无赛前价存档）
CS2,CCT Europe Series 3 Group Stage,2026-05-25,cs2-ursa-aaa-2026-05-25,Ursa,Ursa,Ursa,2:0 横扫,否（无赛前价存档）
CS2,CCT Europe Series 3 Group Stage,2026-05-25,cs2-lavked-pha-2026-05-25,Lavked,Phantom,Phantom,2:1 打满,否（无赛前价存档）
CS2,CCT Europe Series 3 Group Stage,2026-05-25,cs2-ruby1-run2-2026-05-25,Rune Eaters,ex-RUBY,ex-RUBY,2:1 打满,否（无赛前价存档）
CS2,BC Game Masters Europe Series #2 Group Stage,2026-05-25,cs2-ruby1-ursa-2026-05-25,Ursa,ex-RUBY,Ursa,2:1 打满,否（无赛前价存档）
CS2,CCT Europe Challengers Series Playoffs,2026-05-25,cs2-saw2-subtop-2026-05-25,SAW,SAW,SAW,2:0 横扫,否（无赛前价存档）
CS2,CCT Europe Challengers Series Playoffs,2026-05-25,cs2-hashir-newvis-2026-05-25,Hashiras,NEW VISION,NEW VISION,2:1 打满,否（无赛前价存档）
CS2,BC Game Masters Europe Series #2 Group Stage,2026-05-25,cs2-ast-zerote-2026-05-25,ASTRAL,ASTRAL,ASTRAL,2:0 横扫,否（无赛前价存档）
CS2,CCT Europe Series 3 Group Stage,2026-05-26,cs2-rbls-ast-2026-05-26,Rebels Gaming,ASTRAL,ASTRAL,2:1 打满,否（无赛前价存档）
CS2,CCT Europe Series 3 Group Stage,2026-05-26,cs2-kol-bw-2026-05-26,KOLESIE,Bushido Wildcats,KOLESIE,2:1 打满,否（无赛前价存档）
CS2,European Pro League Series 7 Closed Qualifier Group C,2026-05-25,cs2-tnc-mis-2026-05-25,TNC,Misa Esports,TNC,2:1 打满,否（无赛前价存档）
CS2,Gamers Club Liga Série A Group A,2026-05-25,cs2-ldp-reda-2026-05-25,RED Canids Academy,largadosypelados,RED Canids Academy,2:1 打满,否（无赛前价存档）
CS2,CCT Europe Challengers Series Playoffs,2026-05-26,cs2-g2a-mis-2026-05-26,G2 Ares,G2 Ares,G2 Ares,2:0 横扫,否（无赛前价存档）
CS2,CCT Europe Challengers Series Playoffs,2026-05-26,cs2-don-bw-2026-05-26,Bushido Wildcats,Bushido Wildcats,Bushido Wildcats,2:0 横扫,否（无赛前价存档）
CS2,CIS LAN Championship Group A,2026-05-25,cs2-sparta-ntr-2026-05-25,SPARTA,Nuclear TigeRES,Nuclear TigeRES,2:1 打满,否（无赛前价存档）
CS2,Exort Series Contenders Stage,2026-05-25,cs2-esb-drama-2026-05-25,Drama eSports,eSuba,eSuba,2:1 打满,否（无赛前价存档）
CS2,ESL Challenger League Europe Finals Playoffs,2026-05-26,cs2-nem-inox-2026-05-26,Team Nemesis,Team Nemesis,Team Nemesis,2:0 横扫,否（无赛前价存档）
CS2,ESL Challenger League North America Finals Playoffs,2026-05-26,cs2-m80-iowast-2026-05-26,M80,M80,M80,2:0 横扫,否（无赛前价存档）
CS2,ESL Challenger League Europe Finals Playoffs,2026-05-27,cs2-tdk-nemi1-2026-05-27,TDK,Nemiga,TDK,2:1 打满,否（无赛前价存档）
CS2,ESL Challenger League North America Finals Playoffs,2026-05-27,cs2-cce-voc-2026-05-27,Voca,Voca,Voca,2:0 横扫,否（无赛前价存档）
CS2,CIS LAN Championship Group A,2026-05-25,cs2-oxuji-sparta-2026-05-25,Oxuji Esports,Oxuji Esports,Oxuji Esports,2:0 横扫,否（无赛前价存档）
CS2,Circuit X Base Recife Group A,2026-05-27,cs2-bst-25cent-2026-05-27,BESTIA,BESTIA,BESTIA,2:0 横扫,否（无赛前价存档）
CS2,Circuit X Base Recife Group A,2026-05-27,cs2-gls1-ldp-2026-05-27,Galorys,Galorys,Galorys,2:0 横扫,否（无赛前价存档）
CS2,Circuit X Base Recife Group B,2026-05-27,cs2-bhe-gh-2026-05-27,Bounty Hunters Esports,Game Hunters,Game Hunters,2:1 打满,否（无赛前价存档）
CS2,Thunderpick World Championship European Series #1 Group A,2026-05-27,cs2-hashir-eac-2026-05-27,Hashiras,Esport Academy Copenhagen,Esport Academy Copenhagen,2:1 打满,否（无赛前价存档）
CS2,Thunderpick World Championship European Series #1 Group B,2026-05-27,cs2-ast-algo1-2026-05-27,ALGO Esports,ALGO Esports,ALGO Esports,2:0 横扫,否（无赛前价存档）
CS2,Thunderpick World Championship European Series #1 Group C,2026-05-26,cs2-2007-zerote-2026-05-26,2007,ex-Zero Tenacity,2007,2:1 打满,否（无赛前价存档）
CS2,Gamers Club Liga Série A Group D,2026-05-25,cs2-mibra-paina-2026-05-25,paiN Academy,MIBR Academy,paiN Academy,2:1 打满,否（无赛前价存档）
CS2,United21 Playoffs,2026-05-26,cs2-pre-navij1-2026-05-26,Prestige,NAVI Junior,Prestige,2:1 打满,否（无赛前价存档）
CS2,CIS LAN Championship Group C,2026-05-25,cs2-ww-k271-2026-05-25,K27,WW Team,K27,2:1 打满,否（无赛前价存档）
CS2,Thunderpick World Championship European Series #1 Group D,2026-05-26,cs2-run2-bbp-2026-05-26,Bebop,Bebop,Bebop,2:0 横扫,否（无赛前价存档）
CS2,Thunderpick World Championship European Series #1 Group C,2026-05-26,cs2-lc-tnc-2026-05-26,TNC,Lazer Cats,TNC,2:1 打满,否（无赛前价存档）
CS2,CCT Europe Series 3 Group Stage,2026-05-26,cs2-heroa-tnc-2026-05-26,TNC,TNC,TNC,2:0 横扫,否（无赛前价存档）
CS2,Exort Series Contenders Stage,2026-05-26,cs2-pitsto-dia-2026-05-26,Diamant Esports,Diamant Esports,Diamant Esports,2:0 横扫,否（无赛前价存档）
CS2,Exort Series Contenders Stage,2026-05-26,cs2-melill-esb-2026-05-26,eSuba,eSuba,eSuba,2:0 横扫,否（无赛前价存档）
CS2,CCT Europe Series 2 Group Stage,2026-05-26,cs2-am-lc-2026-05-26,AM Gaming,Lazer Cats,AM Gaming,2:1 打满,否（无赛前价存档）
CS2,CCT Europe Series 2 Group Stage,2026-05-26,cs2-algo1-brute-2026-05-26,ALGO Esports,ALGO Esports,ALGO Esports,2:0 横扫,否（无赛前价存档）
CS2,BC Game Masters Europe Series #2 Group Stage,2026-05-26,cs2-fnc-run2-2026-05-26,fnatic,fnatic,fnatic,2:0 横扫,否（无赛前价存档）
CS2,BC Game Masters Europe Series #2 Group Stage,2026-05-26,cs2-g1-ast-2026-05-26,ASTRAL,GenOne,GenOne,2:1 打满,否（无赛前价存档）
CS2,NODWIN Clutch Series Play-In Group A,2026-05-26,cs2-rust-lilmix-2026-05-26,RUSTEC,RUSTEC,RUSTEC,2:0 横扫,否（无赛前价存档）
CS2,NODWIN Clutch Series Play-In Group B,2026-05-26,cs2-ast-mana-2026-05-26,MANA eSports,ASTRAL,MANA eSports,2:1 打满,否（无赛前价存档）
CS2,NODWIN Clutch Series Play-In Group A,2026-05-26,cs2-ent2-g2a-2026-05-26,G2 Ares,G2 Ares,G2 Ares,2:0 横扫,否（无赛前价存档）
CS2,ESL Challenger League Asia-Pacific Finals Playoffs,2026-05-26,cs2-tyloo-kg-2026-05-26,TYLOO,TYLOO,TYLOO,2:0 横扫,否（无赛前价存档）
CS2,ESL Challenger League Asia-Pacific Finals Playoffs,2026-05-27,cs2-sfe-thunde-2026-05-27,SemperFi Esports,SemperFi Esports,SemperFi Esports,2:0 横扫,否（无赛前价存档）
CS2,CIS LAN Championship Group B,2026-05-26,cs2-163n-33-2026-05-26,BET-M 33,BET-M 33,BET-M 33,2:0 横扫,否（无赛前价存档）
CS2,CIS LAN Championship Group B,2026-05-26,cs2-arc4-auryb-2026-05-26,ARCRED,ARCRED,ARCRED,2:0 横扫,否（无赛前价存档）
CS2,Gamers Club Liga Série A Group D,2026-05-26,cs2-ge3-odka-2026-05-26,ODDIK Academy,ODDIK Academy,ODDIK Academy,2:0 横扫,否（无赛前价存档）
CS2,CIS LAN Championship Group D,2026-05-26,cs2-cs1-vp-2026-05-26,Virtus.pro,Virtus.pro,Virtus.pro,2:0 横扫,否（无赛前价存档）
CS2,Thunderpick World Championship European Series #1 Group C,2026-05-27,cs2-tnc-zerote-2026-05-27,TNC,ex-Zero Tenacity,TNC,2:1 打满,否（无赛前价存档）
CS2,United21 Playoffs,2026-05-27,cs2-algo1-pre-2026-05-27,ALGO Esports,ALGO Esports,ALGO Esports,2:0 横扫,否（无赛前价存档）
CS2,CIS LAN Championship Group D,2026-05-26,cs2-1win-cs1-2026-05-26,CYBERSHOKE Esports,CYBERSHOKE Esports,CYBERSHOKE Esports,2:0 横扫,否（无赛前价存档）
CS2,Exort Series Main Stage,2026-05-27,cs2-ej-ksm-2026-05-27,Endless Journey,Endless Journey,Endless Journey,2:0 横扫,否（无赛前价存档）
CS2,Exort Series Main Stage,2026-05-27,cs2-par3-esb-2026-05-27,Partizan Esport,eSuba,Partizan Esport,2:1 打满,否（无赛前价存档）
CS2,CCT Europe Challengers Series Playoffs,2026-05-27,cs2-jul-hashir-2026-05-27,Hashiras,Hashiras,Hashiras,2:0 横扫,否（无赛前价存档）
CS2,CCT Europe Challengers Series Playoffs,2026-05-27,cs2-saw2-mis-2026-05-27,Misa Esports,Misa Esports,Misa Esports,2:0 横扫,否（无赛前价存档）
CS2,CCT Europe Challengers Series Playoffs,2026-05-27,cs2-drip-bw-2026-05-27,Dripmen,Bushido Wildcats,Dripmen,2:1 打满,否（无赛前价存档）
CS2,CCT Europe Series 3 Group Stage,2026-05-27,cs2-rbls-bw-2026-05-27,Bushido Wildcats,Bushido Wildcats,Bushido Wildcats,2:0 横扫,否（无赛前价存档）
CS2,CCT Europe Series 3 Group Stage,2026-05-27,cs2-leo2-havu-2026-05-27,Leo Team,HAVU,Leo Team,2:1 打满,否（无赛前价存档）
CS2,CCT Europe Series 3 Group Stage,2026-05-27,cs2-lavked-run2-2026-05-27,Lavked,Lavked,Lavked,2:0 横扫,否（无赛前价存档）
CS2,CCT Europe Series 3 Group Stage,2026-05-27,cs2-ruby1-ast-2026-05-27,ex-RUBY,ASTRAL,ex-RUBY,2:1 打满,否（无赛前价存档）
CS2,CIS LAN Championship Playoffs,2026-05-27,cs2-arc4-cs1-2026-05-27,CYBERSHOKE Esports,ARCRED,ARCRED,2:1 打满,否（无赛前价存档）
CS2,CCT Europe Series 2 Playoffs,2026-05-27,cs2-js1-pha-2026-05-27,Johnny Speeds,Johnny Speeds,Johnny Speeds,2:0 横扫,否（无赛前价存档）
CS2,CCT Europe Series 2 Playoffs,2026-05-27,cs2-ef1-fnc-2026-05-27,Eternal Fire,fnatic,Eternal Fire,2:1 打满,否（无赛前价存档）
CS2,CCT Europe Series 2 Playoffs,2026-05-27,cs2-m8-algo1-2026-05-27,Gentle Mates,Gentle Mates,Gentle Mates,2:0 横扫,否（无赛前价存档）
CS2,CIS LAN Championship Playoffs,2026-05-27,cs2-oxuji-k271-2026-05-27,K27,K27,K27,2:0 横扫,否（无赛前价存档）
CS2,CIS LAN Championship Playoffs,2026-05-27,cs2-33-vp-2026-05-27,Virtus.pro,Virtus.pro,Virtus.pro,2:0 横扫,否（无赛前价存档）
CS2,NODWIN Clutch Series Play-In Group A,2026-05-27,cs2-lilmix-g2a-2026-05-27,Lilmix,G2 Ares,G2 Ares,2:1 打满,否（无赛前价存档）
CS2,BC Game Masters Europe Series #2 Playoffs,2026-05-28,cs2-ill-fnc-2026-05-28,fnatic,illwill,fnatic,2:1 打满,否（无赛前价存档）
CS2,BC Game Masters Europe Series #2 Playoffs,2026-05-29,cs2-tri9-am-2026-05-29,Tricked,Tricked,Tricked,2:0 横扫,否（无赛前价存档）
CS2,BC Game Masters Europe Series #2 Playoffs,2026-05-28,cs2-fokus-ursa-2026-05-28,FOKUS,FOKUS,FOKUS,2:0 横扫,否（无赛前价存档）
CS2,BC Game Masters Europe Series #2 Playoffs,2026-05-29,cs2-nemi1-ruby1-2026-05-29,Nemiga,Nemiga,Nemiga,2:0 横扫,否（无赛前价存档）
CS2,BC Game Masters Europe Series #2 Playoffs,2026-05-29,cs2-nem-lavked-2026-05-29,Team Nemesis,Team Nemesis,Team Nemesis,2:0 横扫,否（无赛前价存档）
CS2,BC Game Masters Europe Series #2 Playoffs,2026-05-28,cs2-m8-g1-2026-05-28,GenOne,Gentle Mates,Gentle Mates,2:1 打满,否（无赛前价存档）
CS2,BC Game Masters Europe Series #2 Playoffs,2026-05-28,cs2-bca-ef1-2026-05-28,Eternal Fire,Betclic Apogee Esports,Eternal Fire,2:1 打满,否（无赛前价存档）
CS2,CCT Europe Series 3 Group Stage,2026-05-28,cs2-heroa-aaa-2026-05-28,HEROIC Academy,against All authority,HEROIC Academy,2:1 打满,否（无赛前价存档）
CS2,CCT Europe Series 3 Group Stage,2026-05-28,cs2-pha-tnc-2026-05-28,Phantom,TNC,TNC,2:1 打满,否（无赛前价存档）
CS2,CCT Europe Series 2 Playoffs,2026-05-28,cs2-bca-g1-2026-05-28,GenOne,Betclic Apogee Esports,GenOne,2:1 打满,否（无赛前价存档）
CS2,CCT Europe Series 3 Group Stage,2026-05-28,cs2-kol-zerote-2026-05-28,ex-Zero Tenacity,KOLESIE,ex-Zero Tenacity,2:1 打满,否（无赛前价存档）
CS2,CCT Europe Series 2 Playoffs,2026-05-28,cs2-1win-am-2026-05-28,AM Gaming,AM Gaming,AM Gaming,2:0 横扫,否（无赛前价存档）
CS2,CCT Europe Series 2 Playoffs,2026-05-28,cs2-tri9-justpl-2026-05-28,Just Players,Tricked,Just Players,2:1 打满,否（无赛前价存档）
CS2,CCT Europe Series 2 Playoffs,2026-05-28,cs2-ww-ruby1-2026-05-28,WW Team,ex-RUBY,WW Team,2:1 打满,否（无赛前价存档）
CS2,Circuit X Base Recife Group B,2026-05-27,cs2-fx-blackb-2026-05-27,Fluxo,Fluxo,Fluxo,2:0 横扫,否（无赛前价存档）
CS2,Gamers Club Liga Série A Group C,2026-05-28,cs2-alz-quin-2026-05-28,QUINTESSÊNCIA,Alzon,QUINTESSÊNCIA,2:1 打满,否（无赛前价存档）
CS2,European Pro League Series 7 Closed Qualifier Group B,2026-05-28,cs2-projec-waz-2026-05-28,WAZABI,Project 91,Project 91,2:1 打满,否（无赛前价存档）
CS2,CCT Europe Challengers Series Playoffs,2026-05-28,cs2-newvis-g2a-2026-05-28,G2 Ares,G2 Ares,G2 Ares,2:0 横扫,否（无赛前价存档）
CS2,CCT Europe Challengers Series Playoffs,2026-05-28,cs2-hashir-mis-2026-05-28,Misa Esports,Misa Esports,Misa Esports,2:0 横扫,否（无赛前价存档）
CS2,European Pro League Series 7 Closed Qualifier Group D,2026-05-30,cs2-cyb-atreid-2026-05-30,CYBERSHOKE Prospects,CYBERSHOKE Prospects,CYBERSHOKE Prospects,2:0 横扫,否（无赛前价存档）
CS2,European Pro League Series 7 Closed Qualifier Group D,2026-05-30,cs2-ence-unity-2026-05-30,ENCE,ENCE,ENCE,2:0 横扫,否（无赛前价存档）
CS2,Stake Ranked Episode 2 Playoffs,2026-05-28,cs2-3dmax-all-2026-05-28,Alliance,3DMAX,Alliance,2:1 打满,否（无赛前价存档）
CS2,Stake Ranked Episode 2 Playoffs,2026-05-28,cs2-mgc-faze-2026-05-28,FaZe,magic,magic,2:1 打满,否（无赛前价存档）
CS2,CIS LAN Championship Playoffs,2026-05-28,cs2-ntr-arc4-2026-05-28,ARCRED,ARCRED,ARCRED,2:0 横扫,否（无赛前价存档）
CS2,CIS LAN Championship Playoffs,2026-05-28,cs2-k271-vp-2026-05-28,K27,Virtus.pro,Virtus.pro,2:1 打满,否（无赛前价存档）
CS2,European Pro League Series 7 Closed Qualifier Group C,2026-05-29,cs2-mis-lilmix-2026-05-29,Lilmix,Misa Esports,Misa Esports,2:1 打满,否（无赛前价存档）
CS2,Stake Ranked Episode 2 Playoffs,2026-05-28,cs2-shk-nip-2026-05-28,NIP,NIP,NIP,2:0 横扫,否（无赛前价存档）
CS2,Stake Ranked Episode 2 Playoffs,2026-05-28,cs2-9z-hero-2026-05-28,9z,Heroic,9z,2:1 打满,否（无赛前价存档）
CS2,Exort Series Main Stage,2026-05-28,cs2-xcity-inf1-2026-05-28,INFURITY Gaming,INFURITY Gaming,INFURITY Gaming,2:0 横扫,否（无赛前价存档）
CS2,Exort Series Main Stage,2026-05-28,cs2-tlr-shishk-2026-05-28,SHISHKA,SHISHKA,SHISHKA,2:0 横扫,否（无赛前价存档）
CS2,Exort Series Main Stage,2026-05-28,cs2-car-dia-2026-05-28,Diamant Esports,Diamant Esports,Diamant Esports,2:0 横扫,否（无赛前价存档）
CS2,Thunderpick World Championship European Series #1 Playoffs,2026-05-28,cs2-ruby1-omega1-2026-05-28,ex-RUBY,Omega,Omega,2:1 打满,否（无赛前价存档）
CS2,Thunderpick World Championship European Series #1 Playoffs,2026-05-28,cs2-kol-g1-2026-05-28,KOLESIE,KOLESIE,KOLESIE,2:0 横扫,否（无赛前价存档）
CS2,United21 Group C,2026-05-30,cs2-clutch-navij1-2026-05-30,Clutchain,Clutchain,Clutchain,2:0 横扫,否（无赛前价存档）
CS2,United21 Group B,2026-05-29,cs2-futt-lph-2026-05-29,LPH Gaming,LPH Gaming,LPH Gaming,2:0 横扫,否（无赛前价存档）
CS2,United21 Group B,2026-05-29,cs2-unity-inf1-2026-05-29,UNiTY esports,UNiTY esports,UNiTY esports,2:0 横扫,否（无赛前价存档）
CS2,United21 Group A,2026-05-28,cs2-psna-rt1-2026-05-28,ReThink,Passion Academy,Passion Academy,2:1 打满,否（无赛前价存档）
CS2,United21 Group C,2026-05-30,cs2-sng-pre-2026-05-30,Prestige,Prestige,Prestige,2:0 横扫,否（无赛前价存档）
CS2,Elisa Open Suomi Playoffs,2026-05-29,cs2-cirahv-boyban-2026-05-29,BoyBand,BoyBand,BoyBand,2:0 横扫,否（无赛前价存档）
CS2,United21 Group A,2026-05-28,cs2-xept-ste-2026-05-28,xept,xept,xept,2:0 横扫,否（无赛前价存档）
CS2,Circuit X Base Recife Group A,2026-05-28,cs2-bst-gls1-2026-05-28,BESTIA,Galorys,Galorys,2:1 打满,否（无赛前价存档）
CS2,Elisa Open Suomi Playoffs,2026-05-29,cs2-ence-ksm-2026-05-29,ENCE,ENCE,ENCE,2:0 横扫,否（无赛前价存档）
CS2,Circuit X Base Recife Group A,2026-05-28,cs2-25cent-ldp-2026-05-28,largadosypelados,largadosypelados,largadosypelados,2:0 横扫,否（无赛前价存档）
CS2,Circuit X Base Recife Group B,2026-05-28,cs2-gh-fx-2026-05-28,Fluxo,Fluxo,Fluxo,2:0 横扫,否（无赛前价存档）
CS2,Circuit X Base Recife Group B,2026-05-28,cs2-bhe-blackb-2026-05-28,Bounty Hunters Esports,Bounty Hunters Esports,Bounty Hunters Esports,2:0 横扫,否（无赛前价存档）
CS2,Thunderpick World Championship European Series #1 Playoffs,2026-05-29,cs2-bca-algo1-2026-05-29,ALGO Esports,Betclic Apogee Esports,ALGO Esports,2:1 打满,否（无赛前价存档）
CS2,Thunderpick World Championship European Series #1 Playoffs,2026-05-29,cs2-cs1-hs2-2026-05-29,CYBERSHOKE Esports,CYBERSHOKE Esports,CYBERSHOKE Esports,2:0 横扫,否（无赛前价存档）
CS2,Thunderpick World Championship European Series #1 Playoffs,2026-05-29,cs2-tdk-tnc-2026-05-29,TDK,TDK,TDK,2:0 横扫,否（无赛前价存档）
CS2,Thunderpick World Championship European Series #1 Playoffs,2026-05-29,cs2-og1-eac-2026-05-29,OG,Esport Academy Copenhagen,OG,2:1 打满,否（无赛前价存档）
CS2,ESEA Advanced Europe Playoffs,2026-05-29,cs2-arch-fcf-2026-05-29,Arch,Arch,Arch,2:0 横扫,否（无赛前价存档）
CS2,ESEA Advanced Europe Playoffs,2026-05-29,cs2-enjoy-rt1-2026-05-29,ENJOY,ReThink,ReThink,2:1 打满,否（无赛前价存档）
CS2,ESEA Advanced Europe Playoffs,2026-05-30,cs2-ff-auryb-2026-05-30,Aurora Young Blood,Fire Flux Esports,Fire Flux Esports,2:1 打满,否（无赛前价存档）
CS2,ESEA Advanced Europe Playoffs,2026-05-30,cs2-newvis-jumbo-2026-05-30,JUMBO TEAM,NEW VISION,NEW VISION,2:1 打满,否（无赛前价存档）
CS2,ESEA Advanced Europe Playoffs,2026-05-31,cs2-rgg-xi-2026-05-31,XI Esport,RoundsGG,XI Esport,2:1 打满,否（无赛前价存档）
CS2,ESEA Advanced Europe Playoffs,2026-05-30,cs2-old1-old-2026-05-30,OLDBOYS-,OLDBOYS-,OLDBOYS-,2:0 横扫,否（无赛前价存档）
CS2,European Pro League Series 7 Closed Qualifier Group A,2026-06-01,cs2-don-g1-2026-06-01,GenOne,GenOne,GenOne,2:0 横扫,否（无赛前价存档）
CS2,ESEA Advanced Europe Playoffs,2026-05-30,cs2-qua1-peep1-2026-05-30,QUAZAR,QUAZAR,QUAZAR,2:0 横扫,否（无赛前价存档）
CS2,ESEA Advanced Europe Playoffs,2026-05-30,cs2-lfo9-wing-2026-05-30,Wingman,Wingman,Wingman,2:0 横扫,否（无赛前价存档）
CS2,Dust2.dk Ligaen Group Stage,2026-05-28,cs2-str4-aabb-2026-05-28,struggletony,struggletony,struggletony,2:0 横扫,否（无赛前价存档）
CS2,European Pro League Series 7 Closed Qualifier Group B,2026-06-01,cs2-projec-ent2-2026-06-01,Project 91,Entropy,Entropy,2:1 打满,否（无赛前价存档）
CS2,CIS LAN Championship Playoffs,2026-05-28,cs2-ntr-k271-2026-05-28,Nuclear TigeRES,Nuclear TigeRES,Nuclear TigeRES,2:0 横扫,否（无赛前价存档）
CS2,CIS LAN Championship Playoffs,2026-05-28,cs2-arc4-vp-2026-05-28,Virtus.pro,ARCRED,Virtus.pro,2:1 打满,否（无赛前价存档）
CS2,Gamers Club Liga Série A Group B,2026-05-29,cs2-alkaa-furiaf-2026-05-29,ALKA,ALKA,ALKA,2:0 横扫,否（无赛前价存档）
CS2,Gamers Club Liga Série A Group D,2026-05-29,cs2-mibra-odka-2026-05-29,MIBR Academy,MIBR Academy,MIBR Academy,2:0 横扫,否（无赛前价存档）
CS2,Stake Ranked Episode 2 Playoffs,2026-05-29,cs2-9z-faze-2026-05-29,FaZe,9z,FaZe,2:1 打满,否（无赛前价存档）
CS2,CCT Europe Series 2 Playoffs,2026-05-29,cs2-justpl-g1-2026-05-29,GenOne,GenOne,GenOne,2:0 横扫,否（无赛前价存档）
CS2,CCT Europe Series 2 Playoffs,2026-05-29,cs2-am-js1-2026-05-29,Johnny Speeds,AM Gaming,Johnny Speeds,2:1 打满,否（无赛前价存档）
CS2,CCT Europe Series 2 Playoffs,2026-05-29,cs2-nemi1-ww-2026-05-29,Nemiga,WW Team,WW Team,2:1 打满,否（无赛前价存档）
CS2,Stake Ranked Episode 2 Playoffs,2026-05-29,cs2-mgc-nip-2026-05-29,magic,magic,magic,2:0 横扫,否（无赛前价存档）
CS2,Stake Ranked Episode 2 Playoffs,2026-05-29,cs2-all-shk-2026-05-29,Sharks,Sharks,Sharks,2:0 横扫,否（无赛前价存档）
CS2,CCT Europe Series 3 Group Stage,2026-05-29,cs2-havu-aaa-2026-05-29,HAVU,HAVU,HAVU,2:0 横扫,否（无赛前价存档）
CS2,CCT Europe Series 3 Group Stage,2026-05-29,cs2-lavked-heroa-2026-05-29,Lavked,HEROIC Academy,Lavked,2:1 打满,否（无赛前价存档）
CS2,Exort Series Main Stage,2026-05-29,cs2-ej-par3-2026-05-29,Partizan Esport,Endless Journey,Endless Journey,2:1 打满,否（无赛前价存档）
CS2,Exort Series Main Stage,2026-05-29,cs2-dia-bb7-2026-05-29,Diamant Esports,Basement Bobs,Diamant Esports,2:1 打满,否（无赛前价存档）
CS2,Exort Series Main Stage,2026-05-29,cs2-csgopo-inf1-2026-05-29,CSGOPOSITIVE,CSGOPOSITIVE,CSGOPOSITIVE,2:0 横扫,否（无赛前价存档）
CS2,Exort Series Main Stage,2026-05-29,cs2-vortex-shishk-2026-05-29,SHISHKA,SHISHKA,SHISHKA,2:0 横扫,否（无赛前价存档）
CS2,FRAGgg Group A,2026-05-29,cs2-hotu-pcf-2026-05-29,HOTU,HOTU,HOTU,2:0 横扫,否（无赛前价存档）
CS2,FRAGgg Group B,2026-05-29,cs2-dep-gam-2026-05-29,DEPO,DEPO,DEPO,2:0 横扫,否（无赛前价存档）
CS2,CCT Europe Series 3 Group Stage,2026-05-29,cs2-kol-ast-2026-05-29,KOLESIE,KOLESIE,KOLESIE,2:0 横扫,否（无赛前价存档）
CS2,Circuit X Base Recife Playoffs,2026-05-29,cs2-ldp-gh-2026-05-29,largadosypelados,largadosypelados,largadosypelados,2:0 横扫,否（无赛前价存档）
CS2,Circuit X Base Recife Playoffs,2026-05-29,cs2-bst-bhe-2026-05-29,Bounty Hunters Esports,BESTIA,BESTIA,2:1 打满,否（无赛前价存档）
CS2,CCT Europe Series 3 Group Stage,2026-05-30,cs2-pha-bw-2026-05-30,Phantom,Phantom,Phantom,2:0 横扫,否（无赛前价存档）
CS2,CCT Europe Series 3 Group Stage,2026-05-30,cs2-ruby1-zerote-2026-05-30,ex-RUBY,ex-RUBY,ex-RUBY,2:0 横扫,否（无赛前价存档）
CS2,NODWIN Clutch Series Play-In Group C,2026-05-29,cs2-inox-unity-2026-05-29,UNiTY esports,UNiTY esports,UNiTY esports,2:0 横扫,否（无赛前价存档）
CS2,CCT Europe Challengers Series Playoffs,2026-05-30,cs2-enjoy-g2a-2026-05-30,ENJOY,G2 Ares,ENJOY,2:1 打满,否（无赛前价存档）
CS2,NODWIN Clutch Series Play-In Group D,2026-05-29,cs2-yn-pha-2026-05-29,Phantom,Young Ninjas,Young Ninjas,2:1 打满,否（无赛前价存档）
CS2,NODWIN Clutch Series Play-In Group D,2026-05-29,cs2-waz-atreid-2026-05-29,Atreides,Atreides,Atreides,2:0 横扫,否（无赛前价存档）
CS2,NODWIN Clutch Series Play-In Group C,2026-05-29,cs2-aaa-zerote-2026-05-29,against All authority,ex-Zero Tenacity,against All authority,2:1 打满,否（无赛前价存档）
CS2,CCT Europe Series 2 Playoffs,2026-05-29,cs2-m8-ef1-2026-05-29,Gentle Mates,Eternal Fire,Gentle Mates,2:1 打满,否（无赛前价存档）
CS2,Stake Ranked Episode 2 Playoffs,2026-05-29,cs2-faze-shk-2026-05-29,FaZe,FaZe,FaZe,2:0 横扫,否（无赛前价存档）
CS2,Thunderpick World Championship European Series #1 Playoffs,2026-05-30,cs2-kol-algo1-2026-05-30,KOLESIE,KOLESIE,KOLESIE,2:0 横扫,否（无赛前价存档）
CS2,CCT Europe Series 2 Playoffs,2026-05-30,cs2-js1-ww-2026-05-30,WW Team,Johnny Speeds,WW Team,2:1 打满,否（无赛前价存档）
CS2,Thunderpick World Championship European Series #1 Playoffs,2026-05-30,cs2-justpl-og1-2026-05-30,OG,OG,OG,2:0 横扫,否（无赛前价存档）
CS2,Stake Ranked Episode 2 Playoffs,2026-05-30,cs2-nip-faze-2026-05-30,NIP,NIP,NIP,2:0 横扫,否（无赛前价存档）
CS2,BC Game Masters Europe Series #2 Playoffs,2026-05-30,cs2-nem-100t-2026-05-30,Team Nemesis,100 Thieves,Team Nemesis,2:1 打满,否（无赛前价存档）
CS2,BC Game Masters Europe Series #2 Playoffs,2026-05-30,cs2-fokus-fnc-2026-05-30,FOKUS,fnatic,FOKUS,2:1 打满,否（无赛前价存档）
CS2,BC Game Masters Europe Series #2 Playoffs,2026-05-30,cs2-m8-ef1-2026-05-30,Gentle Mates,Eternal Fire,Gentle Mates,2:1 打满,否（无赛前价存档）
CS2,CCT Europe Series 2 Playoffs,2026-05-30,cs2-m8-g1-2026-05-30,Gentle Mates,Gentle Mates,Gentle Mates,2:0 横扫,否（无赛前价存档）
CS2,NODWIN Clutch Series Play-In Group C,2026-05-30,cs2-inox-aaa-2026-05-30,INOX Division,INOX Division,INOX Division,2:0 横扫,否（无赛前价存档）
CS2,NODWIN Clutch Series Play-In Group D,2026-05-30,cs2-yn-waz-2026-05-30,Young Ninjas,Young Ninjas,Young Ninjas,2:0 横扫,否（无赛前价存档）
CS2,Exort Series Main Stage,2026-05-30,cs2-esb-tlr-2026-05-30,eSuba,The Last Resort,eSuba,2:1 打满,否（无赛前价存档）
CS2,Exort Series Main Stage,2026-05-30,cs2-subtop-arch-2026-05-30,Arch,Arch,Arch,2:0 横扫,否（无赛前价存档）
CS2,BC Game Masters Europe Series #2 Playoffs,2026-05-30,cs2-nemi1-tri9-2026-05-30,Nemiga,Nemiga,Nemiga,2:0 横扫,否（无赛前价存档）
CS2,Elisa Open Suomi Playoffs,2026-05-30,cs2-ksm-cirahv-2026-05-30,cirahvi,KUUSAMO.gg,cirahvi,2:1 打满,否（无赛前价存档）
CS2,Elisa Open Suomi Playoffs,2026-05-30,cs2-ence-boyban-2026-05-30,ENCE,ENCE,ENCE,2:0 横扫,否（无赛前价存档）
CS2,FRAGgg Playoffs,2026-05-30,cs2-hotu-dep-2026-05-30,HOTU,DEPO,HOTU,2:1 打满,否（无赛前价存档）
CS2,FRAGgg Playoffs,2026-05-30,cs2-omega1-run2-2026-05-30,Omega,Rune Eaters,Rune Eaters,2:1 打满,否（无赛前价存档）
CS2,Circuit X Base Recife Playoffs,2026-05-30,cs2-fx-bst-2026-05-30,BESTIA,BESTIA,BESTIA,2:0 横扫,否（无赛前价存档）
CS2,Circuit X Base Recife Playoffs,2026-05-30,cs2-gls1-ldp-2026-05-30,Galorys,largadosypelados,largadosypelados,2:1 打满,否（无赛前价存档）
CS2,FRAG TAP Reloaded Playoffs,2026-05-30,cs2-f5-abs-2026-05-30,F5 Esports,absolute cinema,F5 Esports,2:1 打满,否（无赛前价存档）
CS2,FRAG TAP Reloaded Playoffs,2026-05-30,cs2-lag-makesh-2026-05-30,LAG Gaming,LAG Gaming,LAG Gaming,2:0 横扫,否（无赛前价存档）
CS2,FRAG TAP Reloaded Playoffs,2026-05-30,cs2-nfe-nxgesp-2026-05-30,NineFly Esports,NXG Esports,NXG Esports,2:1 打满,否（无赛前价存档）
CS2,FRAGgg Playoffs,2026-05-30,cs2-dep-omega1-2026-05-30,Omega,Omega,Omega,2:0 横扫,否（无赛前价存档）
CS2,FRAG TAP Reloaded Playoffs,2026-05-30,cs2-rei-frz-2026-05-30,FRZ Unit,Reign Above,Reign Above,2:1 打满,否（无赛前价存档）
CS2,NODWIN Clutch Series Play-In,2026-05-31,cs2-mana-inox-2026-05-31,INOX Division,INOX Division,INOX Division,2:0 横扫,否（无赛前价存档）
CS2,NODWIN Clutch Series Play-In,2026-05-31,cs2-unity-ast-2026-05-31,ASTRAL,ASTRAL,ASTRAL,2:0 横扫,否（无赛前价存档）
CS2,NODWIN Clutch Series Play-In,2026-05-31,cs2-rust-yn-2026-05-31,Young Ninjas,RUSTEC,RUSTEC,2:1 打满,否（无赛前价存档）
CS2,NODWIN Clutch Series Play-In,2026-05-31,cs2-atreid-g2a-2026-05-31,G2 Ares,Atreides,Atreides,2:1 打满,否（无赛前价存档）
CS2,Thunderpick World Championship European Series #1 Playoffs,2026-05-31,cs2-tdk-og1-2026-05-31,TDK,OG,TDK,2:1 打满,否（无赛前价存档）
CS2,European Pro League Series 7 Closed Qualifier Group D,2026-05-31,cs2-ence-atreid-2026-05-31,Atreides,ENCE,Atreides,2:1 打满,否（无赛前价存档）
CS2,United21 Group B,2026-06-02,cs2-lph-unity-2026-06-02,UNiTY esports,LPH Gaming,UNiTY esports,2:1 打满,否（无赛前价存档）
CS2,United21 Group B,2026-06-02,cs2-futt-inf1-2026-06-02,INFURITY Gaming,INFURITY Gaming,INFURITY Gaming,2:0 横扫,否（无赛前价存档）
CS2,United21 Group D,2026-06-01,cs2-mana-wraith-2026-06-01,MANA eSports,WRAITH PCIFIC,MANA eSports,2:1 打满,否（无赛前价存档）
CS2,Stake Ranked Episode 2 Playoffs,2026-05-30,cs2-mgc-nip-2026-05-30,NIP,magic,NIP,2:1 打满,否（无赛前价存档）
CS2,CCT Europe Series 2 Playoffs,2026-05-30,cs2-ww-m8-2026-05-30,Gentle Mates,Gentle Mates,Gentle Mates,2:0 横扫,否（无赛前价存档）
CS2,FRAG TAP Reloaded Playoffs,2026-05-30,cs2-wg-rei-2026-05-30,Reign Above,Reign Above,Reign Above,2:0 横扫,否（无赛前价存档）
CS2,FRAG TAP Reloaded Playoffs,2026-05-30,cs2-spo-nxgesp-2026-05-30,SportsBetExpert,SportsBetExpert,SportsBetExpert,2:0 横扫,否（无赛前价存档）
CS2,FRAG TAP Reloaded Playoffs,2026-05-30,cs2-cce-f5-2026-05-30,Chicken Coop Esports,Chicken Coop Esports,Chicken Coop Esports,2:0 横扫,否（无赛前价存档）
CS2,FRAG TAP Reloaded Playoffs,2026-05-30,cs2-abs-lag-2026-05-30,LAG Gaming,LAG Gaming,LAG Gaming,2:0 横扫,否（无赛前价存档）
CS2,FRAG TAP Reloaded Playoffs,2026-05-30,cs2-mars-rei-2026-05-30,Marsborne,Marsborne,Marsborne,2:0 横扫,否（无赛前价存档）
CS2,FRAG TAP Reloaded Playoffs,2026-05-30,cs2-spo-cce-2026-05-30,Chicken Coop Esports,Chicken Coop Esports,Chicken Coop Esports,2:0 横扫,否（无赛前价存档）
CS2,FRAG TAP Reloaded Playoffs,2026-05-30,cs2-lag-wg-2026-05-30,LAG Gaming,LAG Gaming,LAG Gaming,2:0 横扫,否（无赛前价存档）
CS2,FRAG TAP Reloaded Playoffs,2026-05-30,cs2-frz-f5-2026-05-30,FRZ Unit,F5 Esports,F5 Esports,2:1 打满,否（无赛前价存档）
CS2,BC Game Masters Europe Series #2 Playoffs,2026-05-31,cs2-nemi1-fokus-2026-05-31,FOKUS,Nemiga,FOKUS,2:1 打满,否（无赛前价存档）
CS2,BC Game Masters Europe Series #2 Playoffs,2026-05-31,cs2-m8-nem-2026-05-31,Team Nemesis,Team Nemesis,Team Nemesis,2:0 横扫,否（无赛前价存档）
CS2,United21 Group D,2026-05-31,cs2-ff-chaos1-2026-05-31,CHAOS,CHAOS,CHAOS,2:0 横扫,否（无赛前价存档）
CS2,FRAG TAP Reloaded Playoffs,2026-05-30,cs2-rei-f5-2026-05-30,Reign Above,Reign Above,Reign Above,2:0 横扫,否（无赛前价存档）
CS2,FRAG TAP Reloaded Playoffs,2026-05-30,cs2-lag-spo-2026-05-30,LAG Gaming,SportsBetExpert,SportsBetExpert,2:1 打满,否（无赛前价存档）
CS2,Circuit X Base Recife Playoffs,2026-05-31,cs2-fx-gls1-2026-05-31,Galorys,Galorys,Galorys,2:0 横扫,否（无赛前价存档）
CS2,Circuit X Base Recife Playoffs,2026-05-31,cs2-bst-ldp-2026-05-31,BESTIA,largadosypelados,largadosypelados,2:1 打满,否（无赛前价存档）
CS2,FRAGgg Playoffs,2026-05-31,cs2-hotu-run2-2026-05-31,HOTU,HOTU,HOTU,2:0 横扫,否（无赛前价存档）
CS2,CCT Europe Series 3 Group Stage,2026-05-31,cs2-rbls-havu-2026-05-31,HAVU,Rebels Gaming,Rebels Gaming,2:1 打满,否（无赛前价存档）
CS2,CCT Europe Series 3 Group Stage,2026-06-01,cs2-ursa-zerote-2026-06-01,ex-Zero Tenacity,Ursa,Ursa,2:1 打满,否（无赛前价存档）
CS2,CCT Europe Series 3 Group Stage,2026-06-01,cs2-kol-lavked-2026-06-01,KOLESIE,KOLESIE,KOLESIE,2:0 横扫,否（无赛前价存档）
CS2,CCT Europe Series 3 Group Stage,2026-05-31,cs2-heroa-bw-2026-05-31,Bushido Wildcats,Bushido Wildcats,Bushido Wildcats,2:0 横扫,否（无赛前价存档）
CS2,CCT Europe Series 3 Group Stage,2026-05-31,cs2-leo2-ast-2026-05-31,Leo Team,ASTRAL,ASTRAL,2:1 打满,否（无赛前价存档）
CS2,FRAG TAP Reloaded Playoffs,2026-05-31,cs2-rei-spo-2026-05-31,SportsBetExpert,SportsBetExpert,SportsBetExpert,2:0 横扫,否（无赛前价存档）
CS2,FRAG TAP Reloaded Playoffs,2026-05-31,cs2-mars-cce-2026-05-31,Chicken Coop Esports,Chicken Coop Esports,Chicken Coop Esports,2:0 横扫,否（无赛前价存档）
CS2,FRAGgg Playoffs,2026-05-31,cs2-omega1-run2-2026-05-31,Omega,Rune Eaters,Rune Eaters,2:1 打满,否（无赛前价存档）
CS2,Exort Series Main Stage,2026-05-31,cs2-car-tlr-2026-05-31,CarritoSpain,The Last Resort,The Last Resort,2:1 打满,否（无赛前价存档）
CS2,Exort Series Main Stage,2026-05-31,cs2-shishk-ej-2026-05-31,SHISHKA,Endless Journey,Endless Journey,2:1 打满,否（无赛前价存档）
CS2,CCT Europe Challengers Series Playoffs,2026-05-31,cs2-enjoy-g2a-2026-05-31,G2 Ares,ENJOY,ENJOY,2:1 打满,否（无赛前价存档）
CS2,Exort Series Main Stage,2026-06-01,cs2-vortex-bb7-2026-06-01,Basement Bobs,Basement Bobs,Basement Bobs,2:0 横扫,否（无赛前价存档）
CS2,Exort Series Main Stage,2026-06-01,cs2-lph-esb-2026-06-01,eSuba,eSuba,eSuba,2:0 横扫,否（无赛前价存档）
CS2,FRAG TAP Reloaded Playoffs,2026-05-31,cs2-mars-spo-2026-05-31,Marsborne,Marsborne,Marsborne,2:0 横扫,否（无赛前价存档）
CS2,Thunderpick World Championship European Series #1 Playoffs,2026-05-31,cs2-tdk-dc2-2026-05-31,DragonClaw,TDK,DragonClaw,2:1 打满,否（无赛前价存档）
CS2,BC Game Masters Europe Series #2 Playoffs,2026-05-31,cs2-nem-fokus-2026-05-31,FOKUS,Team Nemesis,Team Nemesis,2:1 打满,否（无赛前价存档）
CS2,Elisa Open Suomi Playoffs,2026-05-31,cs2-ence-cirahv-2026-05-31,ENCE,cirahvi,ENCE,2:1 打满,否（无赛前价存档）
CS2,ESEA Advanced Europe Playoffs,2026-06-01,cs2-arch-old-2026-06-01,OLDBOYS-,Arch,Arch,2:1 打满,否（无赛前价存档）
CS2,ESEA Advanced Europe Playoffs,2026-06-01,cs2-don-ff-2026-06-01,Donstu Esports,Fire Flux Esports,Fire Flux Esports,2:1 打满,否（无赛前价存档）
CS2,ESEA Advanced Europe Playoffs,2026-06-01,cs2-newvis-bg1-2026-06-01,NEW VISION,NEW VISION,NEW VISION,2:0 横扫,否（无赛前价存档）
CS2,ESEA Advanced Europe Playoffs,2026-06-01,cs2-mis-fal-2026-06-01,Falcons Force,Misa Esports,Falcons Force,2:1 打满,否（无赛前价存档）
CS2,ESEA Advanced Europe Playoffs,2026-06-01,cs2-qua1-ep-2026-06-01,QUAZAR,QUAZAR,QUAZAR,2:0 横扫,否（无赛前价存档）
CS2,United21 Group C,2026-06-03,cs2-pre-clutch-2026-06-03,Prestige,Clutchain,Clutchain,2:1 打满,否（无赛前价存档）
CS2,United21 Group C,2026-06-03,cs2-sng-navij1-2026-06-03,NAVI Junior,Sangal ALTERS,NAVI Junior,2:1 打满,否（无赛前价存档）
CS2,Dust2.dk Ligaen Group Stage,2026-06-01,cs2-for10-820-2026-06-01,L.820,L.820,L.820,2:0 横扫,否（无赛前价存档）
CS2,ESEA Advanced Europe Playoffs,2026-06-01,cs2-enr1-wing-2026-06-01,Wingman,Wingman,Wingman,2:0 横扫,否（无赛前价存档）
CS2,ESEA Advanced Europe Playoffs,2026-06-01,cs2-rt1-vpp-2026-06-01,ReThink,ReThink,ReThink,2:0 横扫,否（无赛前价存档）
CS2,ESEA Advanced Europe Playoffs,2026-06-01,cs2-b8acad-xi-2026-06-01,B8 Academy,B8 Academy,B8 Academy,2:0 横扫,否（无赛前价存档）
CS2,United21 Group A,2026-06-01,cs2-rt1-ste-2026-06-01,STEP,STEP,STEP,2:0 横扫,否（无赛前价存档）
CS2,Gamers Club Liga Série A Group A,2026-06-02,cs2-ldp-bsta-2026-06-02,largadosypelados,largadosypelados,largadosypelados,2:0 横扫,否（无赛前价存档）
CS2,ESEA Advanced Europe Playoffs,2026-06-03,cs2-old1-fcf-2026-06-03,OldBoys,OldBoys,OldBoys,2:0 横扫,否（无赛前价存档）
CS2,ESEA Advanced Europe Playoffs,2026-06-03,cs2-lfo9-g2a-2026-06-03,G2 Ares,LFO,LFO,2:1 打满,否（无赛前价存档）
CS2,CCT Europe Series 3 Group Stage,2026-06-02,cs2-rbls-zerote-2026-06-02,ex-Zero Tenacity,Rebels Gaming,ex-Zero Tenacity,2:1 打满,否（无赛前价存档）
CS2,CCT Europe Series 3 Group Stage,2026-06-02,cs2-lavked-ast-2026-06-02,Lavked,Lavked,Lavked,2:0 横扫,否（无赛前价存档）
CS2,European Pro League Series 7 Closed Qualifier Play-In,2026-06-03,cs2-yn-ent2-2026-06-03,Young Ninjas,Young Ninjas,Young Ninjas,2:0 横扫,否（无赛前价存档）
CS2,European Pro League Series 7 Closed Qualifier Play-In,2026-06-03,cs2-cyb-g1-2026-06-03,CYBERSHOKE Prospects,GenOne,GenOne,2:1 打满,否（无赛前价存档）
CS2,CCT Europe Closed Qualifier: Series #4 Group A,2026-06-03,cs2-tlr-ent2-2026-06-03,The Last Resort,The Last Resort,The Last Resort,2:0 横扫,否（无赛前价存档）
CS2,CCT Europe Closed Qualifier: Series #4 Group D,2026-06-05,cs2-aaa-zerote-2026-06-05,ex-Zero Tenacity,ex-Zero Tenacity,ex-Zero Tenacity,2:0 横扫,否（无赛前价存档）
CS2,CCT Europe Closed Qualifier: Series #4 Group D,2026-06-05,cs2-g1-biga-2026-06-05,BIG Academy,BIG Academy,BIG Academy,2:0 横扫,否（无赛前价存档）
CS2,CCT Europe Closed Qualifier: Series #4 Group C,2026-06-05,cs2-leo2-lilmix-2026-06-05,Leo Team,Leo Team,Leo Team,2:0 横扫,否（无赛前价存档）
CS2,Gamers Club Liga Série A Playoffs,2026-06-02,cs2-mw-mibra-2026-06-02,MIBR Academy,MIBR Academy,MIBR Academy,2:0 横扫,否（无赛前价存档）
CS2,Gamers Club Liga Série A Playoffs,2026-06-02,cs2-reda-quin-2026-06-02,QUINTESSÊNCIA,RED Canids Academy,RED Canids Academy,2:1 打满,否（无赛前价存档）
CS2,NODWIN Clutch Series Group Stage,2026-06-03,cs2-arc4-inox-2026-06-03,INOX Division,INOX Division,INOX Division,2:0 横扫,否（无赛前价存档）
CS2,NODWIN Clutch Series Group Stage,2026-06-03,cs2-ntr-rust-2026-06-03,Nuclear TigeRES,Nuclear TigeRES,Nuclear TigeRES,2:0 横扫,否（无赛前价存档）
CS2,IEM Cologne Major Stage 1,2026-06-03,cs2-gl1-bb3-2026-06-03,BetBoom Team,BetBoom Team,BetBoom Team,2:0 横扫,否（无赛前价存档）
CS2,NODWIN Clutch Series Group Stage,2026-06-04,cs2-wal2-kol-2026-06-04,Walczaki,KOLESIE,Walczaki,2:1 打满,否（无赛前价存档）
CS2,NODWIN Clutch Series Group Stage,2026-06-03,cs2-am-ruby1-2026-06-03,AM Gaming,AM Gaming,AM Gaming,2:0 横扫,否（无赛前价存档）
CS2,IEM Cologne Major Stage 1,2026-06-03,cs2-tyloo-sin2-2026-06-03,TYLOO,TYLOO,TYLOO,2:0 横扫,否（无赛前价存档）
CS2,IEM Cologne Major Stage 1,2026-06-03,cs2-m80-b8-2026-06-03,B8,B8,B8,2:0 横扫,否（无赛前价存档）
CS2,IEM Cologne Major Stage 1,2026-06-03,cs2-gg5-hero-2026-06-03,Heroic,Heroic,Heroic,2:0 横扫,否（无赛前价存档）
CS2,NODWIN Clutch Series Group Stage,2026-06-04,cs2-sparta-ursa-2026-06-04,SPARTA,SPARTA,SPARTA,2:0 横扫,否（无赛前价存档）
CS2,NODWIN Clutch Series Group Stage,2026-06-04,cs2-bca-ast-2026-06-04,Betclic Apogee Esports,Betclic Apogee Esports,Betclic Apogee Esports,2:0 横扫,否（无赛前价存档）
CS2,United21 Group A,2026-06-05,cs2-psna-ste-2026-06-05,STEP,STEP,STEP,2:0 横扫,否（无赛前价存档）
CS2,United21 Group B,2026-06-05,cs2-lph-inf1-2026-06-05,INFURITY Gaming,INFURITY Gaming,INFURITY Gaming,2:0 横扫,否（无赛前价存档）
CS2,CCT Europe Series 3 Playoffs,2026-06-03,cs2-tri9-pha-2026-06-03,Phantom,Phantom,Phantom,2:0 横扫,否（无赛前价存档）
CS2,ESEA Advanced Europe Playoffs,2026-06-03,cs2-qua1-fal-2026-06-03,QUAZAR,QUAZAR,QUAZAR,2:0 横扫,否（无赛前价存档）
CS2,ESEA Advanced Europe Playoffs,2026-06-03,cs2-b8acad-rt1-2026-06-03,B8 Academy,ReThink,ReThink,2:1 打满,否（无赛前价存档）
CS2,CCT Europe Series 3 Playoffs,2026-06-03,cs2-1win-lavked-2026-06-03,1WIN,Lavked,1WIN,2:1 打满,否（无赛前价存档）
CS2,Gamers Club Liga Série A Playoffs,2026-06-03,cs2-paina-alkaa-2026-06-03,paiN Academy,ALKA,paiN Academy,2:1 打满,否（无赛前价存档）
CS2,Gamers Club Liga Série A Playoffs,2026-06-03,cs2-vexa-ldp-2026-06-03,largadosypelados,largadosypelados,largadosypelados,2:0 横扫,否（无赛前价存档）
CS2,CCT Europe Series 3 Playoffs,2026-06-03,cs2-ill-zerote-2026-06-03,illwill,ex-Zero Tenacity,ex-Zero Tenacity,2:1 打满,否（无赛前价存档）
CS2,ESEA Advanced Europe Playoffs,2026-06-03,cs2-arch-wing-2026-06-03,Wingman,Arch,Arch,2:1 打满,否（无赛前价存档）
CS2,ESEA Advanced Europe Playoffs,2026-06-03,cs2-newvis-ff-2026-06-03,NEW VISION,Fire Flux Esports,Fire Flux Esports,2:1 打满,否（无赛前价存档）
CS2,ESEA Advanced Europe Playoffs,2026-06-03,cs2-rgg-tin-2026-06-03,RoundsGG,RoundsGG,RoundsGG,2:0 横扫,否（无赛前价存档）
CS2,CCT Europe Series 3 Playoffs,2026-06-04,cs2-100t-ursa-2026-06-04,100 Thieves,100 Thieves,100 Thieves,2:0 横扫,否（无赛前价存档）
CS2,CCT Europe Series 3 Playoffs,2026-06-04,cs2-bca-kol-2026-06-04,Betclic Apogee Esports,Betclic Apogee Esports,Betclic Apogee Esports,2:0 横扫,否（无赛前价存档）
CS2,CCT Europe Series 3 Playoffs,2026-06-04,cs2-am-ruby1-2026-06-04,ex-RUBY,ex-RUBY,ex-RUBY,2:0 横扫,否（无赛前价存档）
CS2,IEM Cologne Major Stage 1,2026-06-04,cs2-tl1-hero-2026-06-04,Liquid,Liquid,Liquid,2:0 横扫,否（无赛前价存档）
CS2,IEM Cologne Major Stage 1,2026-06-04,cs2-m80-nrg-2026-06-04,M80,M80,M80,2:0 横扫,否（无赛前价存档）
CS2,IEM Cologne Major Stage 1,2026-06-04,cs2-mibr-lvg-2026-06-04,MIBR,MIBR,MIBR,2:0 横扫,否（无赛前价存档）
CS2,IEM Cologne Major Stage 1,2026-06-04,cs2-gl1-big5-2026-06-04,GamerLegion,GamerLegion,GamerLegion,2:0 横扫,否（无赛前价存档）
CS2,IEM Cologne Major Stage 1,2026-06-04,cs2-thunde-fly-2026-06-04,FlyQuest,FlyQuest,FlyQuest,2:0 横扫,否（无赛前价存档）
CS2,IEM Cologne Major Stage 1,2026-06-04,cs2-tyloo-shk-2026-06-04,Sharks,TYLOO,TYLOO,2:1 打满,否（无赛前价存档）
CS2,United21 Group D,2026-06-04,cs2-chaos1-mana-2026-06-04,MANA eSports,MANA eSports,MANA eSports,2:0 横扫,否（无赛前价存档）
CS2,CCT Europe Closed Qualifier: Series #4 Group A,2026-06-04,cs2-ence-ent2-2026-06-04,ENCE,Entropy,ENCE,2:1 打满,否（无赛前价存档）
CS2,Gamers Club Liga Série A Playoffs,2026-06-04,cs2-mibra-ldp-2026-06-04,largadosypelados,MIBR Academy,largadosypelados,2:1 打满,否（无赛前价存档）
CS2,Gamers Club Liga Série A Playoffs,2026-06-04,cs2-reda-paina-2026-06-04,paiN Academy,RED Canids Academy,RED Canids Academy,2:1 打满,否（无赛前价存档）
CS2,European Pro League Series 7 Group C,2026-06-06,cs2-g2a-aaa-2026-06-06,G2 Ares,G2 Ares,G2 Ares,2:0 横扫,否（无赛前价存档）
CS2,European Pro League Series 7 Group C,2026-06-06,cs2-rust-yn-2026-06-06,Young Ninjas,Young Ninjas,Young Ninjas,2:0 横扫,否（无赛前价存档）
CS2,European Pro League Series 7 Group D,2026-06-07,cs2-vp-g1-2026-06-07,Virtus.pro,GenOne,Virtus.pro,2:1 打满,否（无赛前价存档）
CS2,European Pro League Series 7 Group B,2026-06-05,cs2-lavked-mana-2026-06-05,Lavked,MANA eSports,Lavked,2:1 打满,否（无赛前价存档）
CS2,CCT Europe Series 3 Playoffs,2026-06-05,cs2-zerote-js1-2026-06-05,Johnny Speeds,Johnny Speeds,Johnny Speeds,2:0 横扫,否（无赛前价存档）
CS2,Dust2.dk Ligaen Group Stage,2026-06-04,cs2-masq-eclips-2026-06-04,MASQ,MASQ,MASQ,2:0 横扫,否（无赛前价存档）
CS2,ESEA Advanced Europe Playoffs,2026-06-05,cs2-rgg-enr1-2026-06-05,RoundsGG,RoundsGG,RoundsGG,2:0 横扫,否（无赛前价存档）
CS2,ESEA Advanced Europe Playoffs,2026-06-05,cs2-qua1-rt1-2026-06-05,QUAZAR,QUAZAR,QUAZAR,2:0 横扫,否（无赛前价存档）
CS2,ESEA Advanced Europe Playoffs,2026-06-05,cs2-ff-arch-2026-06-05,Arch,Fire Flux Esports,Fire Flux Esports,2:1 打满,否（无赛前价存档）
CS2,ESEA Advanced Europe Playoffs,2026-06-05,cs2-ep-projec-2026-06-05,Project 91,eternal premium,eternal premium,2:1 打满,否（无赛前价存档）
CS2,ESEA Advanced Europe Playoffs,2026-06-05,cs2-mis-jumbo-2026-06-05,Misa Esports,Misa Esports,Misa Esports,2:0 横扫,否（无赛前价存档）
CS2,ESEA Advanced Europe Playoffs,2026-06-05,cs2-lfo9-xi-2026-06-05,XI Esport,XI Esport,XI Esport,2:0 横扫,否（无赛前价存档）
CS2,ESEA Advanced Europe Playoffs,2026-06-05,cs2-bg1-zotix-2026-06-05,Banger Gang,ZOTIX,Banger Gang,2:1 打满,否（无赛前价存档）
CS2,IEM Cologne Major Stage 1,2026-06-05,cs2-tyloo-lvg-2026-06-05,TYLOO,TYLOO,TYLOO,2:0 横扫,否（无赛前价存档）
CS2,IEM Cologne Major Stage 1,2026-06-05,cs2-tl1-fly-2026-06-05,FlyQuest,FlyQuest,FlyQuest,2:0 横扫,否（无赛前价存档）
CS2,IEM Cologne Major Stage 1,2026-06-05,cs2-nrg-big5-2026-06-05,BIG,NRG,BIG,2:1 打满,否（无赛前价存档）
CS2,CCT Europe Series 3 Playoffs,2026-06-05,cs2-1win-bca-2026-06-05,1WIN,1WIN,1WIN,2:0 横扫,否（无赛前价存档）
CS2,European Pro League Series 7 Group B,2026-06-05,cs2-oxuji-mis-2026-06-05,Misa Esports,Misa Esports,Misa Esports,2:0 横扫,否（无赛前价存档）
CS2,CCT Europe Series 3 Playoffs,2026-06-05,cs2-bw-ruby1-2026-06-05,ex-RUBY,ex-RUBY,ex-RUBY,2:0 横扫,否（无赛前价存档）
CS2,CCT Europe Series 3 Playoffs,2026-06-05,cs2-pha-100t-2026-06-05,100 Thieves,100 Thieves,100 Thieves,2:0 横扫,否（无赛前价存档）
CS2,NODWIN Clutch Series Group Stage,2026-06-05,cs2-kol-atreid-2026-06-05,Atreides,Atreides,Atreides,2:0 横扫,否（无赛前价存档）
CS2,NODWIN Clutch Series Group Stage,2026-06-05,cs2-sparta-cs1-2026-06-05,CYBERSHOKE Esports,CYBERSHOKE Esports,CYBERSHOKE Esports,2:0 横扫,否（无赛前价存档）
CS2,NODWIN Clutch Series Group Stage,2026-06-05,cs2-ruby1-rust-2026-06-05,ex-RUBY,RUSTEC,ex-RUBY,2:1 打满,否（无赛前价存档）
CS2,Gamers Club Liga Série A Playoffs,2026-06-05,cs2-ldp-reda-2026-06-05,largadosypelados,RED Canids Academy,RED Canids Academy,2:1 打满,否（无赛前价存档）
CS2,ESEA Advanced Europe Playoffs,2026-06-05,cs2-vpp-clutch-2026-06-05,VP.Prodigy,Clutchain,Clutchain,2:1 打满,否（无赛前价存档）
CS2,NODWIN Clutch Series Group Stage,2026-06-06,cs2-tdk-wal2-2026-06-06,TDK,TDK,TDK,2:0 横扫,否（无赛前价存档）
CS2,NODWIN Clutch Series Group Stage,2026-06-06,cs2-bca-inox-2026-06-06,INOX Division,Betclic Apogee Esports,INOX Division,2:1 打满,否（无赛前价存档）
CS2,NODWIN Clutch Series Group Stage,2026-06-06,cs2-arc4-ast-2026-06-06,ASTRAL,ARCRED,ARCRED,2:1 打满,否（无赛前价存档）
CS2,NODWIN Clutch Series Group Stage,2026-06-06,cs2-ntr-am-2026-06-06,Nuclear TigeRES,Nuclear TigeRES,Nuclear TigeRES,2:0 横扫,否（无赛前价存档）
CS2,CCT Europe Series 3 Playoffs,2026-06-06,cs2-js1-1win-2026-06-06,Johnny Speeds,Johnny Speeds,Johnny Speeds,2:0 横扫,否（无赛前价存档）
CS2,CCT Europe Closed Qualifier: Series #4 Group C,2026-06-06,cs2-newvis-leo2-2026-06-06,Leo Team,Leo Team,Leo Team,2:0 横扫,否（无赛前价存档）
CS2,United21 Group D,2026-06-06,cs2-chaos1-wraith-2026-06-06,CHAOS,WRAITH PCIFIC,WRAITH PCIFIC,2:1 打满,否（无赛前价存档）
CS2,CCT Europe Series 3 Playoffs,2026-06-06,cs2-ruby1-100t-2026-06-06,100 Thieves,100 Thieves,100 Thieves,2:0 横扫,否（无赛前价存档）
CS2,CCT Europe Closed Qualifier: Series #4 Group D,2026-06-06,cs2-aaa-g1-2026-06-06,GenOne,GenOne,GenOne,2:0 横扫,否（无赛前价存档）
CS2,CCT Europe Closed Qualifier: Series #4 Group D,2026-06-06,cs2-zerote-biga-2026-06-06,ex-Zero Tenacity,BIG Academy,ex-Zero Tenacity,2:1 打满,否（无赛前价存档）
CS2,ESEA Advanced Europe Playoffs,2026-06-08,cs2-mis-ep-2026-06-08,eternal premium,eternal premium,eternal premium,2:0 横扫,否（无赛前价存档）
CS2,ESEA Advanced Europe Playoffs,2026-06-08,cs2-don-bg1-2026-06-08,Donstu Esports,Banger Gang,Donstu Esports,2:1 打满,否（无赛前价存档）
CS2,CCT Europe Series 3 Playoffs,2026-06-06,cs2-js1-100t-2026-06-06,Johnny Speeds,100 Thieves,100 Thieves,2:1 打满,否（无赛前价存档）
CS2,CCT Europe Closed Qualifier: Series #4 Group C,2026-06-07,cs2-lilmix-newvis-2026-06-07,NEW VISION,NEW VISION,NEW VISION,2:0 横扫,否（无赛前价存档）
CS2,European Pro League Series 7 Group A,2026-06-08,cs2-hs2-inox-2026-06-08,INOX Division,INOX Division,INOX Division,2:0 横扫,否（无赛前价存档）
CS2,ESEA Advanced Europe Playoffs,2026-06-08,cs2-rgg-old-2026-06-08,OLDBOYS-,OLDBOYS-,OLDBOYS-,2:0 横扫,否（无赛前价存档）
CS2,European Pro League Series 7 Group B,2026-06-09,cs2-lavked-mis-2026-06-09,Lavked,Lavked,Lavked,2:0 横扫,否（无赛前价存档）
CS2,European Pro League Series 7 Group C,2026-06-10,cs2-aaa-rust-2026-06-10,RUSTEC,against All authority,against All authority,2:1 打满,否（无赛前价存档）
CS2,European Pro League Series 7 Group C,2026-06-10,cs2-g2a-yn-2026-06-10,Young Ninjas,G2 Ares,G2 Ares,2:1 打满,否（无赛前价存档）
CS2,IEM Cologne Major Stage 2,2026-06-07,cs2-g2-fut-2026-06-07,FUT Esports,G2,FUT Esports,2:1 打满,否（无赛前价存档）
CS2,IEM Cologne Major Stage 2,2026-06-07,cs2-fly-pain-2026-06-07,paiN,paiN,paiN,2:0 横扫,否（无赛前价存档）
CS2,IEM Cologne Major Stage 2,2026-06-07,cs2-ts7-9z-2026-06-07,Spirit,Spirit,Spirit,2:0 横扫,否（无赛前价存档）
CS2,IEM Cologne Major Stage 2,2026-06-07,cs2-b8-gl1-2026-06-07,B8,GamerLegion,B8,2:1 打满,否（无赛前价存档）
CS2,NODWIN Clutch Series Group Stage,2026-06-07,cs2-sparta-am-2026-06-07,SPARTA,AM Gaming,AM Gaming,2:1 打满,否（无赛前价存档）
CS2,NODWIN Clutch Series Group Stage,2026-06-07,cs2-arc4-wal2-2026-06-07,Walczaki,Walczaki,Walczaki,2:0 横扫,否（无赛前价存档）
CS2,NODWIN Clutch Series Group Stage,2026-06-08,cs2-kol-ast-2026-06-08,KOLESIE,KOLESIE,KOLESIE,2:0 横扫,否（无赛前价存档）
CS2,NODWIN Clutch Series Group Stage,2026-06-08,cs2-ntr-cs1-2026-06-08,Nuclear TigeRES,Nuclear TigeRES,Nuclear TigeRES,2:0 横扫,否（无赛前价存档）
CS2,NODWIN Clutch Series Group Stage,2026-06-08,cs2-ursa-rust-2026-06-08,Ursa,RUSTEC,RUSTEC,2:1 打满,否（无赛前价存档）
CS2,NODWIN Clutch Series Group Stage,2026-06-07,cs2-tdk-inox-2026-06-07,TDK,TDK,TDK,2:0 横扫,否（无赛前价存档）
CS2,United21 Playoffs,2026-06-08,cs2-mana1-step-2026-06-08,STEP,STEP,STEP,2:0 横扫,否（无赛前价存档）
CS2,United21 Playoffs,2026-06-08,cs2-clutch-inf1-2026-06-08,Clutchain,INFURITY Gaming,Clutchain,2:1 打满,否（无赛前价存档）
CS2,United21 Playoffs,2026-06-07,cs2-unity-navij1-2026-06-07,UNiTY esports,NAVI Junior,UNiTY esports,2:1 打满,否（无赛前价存档）
CS2,CCT Europe Closed Qualifier: Series #4 Group D,2026-06-07,cs2-g1-biga-2026-06-07,GenOne,BIG Academy,GenOne,2:1 打满,否（无赛前价存档）
CS2,European Pro League Series 7 Group D,2026-06-07,cs2-kol-lc-2026-06-07,Lazer Cats,KOLESIE,KOLESIE,2:1 打满,否（无赛前价存档）
CS2,TESFED League Playoffs,2026-06-07,cs2-bw-venom-2026-06-07,VENOM ESPOR,VENOM ESPOR,VENOM ESPOR,2:0 横扫,否（无赛前价存档）
CS2,TESFED League Playoffs,2026-06-07,cs2-mis-fp3-2026-06-07,Misa Esports,Misa Esports,Misa Esports,2:0 横扫,否（无赛前价存档）
CS2,IEM Cologne Major Stage 2,2026-06-08,cs2-mnte-bb3-2026-06-08,BetBoom Team,Monte,BetBoom Team,2:1 打满,否（无赛前价存档）
CS2,IEM Cologne Major Stage 2,2026-06-08,cs2-tyloo-9z-2026-06-08,9z,9z,9z,2:0 横扫,否（无赛前价存档）
CS2,IEM Cologne Major Stage 2,2026-06-08,cs2-ast10-pain-2026-06-08,paiN,paiN,paiN,2:0 横扫,否（无赛前价存档）
CS2,IEM Cologne Major Stage 2,2026-06-08,cs2-g2-big5-2026-06-08,G2,G2,G2,2:0 横扫,否（无赛前价存档）
CS2,IEM Cologne Major Stage 2,2026-06-08,cs2-m80-lgc-2026-06-08,Legacy,Legacy,Legacy,2:0 横扫,否（无赛前价存档）
CS2,IEM Cologne Major Stage 2,2026-06-08,cs2-mibr-b8-2026-06-08,MIBR,B8,B8,2:1 打满,否（无赛前价存档）
CS2,Dust2.dk Ligaen Group Stage,2026-06-08,cs2-msc-aabb-2026-06-08,AaB Bulls,MASONIC,MASONIC,2:1 打满,否（无赛前价存档）
CS2,CCT Europe Closed Qualifier: Series #4 Play-In,2026-06-08,cs2-leo2-hs2-2026-06-08,Leo Team,Leo Team,Leo Team,2:0 横扫,否（无赛前价存档）
CS2,CCT Europe Closed Qualifier: Series #4 Play-In,2026-06-08,cs2-tlr-g1-2026-06-08,GenOne,GenOne,GenOne,2:0 横扫,否（无赛前价存档）
CS2,CCT Europe Closed Qualifier: Series #4 Play-In,2026-06-08,cs2-heroa-newvis-2026-06-08,HEROIC Academy,HEROIC Academy,HEROIC Academy,2:0 横扫,否（无赛前价存档）
CS2,Dfrag Open Series #5 Group A,2026-06-08,cs2-abyssa-mglbro-2026-06-08,Abyssal,Abyssal,Abyssal,2:0 横扫,否（无赛前价存档）
CS2,Dfrag Open Series #5 Group B,2026-06-10,cs2-gz1-mr1-2026-06-10,Masked Regime,Ground Zero,Ground Zero,2:1 打满,否（无赛前价存档）
CS2,Dfrag Open Series #5 Group A,2026-06-08,cs2-rstr-mandl-2026-06-08,Rooster,Rooster,Rooster,2:0 横扫,否（无赛前价存档）
CS2,Dfrag Open Series #5 Group B,2026-06-10,cs2-dingcu-dxa-2026-06-10,Ding Cuts,Ding Cuts,Ding Cuts,2:0 横扫,否（无赛前价存档）
CS2,Dust2.dk Ligaen Group Stage,2026-06-09,cs2-invict1-820-2026-06-09,Invicta,L.820,Invicta,2:1 打满,否（无赛前价存档）
CS2,IEM Cologne Major Stage 2,2026-06-09,cs2-mnte-pain-2026-06-09,Monte,Monte,Monte,2:0 横扫,否（无赛前价存档）
CS2,IEM Cologne Major Stage 2,2026-06-09,cs2-tyloo-lgc-2026-06-09,Legacy,Legacy,Legacy,2:0 横扫,否（无赛前价存档）
CS2,IEM Cologne Major Stage 2,2026-06-09,cs2-big5-b8-2026-06-09,BIG,B8,B8,2:1 打满,否（无赛前价存档）
CS2,European Pro League Series 7 Group B,2026-06-09,cs2-mana-oxuji-2026-06-09,Oxuji Esports,Oxuji Esports,Oxuji Esports,2:0 横扫,否（无赛前价存档）
CS2,NODWIN Clutch Series Group Stage,2026-06-09,cs2-kol-rust-2026-06-09,KOLESIE,KOLESIE,KOLESIE,2:0 横扫,否（无赛前价存档）
CS2,NODWIN Clutch Series Group Stage,2026-06-09,cs2-bca-am-2026-06-09,AM Gaming,Betclic Apogee Esports,Betclic Apogee Esports,2:1 打满,否（无赛前价存档）
CS2,NODWIN Clutch Series Group Stage,2026-06-09,cs2-cs1-ruby1-2026-06-09,ex-RUBY,ex-RUBY,ex-RUBY,2:0 横扫,否（无赛前价存档）
CS2,NODWIN Clutch Series Group Stage,2026-06-10,cs2-wal2-inox-2026-06-10,Walczaki,INOX Division,Walczaki,2:1 打满,否（无赛前价存档）
CS2,NODWIN Clutch Series Group Stage,2026-06-10,cs2-sparta-atreid-2026-06-10,SPARTA,SPARTA,SPARTA,2:0 横扫,否（无赛前价存档）
CS2,European Pro League Series 7 Group D,2026-06-11,cs2-kol-vp-2026-06-11,KOLESIE,KOLESIE,KOLESIE,2:0 横扫,否（无赛前价存档）
CS2,CCT Europe Series 4 Group Stage,2026-06-10,cs2-ill-g2a-2026-06-10,G2 Ares,illwill,G2 Ares,2:1 打满,否（无赛前价存档）
CS2,CCT Europe Series 4 Group Stage,2026-06-10,cs2-kol-leo2-2026-06-10,Leo Team,KOLESIE,Leo Team,2:1 打满,否（无赛前价存档）
CS2,CCT Europe Series 4 Group Stage,2026-06-09,cs2-vp-oxuji-2026-06-09,Virtus.pro,Virtus.pro,Virtus.pro,2:0 横扫,否（无赛前价存档）
CS2,CCT Europe Series 4 Group Stage,2026-06-09,cs2-ruby1-rust-2026-06-09,RUSTEC,ex-RUBY,ex-RUBY,2:1 打满,否（无赛前价存档）
CS2,CCT Europe Series 4 Group Stage,2026-06-10,cs2-ursa-heroa-2026-06-10,HEROIC Academy,Ursa,Ursa,2:1 打满,否（无赛前价存档）
CS2,TESFED League Playoffs,2026-06-12,cs2-efa-wraith-2026-06-12,Eternal Fire Academy,WRAITH PCIFIC,WRAITH PCIFIC,2:1 打满,否（无赛前价存档）
CS2,United21 Playoffs,2026-06-10,cs2-wraith-unity-2026-06-10,WRAITH PCIFIC,WRAITH PCIFIC,WRAITH PCIFIC,2:0 横扫,否（无赛前价存档）
CS2,Dfrag Open Series #5 Group A,2026-06-09,cs2-abyssa-rstr-2026-06-09,Abyssal,Rooster,Rooster,2:1 打满,否（无赛前价存档）
CS2,TESFED League Playoffs,2026-06-12,cs2-futt-ff-2026-06-12,Fire Flux Esports,Fire Flux Esports,Fire Flux Esports,2:0 横扫,否（无赛前价存档）
CS2,United21 Playoffs,2026-06-09,cs2-inf1-mana1-2026-06-09,ex-MANA eSports,INFURITY Gaming,ex-MANA eSports,2:1 打满,否（无赛前价存档）
CS2,ESEA Advanced Europe Playoffs,2026-06-10,cs2-newvis-xi-2026-06-10,XI Esport,XI Esport,XI Esport,2:0 横扫,否（无赛前价存档）
CS2,ESEA Advanced Europe Playoffs,2026-06-10,cs2-fal-old-2026-06-10,OLDBOYS-,OLDBOYS-,OLDBOYS-,2:0 横扫,否（无赛前价存档）
CS2,ESEA Advanced Europe Playoffs,2026-06-10,cs2-b8acad-don-2026-06-10,B8 Academy,Donstu Esports,Donstu Esports,2:1 打满,否（无赛前价存档）
CS2,ESEA Advanced Europe Playoffs,2026-06-10,cs2-wing-ep-2026-06-10,Wingman,eternal premium,Wingman,2:1 打满,否（无赛前价存档）
CS2,IEM Cologne Major Stage 3,2026-06-11,cs2-prv-9z-2026-06-11,9z,PARIVISION,9z,2:1 打满,否（无赛前价存档）
CS2,IEM Cologne Major Stage 3,2026-06-11,cs2-vit-fut-2026-06-11,FUT Esports,Vitality,Vitality,2:1 打满,否（无赛前价存档）
CS2,IEM Cologne Major Stage 3,2026-06-11,cs2-mouz-lgc-2026-06-11,MOUZ,MOUZ,MOUZ,2:0 横扫,否（无赛前价存档）
CS2,IEM Cologne Major Stage 3,2026-06-11,cs2-mglz-bb3-2026-06-11,TheMongolz,BetBoom Team,BetBoom Team,2:1 打满,否（无赛前价存档）
CS2,IEM Cologne Major Stage 3,2026-06-11,cs2-fal2-g2-2026-06-11,G2,Team Falcons,Team Falcons,2:1 打满,否（无赛前价存档）
CS2,IEM Cologne Major Stage 3,2026-06-11,cs2-furia-b8-2026-06-11,FURIA,FURIA,FURIA,2:0 横扫,否（无赛前价存档）
CS2,IEM Cologne Major Stage 3,2026-06-11,cs2-aur1-mnte-2026-06-11,Aurora Gaming,Aurora Gaming,Aurora Gaming,2:0 横扫,否（无赛前价存档）
CS2,IEM Cologne Major Stage 3,2026-06-11,cs2-navi-ts7-2026-06-11,Spirit,Spirit,Spirit,2:0 横扫,否（无赛前价存档）
CS2,European Pro League Series 7 Group B,2026-06-13,cs2-oxuji-mis-2026-06-13,Oxuji Esports,Oxuji Esports,Oxuji Esports,2:0 横扫,否（无赛前价存档）
CS2,European Pro League Series 7 Group D,2026-06-11,cs2-lc-g1-2026-06-11,GenOne,Lazer Cats,GenOne,2:1 打满,否（无赛前价存档）
CS2,European Pro League Series 7 Group C,2026-06-12,cs2-aaa-yn-2026-06-12,Young Ninjas,Young Ninjas,Young Ninjas,2:0 横扫,否（无赛前价存档）
CS2,NODWIN Clutch Series Group Stage,2026-06-11,cs2-am-cs1-2026-06-11,CYBERSHOKE Esports,AM Gaming,CYBERSHOKE Esports,2:1 打满,否（无赛前价存档）
CS2,NODWIN Clutch Series Group Stage,2026-06-11,cs2-sparta-kol-2026-06-11,KOLESIE,KOLESIE,KOLESIE,2:0 横扫,否（无赛前价存档）
CS2,CCT Europe Series #4 Group Stage,2026-06-11,cs2-ill-rust-2026-06-11,illwill,illwill,illwill,2:0 横扫,否（无赛前价存档）
CS2,CCT Europe Series #4 Group Stage,2026-06-11,cs2-kol-heroa-2026-06-11,HEROIC Academy,KOLESIE,KOLESIE,2:1 打满,否（无赛前价存档）
CS2,CCT Europe Series #4 Group Stage,2026-06-11,cs2-bbp-oxuji-2026-06-11,Oxuji Esports,Bebop,Bebop,2:1 打满,否（无赛前价存档）
CS2,United21 Playoffs,2026-06-11,cs2-unity-mana1-2026-06-11,ex-MANA eSports,UNiTY esports,ex-MANA eSports,2:1 打满,否（无赛前价存档）
CS2,NSTLGA League Playoffs,2026-06-11,cs2-dtn1-iowast-2026-06-11,Detonate,Iowa Stormboar,Detonate,2:1 打满,否（无赛前价存档）
CS2,NSTLGA League Playoffs,2026-06-11,cs2-wg-ot2-2026-06-11,Overtake,Wanted Goons,Overtake,2:1 打满,否（无赛前价存档）
CS2,NSTLGA League Playoffs,2026-06-11,cs2-mars-f5-2026-06-11,Marsborne,Marsborne,Marsborne,2:0 横扫,否（无赛前价存档）
CS2,NSTLGA League Playoffs,2026-06-11,cs2-club33-fl-2026-06-11,Festina Lente,Festina Lente,Festina Lente,2:0 横扫,否（无赛前价存档）
CS2,Dfrag Open Series #5 Group B,2026-06-11,cs2-gz1-dingcu-2026-06-11,Ground Zero,Ground Zero,Ground Zero,2:0 横扫,否（无赛前价存档）
CS2,Dfrag Open Series #5 Group B,2026-06-11,cs2-dxa-mr1-2026-06-11,DXA Esports,DXA Esports,DXA Esports,2:0 横扫,否（无赛前价存档）
CS2,Dfrag Open Series #5 Group A,2026-06-12,cs2-mandl-abyssa-2026-06-12,Abyssal,MARKandLARRY,MARKandLARRY,2:1 打满,否（无赛前价存档）
CS2,CCT Europe Series #4 Group Stage,2026-06-12,cs2-ruby1-g2a-2026-06-12,ex-RUBY,ex-RUBY,ex-RUBY,2:0 横扫,否（无赛前价存档）
CS2,CCT Europe Series #4 Group Stage,2026-06-12,cs2-sparta-g1-2026-06-12,GenOne,SPARTA,GenOne,2:1 打满,否（无赛前价存档）
CS2,European Pro League Series 7 Group D,2026-06-12,cs2-g1-vp-2026-06-12,GenOne,Virtus.pro,Virtus.pro,2:1 打满,否（无赛前价存档）
CS2,IEM Cologne Major Stage 3,2026-06-12,cs2-prv-mnte-2026-06-12,PARIVISION,Monte,Monte,2:1 打满,否（无赛前价存档）
CS2,IEM Cologne Major Stage 3,2026-06-12,cs2-navi-lgc-2026-06-12,Natus Vincere,Natus Vincere,Natus Vincere,2:0 横扫,否（无赛前价存档）
CS2,IEM Cologne Major Stage 3,2026-06-12,cs2-mglz-b8-2026-06-12,TheMongolz,TheMongolz,TheMongolz,2:0 横扫,否（无赛前价存档）
CS2,IEM Cologne Major Stage 3,2026-06-12,cs2-fut-g2-2026-06-12,G2,FUT Esports,G2,2:1 打满,否（无赛前价存档）
CS2,IEM Cologne Major Stage 3,2026-06-12,cs2-furia-mouz-2026-06-12,FURIA,MOUZ,FURIA,2:1 打满,否（无赛前价存档）
CS2,IEM Cologne Major Stage 3,2026-06-12,cs2-aur1-ts7-2026-06-12,Aurora Gaming,Spirit,Spirit,2:1 打满,否（无赛前价存档）
CS2,IEM Cologne Major Stage 3,2026-06-12,cs2-vit-9z-2026-06-12,Vitality,9z,9z,2:1 打满,否（无赛前价存档）
CS2,IEM Cologne Major Stage 3,2026-06-12,cs2-fal2-bb3-2026-06-12,BetBoom Team,BetBoom Team,BetBoom Team,2:0 横扫,否（无赛前价存档）
CS2,Dfrag Open Series #5 Group B,2026-06-12,cs2-dingcu-dxa-2026-06-12,DXA Esports,Ding Cuts,DXA Esports,2:1 打满,否（无赛前价存档）
CS2,CCT Europe Series #4 Group Stage,2026-06-12,cs2-ursa-leo2-2026-06-12,Ursa,Ursa,Ursa,2:0 横扫,否（无赛前价存档）
CS2,United21 Playoffs,2026-06-12,cs2-clutch-mana1-2026-06-12,Clutchain,Clutchain,Clutchain,2:0 横扫,否（无赛前价存档）
CS2,ESEA Advanced Europe Playoffs,2026-06-12,cs2-old-don-2026-06-12,OLDBOYS-,Donstu Esports,OLDBOYS-,2:1 打满,否（无赛前价存档）
CS2,NSTLGA League Playoffs,2026-06-12,cs2-club33-iowast-2026-06-12,Iowa Stormboar,Iowa Stormboar,Iowa Stormboar,2:0 横扫,否（无赛前价存档）
CS2,NSTLGA League Playoffs,2026-06-12,cs2-f5-wg-2026-06-12,Wanted Goons,F5 Esports,Wanted Goons,2:1 打满,否（无赛前价存档）
CS2,NSTLGA League Playoffs,2026-06-12,cs2-fl-dtn1-2026-06-12,Festina Lente,Festina Lente,Festina Lente,2:0 横扫,否（无赛前价存档）
CS2,NSTLGA League Playoffs,2026-06-12,cs2-mars-ot2-2026-06-12,Marsborne,Marsborne,Marsborne,2:0 横扫,否（无赛前价存档）
CS2,Dust2.dk Ligaen Group A,2026-06-12,cs2-washed-sta6-2026-06-12,Washed,STATE,STATE,2:1 打满,否（无赛前价存档）
CS2,Dust2.dk Ligaen Group A,2026-06-12,cs2-invict1-sashia-2026-06-12,Sashi Academy,Sashi Academy,Sashi Academy,2:0 横扫,否（无赛前价存档）
CS2,Dust2.dk Ligaen Group B,2026-06-12,cs2-str4-xi-2026-06-12,struggletony,struggletony,struggletony,2:0 横扫,否（无赛前价存档）
CS2,IEM Cologne Major Stage 3,2026-06-13,cs2-navi-mglz-2026-06-13,TheMongolz,Natus Vincere,Natus Vincere,2:1 打满,否（无赛前价存档）
CS2,CCT Europe Series #4 Group Stage,2026-06-13,cs2-kol-bbp-2026-06-13,Bebop,KOLESIE,KOLESIE,2:1 打满,否（无赛前价存档）
CS2,IEM Cologne Major Stage 3,2026-06-13,cs2-aur1-g2-2026-06-13,Aurora Gaming,Aurora Gaming,Aurora Gaming,2:0 横扫,否（无赛前价存档）
CS2,CCT Europe Series #4 Group Stage,2026-06-13,cs2-rust-heroa-2026-06-13,RUSTEC,HEROIC Academy,RUSTEC,2:1 打满,否（无赛前价存档）
CS2,CCT Europe Series #4 Group Stage,2026-06-14,cs2-sparta-leo2-2026-06-14,Leo Team,SPARTA,Leo Team,2:1 打满,否（无赛前价存档）
CS2,IEM Cologne Major Stage 3,2026-06-13,cs2-ts7-9z-2026-06-13,9z,Spirit,Spirit,2:1 打满,否（无赛前价存档）
CS2,Dust2.dk Ligaen Group A,2026-06-13,cs2-sashia-washed-2026-06-13,Washed,Washed,Washed,2:0 横扫,否（无赛前价存档）
CS2,IEM Cologne Major Stage 3,2026-06-13,cs2-fal2-mnte-2026-06-13,Team Falcons,Monte,Team Falcons,2:1 打满,否（无赛前价存档）
CS2,CCT Europe Series #4 Group Stage,2026-06-14,cs2-ruby1-inox-2026-06-14,INOX Division,ex-RUBY,INOX Division,2:1 打满,否（无赛前价存档）
CS2,IEM Cologne Major Stage 3,2026-06-13,cs2-vit-mouz-2026-06-13,Vitality,MOUZ,Vitality,2:1 打满,否（无赛前价存档）
CS2,IEM Cologne Major Stage 3,2026-06-13,cs2-b8-fut-2026-06-13,B8,FUT Esports,FUT Esports,2:1 打满,否（无赛前价存档）
CS2,Dust2.dk Ligaen Group B,2026-06-13,cs2-str4-msc-2026-06-13,MASONIC,MASONIC,MASONIC,2:0 横扫,否（无赛前价存档）
CS2,CCT Europe Series #4 Group Stage,2026-06-14,cs2-ill-vp-2026-06-14,Virtus.pro,illwill,illwill,2:1 打满,否（无赛前价存档）
CS2,CCT Europe Series #4 Group Stage,2026-06-14,cs2-ursa-g1-2026-06-14,GenOne,Ursa,Ursa,2:1 打满,否（无赛前价存档）
CS2,ESEA Advanced Europe Playoffs,2026-06-14,cs2-old-arch-2026-06-14,OLDBOYS-,Arch,Arch,2:1 打满,否（无赛前价存档）
CS2,ESEA Advanced Europe Playoffs,2026-06-15,cs2-rt1-wing-2026-06-15,Wingman,ReThink,ReThink,2:1 打满,否（无赛前价存档）
CS2,IEM Cologne Major Stage 3,2026-06-13,cs2-bb3-furia-2026-06-13,FURIA,FURIA,FURIA,2:0 横扫,否（无赛前价存档）
CS2,IEM Cologne Major Stage 3,2026-06-13,cs2-prv-lgc-2026-06-13,Legacy,Legacy,Legacy,2:0 横扫,否（无赛前价存档）
CS2,ROG Journey Playoffs,2026-06-13,cs2-bmb-gbl-2026-06-13,BASEMENT BOYS,BASEMENT BOYS,BASEMENT BOYS,2:0 横扫,否（无赛前价存档）
CS2,ROG Journey Playoffs,2026-06-13,cs2-all-saab-2026-06-13,Alliance,Alliance,Alliance,2:0 横扫,否（无赛前价存档）
CS2,ROG Journey Playoffs,2026-06-13,cs2-eac-noirve-2026-06-13,Esport Academy Copenhagen,Noir Verse,Esport Academy Copenhagen,2:1 打满,否（无赛前价存档）
CS2,ROG Journey Playoffs,2026-06-13,cs2-fnc-minken-2026-06-13,fnatic,fnatic,fnatic,2:0 横扫,否（无赛前价存档）
CS2,ROG Journey Playoffs,2026-06-13,cs2-ent2-gat-2026-06-13,Entropy,Gatorian,Entropy,2:1 打满,否（无赛前价存档）
CS2,Dfrag Open Series #5 Playoffs,2026-06-15,cs2-rstr-dxa-2026-06-15,Rooster,Rooster,Rooster,2:0 横扫,否（无赛前价存档）
CS2,Dfrag Open Series #5 Playoffs,2026-06-15,cs2-gz1-mandl-2026-06-15,Ground Zero,Ground Zero,Ground Zero,2:0 横扫,否（无赛前价存档）
CS2,ROG Journey Playoffs,2026-06-13,cs2-aim1-6666-2026-06-13,aimclub,aimclub,aimclub,2:0 横扫,否（无赛前价存档）
CS2,ROG Journey Playoffs,2026-06-13,cs2-mzp-atp1-2026-06-13,Metizport,Metizport,Metizport,2:0 横扫,否（无赛前价存档）
CS2,NODWIN Clutch Series Playoffs,2026-06-14,cs2-k271-wal2-2026-06-14,K27,K27,K27,2:0 横扫,否（无赛前价存档）
CS2,NODWIN Clutch Series Playoffs,2026-06-14,cs2-hotu-kol-2026-06-14,HOTU,HOTU,HOTU,2:0 横扫,否（无赛前价存档）
CS2,United21 Playoffs,2026-06-14,cs2-wraith-clutch-2026-06-14,Clutchain,Clutchain,Clutchain,2:0 横扫,否（无赛前价存档）
CS2,NODWIN Clutch Series Playoffs,2026-06-14,cs2-ill-ntr-2026-06-14,Nuclear TigeRES,Nuclear TigeRES,Nuclear TigeRES,2:0 横扫,否（无赛前价存档）
CS2,NODWIN Clutch Series Playoffs,2026-06-14,cs2-1win-tdk-2026-06-14,TDK,TDK,TDK,2:0 横扫,否（无赛前价存档）
CS2,ROG Journey Playoffs,2026-06-13,cs2-fnc-aim1-2026-06-13,fnatic,fnatic,fnatic,2:0 横扫,否（无赛前价存档）
CS2,ROG Journey Playoffs,2026-06-13,cs2-gbl-gat-2026-06-13,Gatorian,Gatorian,Gatorian,2:0 横扫,否（无赛前价存档）
CS2,NSTLGA League Playoffs,2026-06-13,cs2-mars-fl-2026-06-13,Festina Lente,Marsborne,Marsborne,2:1 打满,否（无赛前价存档）
CS2,ROG Journey Playoffs,2026-06-13,cs2-atp1-noirve-2026-06-13,Noir Verse,Noir Verse,Noir Verse,2:0 横扫,否（无赛前价存档）
CS2,TESFED League Playoffs,2026-06-14,cs2-fp3-futt-2026-06-14,FUT Turkuaz,FUT Turkuaz,FUT Turkuaz,2:0 横扫,否（无赛前价存档）
CS2,TESFED League Playoffs,2026-06-13,cs2-venom-wraith-2026-06-13,VENOM ESPOR,WRAITH PCIFIC,WRAITH PCIFIC,2:1 打满,否（无赛前价存档）
CS2,TESFED League Playoffs,2026-06-14,cs2-bw-efa-2026-06-14,Bushido Wildcats,Bushido Wildcats,Bushido Wildcats,2:0 横扫,否（无赛前价存档）
CS2,NSTLGA League Playoffs,2026-06-13,cs2-iowast-ot2-2026-06-13,Overtake,Iowa Stormboar,Iowa Stormboar,2:1 打满,否（无赛前价存档）
CS2,NSTLGA League Playoffs,2026-06-13,cs2-dtn1-wg-2026-06-13,Detonate,Detonate,Detonate,2:0 横扫,否（无赛前价存档）
CS2,TESFED League Playoffs,2026-06-13,cs2-mis-ff-2026-06-13,Fire Flux Esports,Misa Esports,Misa Esports,2:1 打满,否（无赛前价存档）
CS2,ROG Journey Playoffs,2026-06-13,cs2-mzp-eac-2026-06-13,Metizport,Esport Academy Copenhagen,Metizport,2:1 打满,否（无赛前价存档）
CS2,Dust2.dk Ligaen Playoffs,2026-06-13,cs2-masq-washed-2026-06-13,Washed,Washed,Washed,2:0 横扫,否（无赛前价存档）
CS2,Dust2.dk Ligaen Playoffs,2026-06-13,cs2-sta6-msc-2026-06-13,STATE,MASONIC,MASONIC,2:1 打满,否（无赛前价存档）
CS2,ROG Journey Playoffs,2026-06-13,cs2-fnc-bmb-2026-06-13,fnatic,fnatic,fnatic,2:0 横扫,否（无赛前价存档）
CS2,ROG Journey Playoffs,2026-06-13,cs2-pure-aim1-2026-06-13,aimclub,aimclub,aimclub,2:0 横扫,否（无赛前价存档）
CS2,ROG Journey Playoffs,2026-06-13,cs2-mzp-nxs1-2026-06-13,Metizport,Metizport,Metizport,2:0 横扫,否（无赛前价存档）
CS2,Dust2.dk Ligaen Playoffs,2026-06-13,cs2-washed-msc-2026-06-13,Washed,MASONIC,Washed,2:1 打满,否（无赛前价存档）
CS2,Dust2.dk Ligaen Playoffs,2026-06-13,cs2-masq-sta6-2026-06-13,STATE,MASQ,STATE,2:1 打满,否（无赛前价存档）
CS2,ROG Journey Playoffs,2026-06-13,cs2-aim1-noirve-2026-06-13,aimclub,Noir Verse,Noir Verse,2:1 打满,否（无赛前价存档）
CS2,ROG Journey Playoffs,2026-06-13,cs2-all-eac-2026-06-13,Alliance,Alliance,Alliance,2:0 横扫,否（无赛前价存档）
CS2,NODWIN Clutch Series Playoffs,2026-06-15,cs2-nem-cs1-2026-06-15,Team Nemesis,Team Nemesis,Team Nemesis,2:0 横扫,否（无赛前价存档）
CS2,NODWIN Clutch Series Playoffs,2026-06-15,cs2-inf6-ruby1-2026-06-15,Infinite,Infinite,Infinite,2:0 横扫,否（无赛前价存档）
CS2,ROG Journey Playoffs,2026-06-14,cs2-fnc-mzp-2026-06-14,Metizport,Metizport,Metizport,2:0 横扫,否（无赛前价存档）
CS2,NODWIN Clutch Series Playoffs,2026-06-15,cs2-100t-bca-2026-06-15,100 Thieves,100 Thieves,100 Thieves,2:0 横扫,否（无赛前价存档）
CS2,ROG Journey Playoffs,2026-06-14,cs2-nxs1-noirve-2026-06-14,Nexus,Nexus,Nexus,2:0 横扫,否（无赛前价存档）
CS2,ROG Journey Playoffs,2026-06-14,cs2-bmb-all-2026-06-14,Alliance,Alliance,Alliance,2:0 横扫,否（无赛前价存档）
CS2,NSTLGA League Playoffs,2026-06-13,cs2-dtn1-iowast-2026-06-13,Detonate,Iowa Stormboar,Iowa Stormboar,2:1 打满,否（无赛前价存档）
CS2,European Pro League Series 7 Playoffs,2026-06-14,cs2-inf6-vp-2026-06-14,Infinite,Virtus.pro,Infinite,2:1 打满,否（无赛前价存档）
CS2,European Pro League Series 7 Playoffs,2026-06-17,cs2-sparta-inox-2026-06-17,SPARTA,INOX Division,INOX Division,2:1 打满,否（无赛前价存档）
CS2,European Pro League Series 7 Playoffs,2026-06-15,cs2-wal2-g2a-2026-06-15,Walczaki,Walczaki,Walczaki,2:0 横扫,否（无赛前价存档）
CS2,European Pro League Series 7 Playoffs,2026-06-16,cs2-eac-kol-2026-06-16,KOLESIE,KOLESIE,KOLESIE,2:0 横扫,否（无赛前价存档）
CS2,European Pro League Series 7 Playoffs,2026-06-16,cs2-sashi-hs2-2026-06-16,Sashi Esport,HyperSpirit,Sashi Esport,2:1 打满,否（无赛前价存档）
CS2,IEM Cologne Major Stage 3,2026-06-14,cs2-mouz-fut-2026-06-14,FUT Esports,MOUZ,FUT Esports,2:1 打满,否（无赛前价存档）
CS2,IEM Cologne Major Stage 3,2026-06-14,cs2-mglz-mnte-2026-06-14,Monte,TheMongolz,TheMongolz,2:1 打满,否（无赛前价存档）
CS2,IEM Cologne Major Stage 3,2026-06-14,cs2-bb3-vit-2026-06-14,Vitality,Vitality,Vitality,2:0 横扫,否（无赛前价存档）
CS2,IEM Cologne Major Stage 3,2026-06-14,cs2-g2-lgc-2026-06-14,G2,G2,G2,2:0 横扫,否（无赛前价存档）
CS2,IEM Cologne Major Stage 3,2026-06-14,cs2-aur1-9z-2026-06-14,Aurora Gaming,Aurora Gaming,Aurora Gaming,2:0 横扫,否（无赛前价存档）
CS2,IEM Cologne Major Stage 3,2026-06-14,cs2-navi-fal2-2026-06-14,Team Falcons,Natus Vincere,Team Falcons,2:1 打满,否（无赛前价存档）
CS2,European Pro League Series 7 Playoffs,2026-06-14,cs2-ntr-oxuji-2026-06-14,Nuclear TigeRES,Oxuji Esports,Oxuji Esports,2:1 打满,否（无赛前价存档）
CS2,NSTLGA League Playoffs,2026-06-14,cs2-fl-iowast-2026-06-14,Festina Lente,Iowa Stormboar,Iowa Stormboar,2:1 打满,否（无赛前价存档）
CS2,ROG Journey Playoffs,2026-06-14,cs2-nxs1-all-2026-06-14,Nexus,Alliance,Alliance,2:1 打满,否（无赛前价存档）
CS2,ROG Journey Playoffs,2026-06-14,cs2-fnc-all-2026-06-14,Alliance,fnatic,Alliance,2:1 打满,否（无赛前价存档）
CS2,ROG Journey Playoffs,2026-06-14,cs2-mzp-all-2026-06-14,Alliance,Metizport,Alliance,2:1 打满,否（无赛前价存档）
CS2,CCT Europe Series #4 Group Stage,2026-06-15,cs2-sparta-g2a-2026-06-15,SPARTA,SPARTA,SPARTA,2:0 横扫,否（无赛前价存档）
CS2,CCT Europe Series #4 Group Stage,2026-06-15,cs2-bbp-rust-2026-06-15,Bebop,RUSTEC,Bebop,2:1 打满,否（无赛前价存档）
CS2,IEM Cologne Major Stage 3,2026-06-15,cs2-9z-mglz-2026-06-15,9z,9z,9z,2:0 横扫,否（无赛前价存档）
CS2,IEM Cologne Major Stage 3,2026-06-15,cs2-bb3-fut-2026-06-15,BetBoom Team,BetBoom Team,BetBoom Team,2:0 横扫,否（无赛前价存档）
CS2,IEM Cologne Major Stage 3,2026-06-15,cs2-navi-g2-2026-06-15,Natus Vincere,G2,G2,2:1 打满,否（无赛前价存档）
CS2,NSTLGA League Playoffs,2026-06-14,cs2-mars-iowast-2026-06-14,Marsborne,Marsborne,Marsborne,2:0 横扫,否（无赛前价存档）
CS2,United21 Group A,2026-06-15,cs2-mil-cls1-2026-06-15,Millennium Esports,Coalesce,Coalesce,2:1 打满,否（无赛前价存档）
CS2,CCT Europe Series #4 Group Stage,2026-06-16,cs2-kol-g1-2026-06-16,GenOne,KOLESIE,GenOne,2:1 打满,否（无赛前价存档）
CS2,CCT Europe Series #4 Group Stage,2026-06-16,cs2-ill-ruby1-2026-06-16,ex-RUBY,illwill,ex-RUBY,2:1 打满,否（无赛前价存档）
CS2,United21 Group A,2026-06-15,cs2-eacris-esb-2026-06-15,eSuba,eSuba,eSuba,2:0 横扫,否（无赛前价存档）
CS2,Dfrag Open Series #5 Playoffs,2026-06-16,cs2-gz1-rstr-2026-06-16,Ground Zero,Ground Zero,Ground Zero,2:0 横扫,否（无赛前价存档）
CS2,Dfrag Open Series #5 Playoffs,2026-06-16,cs2-mandl-dxa-2026-06-16,MARKandLARRY,DXA Esports,DXA Esports,2:1 打满,否（无赛前价存档）
CS2,United21 Group B,2026-06-16,cs2-clutch-lph-2026-06-16,LPH Gaming,Clutchain,LPH Gaming,2:1 打满,否（无赛前价存档）
CS2,Dust2.dk Ligaen Division 1 Playoffs,2026-06-15,cs2-aabb-ll2-2026-06-15,Linx Legacy Esport,AaB Bulls,Linx Legacy Esport,2:1 打满,否（无赛前价存档）
CS2,Dust2.dk Ligaen Division 1 Playoffs,2026-06-15,cs2-for10-waz-2026-06-15,Fortress,Fortress,Fortress,2:0 横扫,否（无赛前价存档）
CS2,NODWIN Clutch Series Playoffs,2026-06-16,cs2-k271-100t-2026-06-16,K27,K27,K27,2:0 横扫,否（无赛前价存档）
CS2,NODWIN Clutch Series Playoffs,2026-06-16,cs2-hotu-tdk-2026-06-16,TDK,TDK,TDK,2:0 横扫,否（无赛前价存档）
CS2,NODWIN Clutch Series Playoffs,2026-06-16,cs2-m8-ntr-2026-06-16,Nuclear TigeRES,Nuclear TigeRES,Nuclear TigeRES,2:0 横扫,否（无赛前价存档）
CS2,NODWIN Clutch Series Playoffs,2026-06-16,cs2-nem-inf6-2026-06-16,Team Nemesis,Team Nemesis,Team Nemesis,2:0 横扫,否（无赛前价存档）
CS2,IEM Cologne Major Playoffs,2026-06-19,cs2-ts7-g2-2026-06-19,G2,Spirit,Spirit,2:1 打满,否（无赛前价存档）
CS2,IEM Cologne Major Playoffs,2026-06-19,cs2-vit-fal2-2026-06-19,Team Falcons,Vitality,Team Falcons,2:1 打满,否（无赛前价存档）
CS2,IEM Cologne Major Playoffs,2026-06-18,cs2-furia-9z-2026-06-18,9z,FURIA,FURIA,2:1 打满,否（无赛前价存档）
CS2,IEM Cologne Major Playoffs,2026-06-18,cs2-aur1-bb3-2026-06-18,Aurora Gaming,Aurora Gaming,Aurora Gaming,2:0 横扫,否（无赛前价存档）
CS2,United21 Group A,2026-06-19,cs2-mil-eacris-2026-06-19,Millennium Esports,Millennium Esports,Millennium Esports,2:0 横扫,否（无赛前价存档）
CS2,United21 Group D,2026-06-18,cs2-ksm-pre-2026-06-18,Prestige,Prestige,Prestige,2:0 横扫,否（无赛前价存档）
CS2,Dust2.dk Ligaen Division 1 Playoffs,2026-06-16,cs2-ll2-for10-2026-06-16,Linx Legacy Esport,Linx Legacy Esport,Linx Legacy Esport,2:0 横扫,否（无赛前价存档）
CS2,United21 Group D,2026-06-18,cs2-psna-mana1-2026-06-18,ex-MANA eSports,Passion Academy,ex-MANA eSports,2:1 打满,否（无赛前价存档）
CS2,Dust2.dk Ligaen Division 1 Playoffs,2026-06-16,cs2-aabb-waz-2026-06-16,WAZABI,AaB Bulls,AaB Bulls,2:1 打满,否（无赛前价存档）
CS2,United21 Group A,2026-06-19,cs2-cls1-esb-2026-06-19,eSuba,eSuba,eSuba,2:0 横扫,否（无赛前价存档）
CS2,ESEA European Finals Playoffs,2026-06-16,cs2-baks-dia2-2026-06-16,BakS eSports,BakS eSports,BakS eSports,2:0 横扫,否（无赛前价存档）
CS2,ESEA European Finals Playoffs,2026-06-16,cs2-unknow-arthro-2026-06-16,unknowns,unknowns,unknowns,2:0 横扫,否（无赛前价存档）
CS2,ESEA European Finals Playoffs,2026-06-16,cs2-wc3-dvh-2026-06-16,WeClear,WeClear,WeClear,2:0 横扫,否（无赛前价存档）
CS2,Dfrag Open Series #5 Playoffs,2026-06-17,cs2-rstr-dxa-2026-06-17,DXA Esports,Rooster,Rooster,2:1 打满,否（无赛前价存档）
CS2,European Pro League Series 7 Playoffs,2026-06-18,cs2-inf6-oxuji-2026-06-18,Oxuji Esports,Infinite,Infinite,2:1 打满,否（无赛前价存档）
CS2,European Pro League Series 7 Playoffs,2026-06-19,cs2-sashi-kol-2026-06-19,Sashi Esport,KOLESIE,KOLESIE,2:1 打满,否（无赛前价存档）
CS2,European Pro League Series 7 Playoffs,2026-06-18,cs2-tdk-wal2-2026-06-18,Walczaki,TDK,Walczaki,2:1 打满,否（无赛前价存档）
CS2,United21 Group C,2026-06-17,cs2-inf1-alp-2026-06-17,INFURITY Gaming,INFURITY Gaming,INFURITY Gaming,2:0 横扫,否（无赛前价存档）
CS2,ESEA European Finals Playoffs,2026-06-16,cs2-wbtac-spectr-2026-06-16,WBT Academy,WBT Academy,WBT Academy,2:0 横扫,否（无赛前价存档）
CS2,NODWIN Clutch Series Playoffs,2026-06-17,cs2-ntr-k271-2026-06-17,K27,Nuclear TigeRES,Nuclear TigeRES,2:1 打满,否（无赛前价存档）
CS2,NODWIN Clutch Series Playoffs,2026-06-17,cs2-tdk-nem-2026-06-17,Team Nemesis,TDK,Team Nemesis,2:1 打满,否（无赛前价存档）
CS2,CCT Europe Series #4 Group Stage,2026-06-17,cs2-kol-ill-2026-06-17,illwill,KOLESIE,KOLESIE,2:1 打满,否（无赛前价存档）
CS2,Dust2.dk Ligaen Division 1 Playoffs,2026-06-17,cs2-for10-aabb-2026-06-17,Fortress,Fortress,Fortress,2:0 横扫,否（无赛前价存档）
CS2,Stake Ranked Episode 3: Closed Qualifier Playoffs,2026-06-18,cs2-fokus-noirve-2026-06-18,FOKUS,FOKUS,FOKUS,2:0 横扫,否（无赛前价存档）
CS2,Stake Ranked Episode 3: Closed Qualifier Playoffs,2026-06-18,cs2-echo-kol-2026-06-18,ECHO,KOLESIE,ECHO,2:1 打满,否（无赛前价存档）
CS2,Stake Ranked Episode 3: Closed Qualifier Playoffs,2026-06-18,cs2-jjh-pha-2026-06-18,Phantom,Phantom,Phantom,2:0 横扫,否（无赛前价存档）
CS2,Stake Ranked Episode 3: Closed Qualifier Playoffs,2026-06-19,cs2-ww-cs1-2026-06-19,CYBERSHOKE Esports,CYBERSHOKE Esports,CYBERSHOKE Esports,2:0 横扫,否（无赛前价存档）
CS2,United21 Group B,2026-06-20,cs2-masq-lph-2026-06-20,MASQ,LPH Gaming,MASQ,2:1 打满,否（无赛前价存档）
CS2,Gamers Club Liga Série A June Group D,2026-06-22,cs2-odk-alkaa-2026-06-22,ODDIK,ALKA,ODDIK,2:1 打满,否（无赛前价存档）
CS2,Gamers Club Liga Série A June Group C,2026-06-22,cs2-mibra-mw-2026-06-22,METANOIA WOLVES,MIBR Academy,MIBR Academy,2:1 打满,否（无赛前价存档）
CS2,Gamers Club Liga Série A June Group C,2026-06-23,cs2-dfxpee-alz-2026-06-23,Alzon,DFX Peek,Alzon,2:1 打满,否（无赛前价存档）
CS2,TESFED League Playoffs,2026-06-21,cs2-mis-wraith-2026-06-21,Misa Esports,WRAITH PCIFIC,WRAITH PCIFIC,2:1 打满,否（无赛前价存档）
CS2,ESEA European Finals Playoffs,2026-06-17,cs2-se2-unknow-2026-06-17,SNITKO Esports,SNITKO Esports,SNITKO Esports,2:0 横扫,否（无赛前价存档）
CS2,Stake Ranked Episode 3: Closed Qualifier Playoffs,2026-06-18,cs2-ice-tsa-2026-06-18,Inner Circle Esports,Inner Circle Esports,Inner Circle Esports,2:0 横扫,否（无赛前价存档）
CS2,Stake Ranked Episode 3: Closed Qualifier Playoffs,2026-06-19,cs2-k271-shishk-2026-06-19,K27,K27,K27,2:0 横扫,否（无赛前价存档）
CS2,Stake Ranked Episode 3: Closed Qualifier Playoffs,2026-06-19,cs2-wal2-oxuji-2026-06-19,Walczaki,Walczaki,Walczaki,2:0 横扫,否（无赛前价存档）
CS2,ESEA European Finals Playoffs,2026-06-17,cs2-bandac-wc3-2026-06-17,WeClear,banda chuya,WeClear,2:1 打满,否（无赛前价存档）
CS2,ESEA European Finals Playoffs,2026-06-17,cs2-sng-wbtac-2026-06-17,WBT Academy,WBT Academy,WBT Academy,2:0 横扫,否（无赛前价存档）
CS2,Dfrag Open Series #5 Playoffs,2026-06-18,cs2-gz1-rstr-2026-06-18,Ground Zero,Rooster,Rooster,2:1 打满,否（无赛前价存档）
CS2,ESEA European Finals Playoffs,2026-06-17,cs2-pensio-baks-2026-06-17,BakS eSports,BakS eSports,BakS eSports,2:0 横扫,否（无赛前价存档）
CS2,NODWIN Clutch Series Playoffs,2026-06-17,cs2-ntr-nem-2026-06-17,Team Nemesis,Nuclear TigeRES,Nuclear TigeRES,2:1 打满,否（无赛前价存档）
CS2,CCT Europe Series #4 Playoffs,2026-06-18,cs2-hotu-g1-2026-06-18,GenOne,GenOne,GenOne,2:0 横扫,否（无赛前价存档）
CS2,CCT Europe Series #4 Playoffs,2026-06-18,cs2-m8-kol-2026-06-18,Gentle Mates,Gentle Mates,Gentle Mates,2:0 横扫,否（无赛前价存档）
CS2,CCT Europe Series #4 Playoffs,2026-06-18,cs2-100t-leo2-2026-06-18,Leo Team,100 Thieves,100 Thieves,2:1 打满,否（无赛前价存档）
CS2,Dust2.dk Ligaen Division 1 Playoffs,2026-06-18,cs2-ll2-for10-2026-06-18,Linx Legacy Esport,Linx Legacy Esport,Linx Legacy Esport,2:0 横扫,否（无赛前价存档）
CS2,United21 Group C,2026-06-21,cs2-inf1-adn-2026-06-21,INFURITY Gaming,INFURITY Gaming,INFURITY Gaming,2:0 横扫,否（无赛前价存档）
CS2,ESEA European Finals Playoffs,2026-06-18,cs2-navij1-wc3-2026-06-18,NAVI Junior,NAVI Junior,NAVI Junior,2:0 横扫,否（无赛前价存档）
CS2,ESEA European Finals Playoffs,2026-06-18,cs2-innerc-baks-2026-06-18,BakS eSports,BakS eSports,BakS eSports,2:0 横扫,否（无赛前价存档）
CS2,ESEA European Finals Playoffs,2026-06-18,cs2-hec-se2-2026-06-18,SNITKO Esports,Hermine Esports Club,Hermine Esports Club,2:1 打满,否（无赛前价存档）
CS2,DraculaN Group B,2026-06-23,cs2-inf6-eac-2026-06-23,Esport Academy Copenhagen,Esport Academy Copenhagen,Esport Academy Copenhagen,2:0 横扫,否（无赛前价存档）
CS2,DraculaN Group A,2026-06-23,cs2-ice-am-2026-06-23,Inner Circle Esports,Inner Circle Esports,Inner Circle Esports,2:0 横扫,否（无赛前价存档）
CS2,DraculaN Group B,2026-06-23,cs2-echo-bca-2026-06-23,ECHO,ECHO,ECHO,2:0 横扫,否（无赛前价存档）
CS2,DraculaN Group A,2026-06-23,cs2-sashi-9ine-2026-06-23,Sashi Esport,9INE,Sashi Esport,2:1 打满,否（无赛前价存档）
CS2,DraculaN Group B,2026-06-23,cs2-fokus-og1-2026-06-23,FOKUS,OG,FOKUS,2:1 打满,否（无赛前价存档）
CS2,DraculaN Group A,2026-06-23,cs2-shk-ef1-2026-06-23,Sharks,Sharks,Sharks,2:0 横扫,否（无赛前价存档）
CS2,CCT Europe Series #4 Playoffs,2026-06-19,cs2-1win-inox-2026-06-19,1WIN,INOX Division,1WIN,2:1 打满,否（无赛前价存档）
CS2,CCT Europe Series #4 Playoffs,2026-06-19,cs2-k271-vp-2026-06-19,Virtus.pro,K27,Virtus.pro,2:1 打满,否（无赛前价存档）
CS2,CCT Europe Series #4 Playoffs,2026-06-19,cs2-inf6-ruby1-2026-06-19,ex-RUBY,ex-RUBY,ex-RUBY,2:0 横扫,否（无赛前价存档）
CS2,IEM Cologne Major Playoffs,2026-06-20,cs2-aur1-furia-2026-06-20,FURIA,FURIA,FURIA,2:0 横扫,否（无赛前价存档）
CS2,Stake Ranked Episode 3: Closed Qualifier Playoffs,2026-06-20,cs2-echo-ice-2026-06-20,ECHO,Inner Circle Esports,ECHO,2:1 打满,否（无赛前价存档）
CS2,ESEA European Finals Playoffs,2026-06-19,cs2-ff-navij1-2026-06-19,Fire Flux Esports,Fire Flux Esports,Fire Flux Esports,2:0 横扫,否（无赛前价存档）
CS2,ESEA European Finals Playoffs,2026-06-19,cs2-arch-wbtac-2026-06-19,WBT Academy,WBT Academy,WBT Academy,2:0 横扫,否（无赛前价存档）
CS2,ESEA European Finals Playoffs,2026-06-19,cs2-rt1-baks-2026-06-19,ReThink,BakS eSports,ReThink,2:1 打满,否（无赛前价存档）
CS2,United21 Group D,2026-06-22,cs2-pre-mana1-2026-06-22,Prestige,Prestige,Prestige,2:0 横扫,否（无赛前价存档）
CS2,United21 Group D,2026-06-22,cs2-ksm-psna-2026-06-22,Passion Academy,KUUSAMO.gg,KUUSAMO.gg,2:1 打满,否（无赛前价存档）
CS2,CCT Europe Series #4 Playoffs,2026-06-20,cs2-g1-100t-2026-06-20,100 Thieves,100 Thieves,100 Thieves,2:0 横扫,否（无赛前价存档）
CS2,CCT Europe Series #4 Playoffs,2026-06-20,cs2-nem-tdk-2026-06-20,Team Nemesis,TDK,TDK,2:1 打满,否（无赛前价存档）
CS2,CCT Europe Series #4 Playoffs,2026-06-20,cs2-m8-ruby1-2026-06-20,Gentle Mates,ex-RUBY,ex-RUBY,2:1 打满,否（无赛前价存档）
CS2,Stake Ranked Episode 3: Closed Qualifier Playoffs,2026-06-20,cs2-fokus-cs1-2026-06-20,FOKUS,CYBERSHOKE Esports,FOKUS,2:1 打满,否（无赛前价存档）
CS2,Stake Ranked Episode 3: Closed Qualifier Playoffs,2026-06-20,cs2-pha-wal2-2026-06-20,Phantom,Phantom,Phantom,2:0 横扫,否（无赛前价存档）
CS2,European Pro League Series 7 Playoffs,2026-06-20,cs2-inf6-wal2-2026-06-20,Walczaki,Walczaki,Walczaki,2:0 横扫,否（无赛前价存档）
CS2,European Pro League Series 7 Playoffs,2026-06-20,cs2-kol-inox-2026-06-20,KOLESIE,KOLESIE,KOLESIE,2:0 横扫,否（无赛前价存档）
CS2,Thunderpick World Championship South American Series #1 Group A,2026-06-24,cs2-isg-mibra-2026-06-24,MIBR Academy,MIBR Academy,MIBR Academy,2:0 横扫,否（无赛前价存档）
CS2,Thunderpick World Championship South American Series #1 Group B,2026-06-24,cs2-keyd-yaw-2026-06-24,Keyd,Keyd,Keyd,2:0 横扫,否（无赛前价存档）
CS2,Thunderpick World Championship South American Series #1 Group B,2026-06-24,cs2-uno-gh-2026-06-24,UNO MILLE,UNO MILLE,UNO MILLE,2:0 横扫,否（无赛前价存档）
CS2,CCT Europe Series #4 Playoffs,2026-06-20,cs2-1win-vp-2026-06-20,1WIN,Virtus.pro,Virtus.pro,2:1 打满,否（无赛前价存档）
CS2,IEM Cologne Major Playoffs,2026-06-20,cs2-ts7-fal2-2026-06-20,Team Falcons,Spirit,Team Falcons,2:1 打满,否（无赛前价存档）
CS2,ESEA European Finals Playoffs,2026-06-20,cs2-qua1-rt1-2026-06-20,QUAZAR,QUAZAR,QUAZAR,2:0 横扫,否（无赛前价存档）
CS2,ESEA European Finals Playoffs,2026-06-20,cs2-wrotbe-ff-2026-06-20,Fire Flux Esports,Fire Flux Esports,Fire Flux Esports,2:0 横扫,否（无赛前价存档）
CS2,Svenska CS-Ligan Group A,2026-06-21,cs2-lilmix-ene-2026-06-21,ENERGYULTRA,ENERGYULTRA,ENERGYULTRA,2:0 横扫,否（无赛前价存档）
CS2,Svenska CS-Ligan Group A,2026-06-21,cs2-rt1-roamsf-2026-06-21,roamsfiest,ReThink,roamsfiest,2:1 打满,否（无赛前价存档）
CS2,European Pro League Series 7 Playoffs,2026-06-21,cs2-inf6-inox-2026-06-21,Infinite,Infinite,Infinite,2:0 横扫,否（无赛前价存档）
CS2,Rainhas do Clutch FERJEE Playoffs,2026-06-23,cs2-atrix-shim-2026-06-23,Atrix Esports,shimmer,shimmer,2:1 打满,否（无赛前价存档）
CS2,Rainhas do Clutch FERJEE Playoffs,2026-06-25,cs2-clutch1-mibrf-2026-06-25,MIBR fe,MIBR fe,MIBR fe,2:0 横扫,否（无赛前价存档）
CS2,Stake Ranked Episode 3: Closed Qualifier Playoffs,2026-06-21,cs2-echo-k271-2026-06-21,K27,K27,K27,2:0 横扫,否（无赛前价存档）
CS2,Stake Ranked Episode 3: Closed Qualifier Playoffs,2026-06-21,cs2-fokus-pha-2026-06-21,FOKUS,Phantom,Phantom,2:1 打满,否（无赛前价存档）
CS2,Gamers Club Liga Série A June Group A,2026-06-23,cs2-reda-bsta-2026-06-23,RED Canids Academy,RED Canids Academy,RED Canids Academy,2:0 横扫,否（无赛前价存档）
CS2,CCT Europe Series #4 Playoffs,2026-06-21,cs2-vp-ruby1-2026-06-21,ex-RUBY,ex-RUBY,ex-RUBY,2:0 横扫,否（无赛前价存档）
CS2,CCT Europe Series #4 Playoffs,2026-06-21,cs2-tdk-100t-2026-06-21,TDK,TDK,TDK,2:0 横扫,否（无赛前价存档）
CS2,United21 Group C,2026-06-21,cs2-alp-chaos1-2026-06-21,Alpha Gaming,Alpha Gaming,Alpha Gaming,2:0 横扫,否（无赛前价存档）
CS2,ESEA European Finals Playoffs,2026-06-21,cs2-qua1-ff-2026-06-21,Fire Flux Esports,QUAZAR,QUAZAR,2:1 打满,否（无赛前价存档）
CS2,Gamers Club Liga Série A June Group A,2026-06-22,cs2-quin-4m2-2026-06-22,QUINTESSÊNCIA,QUINTESSÊNCIA,QUINTESSÊNCIA,2:0 横扫,否（无赛前价存档）
CS2,Svenska CS-Ligan Group A,2026-06-21,cs2-ene-roamsf-2026-06-21,roamsfiest,ENERGYULTRA,roamsfiest,2:1 打满,否（无赛前价存档）
CS2,Svenska CS-Ligan Group A,2026-06-22,cs2-lilmix-rt1-2026-06-22,ReThink,Lilmix,ReThink,2:1 打满,否（无赛前价存档）
CS2,LG UltraGear Tournament Group A,2026-06-25,cs2-the9-gam-2026-06-25,GAMEPOINT,The Huns Esports,The Huns Esports,2:1 打满,否（无赛前价存档）
CS2,LG UltraGear Tournament Group B,2026-06-25,cs2-dep-wraith-2026-06-25,WRAITH PCIFIC,WRAITH PCIFIC,WRAITH PCIFIC,2:0 横扫,否（无赛前价存档）
CS2,LG UltraGear Tournament Group A,2026-06-25,cs2-nvq-run2-2026-06-25,Rune Eaters,Team Novaq,Team Novaq,2:1 打满,否（无赛前价存档）
CS2,LG UltraGear Tournament Group B,2026-06-25,cs2-cyb-dm2-2026-06-25,CYBERSHOKE Prospects,CYBERSHOKE Prospects,CYBERSHOKE Prospects,2:0 横扫,否（无赛前价存档）
CS2,CCT Europe Challengers Series Playoffs,2026-06-27,cs2-newvis-jul-2026-06-27,Julie&cie,NEW VISION,Julie&cie,2:1 打满,否（无赛前价存档）
CS2,CCT Europe Challengers Series Playoffs,2026-06-28,cs2-atreid-don-2026-06-28,Donstu Esports,Atreides,Atreides,2:1 打满,否（无赛前价存档）
CS2,CCT Europe Challengers Series Playoffs,2026-06-28,cs2-lilmix-subtop-2026-06-28,Lilmix,Subtop De France,Subtop De France,2:1 打满,否（无赛前价存档）
CS2,CCT Europe Series #4 Playoffs,2026-06-21,cs2-ruby1-tdk-2026-06-21,TDK,TDK,TDK,2:0 横扫,否（无赛前价存档）
CS2,United21 Group C,2026-06-24,cs2-adn-alp-2026-06-24,Alpha Dominion Nation,Alpha Dominion Nation,Alpha Dominion Nation,2:0 横扫,否（无赛前价存档）
CS2,DACH CS Masters Playoffs,2026-06-27,cs2-biga-berg-2026-06-27,BIG Academy,BIG Academy,BIG Academy,2:0 横扫,否（无赛前价存档）
CS2,Svenska CS-Ligan Group A,2026-06-22,cs2-ene-rt1-2026-06-22,ENERGYULTRA,ReThink,ReThink,2:1 打满,否（无赛前价存档）
CS2,United21 Group D,2026-06-24,cs2-mana1-ksm-2026-06-24,ex-MANA eSports,ex-MANA eSports,ex-MANA eSports,2:0 横扫,否（无赛前价存档）
CS2,TESFED League Playoffs,2026-06-27,cs2-ff-futt-2026-06-27,Fire Flux Esports,Fire Flux Esports,Fire Flux Esports,2:0 横扫,否（无赛前价存档）
CS2,Svenska CS-Ligan Group B,2026-06-23,cs2-js1-ven1-2026-06-23,Johnny Speeds,Johnny Speeds,Johnny Speeds,2:0 横扫,否（无赛前价存档）
CS2,Super DraculaN Group A,2026-06-23,cs2-gl1-ace1-2026-06-23,Acend,GamerLegion,Acend,2:1 打满,否（无赛前价存档）
CS2,Super DraculaN Group B,2026-06-24,cs2-echo-fokus-2026-06-24,ECHO,ECHO,ECHO,2:0 横扫,否（无赛前价存档）
CS2,Super DraculaN Group A,2026-06-24,cs2-ice-shk-2026-06-24,Sharks,Sharks,Sharks,2:0 横扫,否（无赛前价存档）
CS2,Super DraculaN Group B,2026-06-24,cs2-bca-og1-2026-06-24,OG,Betclic Apogee Esports,Betclic Apogee Esports,2:1 打满,否（无赛前价存档）
CS2,European Pro League Series 8 Closed Qualifier Group B,2026-06-25,cs2-sashia1-ep-2026-06-25,ex-Sashi Academy,eternal premium,ex-Sashi Academy,2:1 打满,否（无赛前价存档）
CS2,European Pro League Series 8 Closed Qualifier Group D,2026-06-27,cs2-mis-wbt-2026-06-27,Misa Esports,Misa Esports,Misa Esports,2:0 横扫,否（无赛前价存档）
CS2,European Pro League Series 8 Closed Qualifier Group B,2026-06-25,cs2-enjoy-jul-2026-06-25,ENJOY,ENJOY,ENJOY,2:0 横扫,否（无赛前价存档）
CS2,Super DraculaN Group A,2026-06-24,cs2-am-ef1-2026-06-24,AM Gaming,Eternal Fire,AM Gaming,2:1 打满,否（无赛前价存档）
CS2,European Pro League Series 8 Closed Qualifier Group A,2026-06-24,cs2-oly-subtop-2026-06-24,OlyBet SB,Subtop De France,Subtop De France,2:1 打满,否（无赛前价存档）
CS2,European Pro League Series 8 Closed Qualifier Group D,2026-06-27,cs2-innerc-saw2-2026-06-27,Inner Circle Academy,Inner Circle Academy,Inner Circle Academy,2:0 横扫,否（无赛前价存档）
CS2,Super DraculaN Group B,2026-06-24,cs2-eac-wal2-2026-06-24,Walczaki,Walczaki,Walczaki,2:0 横扫,否（无赛前价存档）
CS2,European Pro League Series 8 Closed Qualifier Group C,2026-06-26,cs2-ent2-don-2026-06-26,Entropy,Donstu Esports,Entropy,2:1 打满,否（无赛前价存档）
CS2,Super DraculaN Group A,2026-06-24,cs2-9ine-gl1-2026-06-24,9INE,9INE,9INE,2:0 横扫,否（无赛前价存档）
CS2,European Pro League Series 8 Closed Qualifier Group A,2026-06-24,cs2-mana1-hon1-2026-06-24,ex-MANA eSports,ex-MANA eSports,ex-MANA eSports,2:0 横扫,否（无赛前价存档）
CS2,Super DraculaN Group A,2026-06-24,cs2-sashi-ace1-2026-06-24,Acend,Acend,Acend,2:0 横扫,否（无赛前价存档）
CS2,Svenska CS-Ligan Group B,2026-06-24,cs2-ven1-leo4-2026-06-24,venom,venom,venom,2:0 横扫,否（无赛前价存档）
CS2,GLuck Yungstar Closed Qualifier: Series #2 Group A,2026-06-26,cs2-omega1-tsa-2026-06-26,Spirit Academy,Spirit Academy,Spirit Academy,2:0 横扫,否（无赛前价存档）
CS2,GLuck Yungstar Closed Qualifier: Series #2 Group A,2026-06-26,cs2-justpl-shishk-2026-06-26,Just Players,Just Players,Just Players,2:0 横扫,否（无赛前价存档）
CS2,GLuck Yungstar Closed Qualifier: Series #2 Group C,2026-06-26,cs2-newvis-lilmix1-2026-06-26,lilmix,NEW VISION,NEW VISION,2:1 打满,否（无赛前价存档）
CS2,GLuck Yungstar Closed Qualifier: Series #2 Group B,2026-06-26,cs2-don-hotua-2026-06-26,Donstu Esports,Donstu Esports,Donstu Esports,2:0 横扫,否（无赛前价存档）
CS2,GLuck Yungstar Closed Qualifier: Series #2 Group B,2026-06-26,cs2-ruby1-qua1-2026-06-26,QUAZAR,QUAZAR,QUAZAR,2:0 横扫,否（无赛前价存档）
CS2,Super DraculaN Group A,2026-06-25,cs2-sashi-am-2026-06-25,Sashi Esport,AM Gaming,Sashi Esport,2:1 打满,否（无赛前价存档）
CS2,Super DraculaN Group B,2026-06-25,cs2-inf6-fokus-2026-06-25,Infinite,Infinite,Infinite,2:0 横扫,否（无赛前价存档）
CS2,Super DraculaN Group B,2026-06-25,cs2-echo-wal2-2026-06-25,Walczaki,ECHO,ECHO,2:1 打满,否（无赛前价存档）
CS2,Super DraculaN Group A,2026-06-25,cs2-ace1-shk-2026-06-25,Sharks,Acend,Sharks,2:1 打满,否（无赛前价存档）
CS2,CCT South America Series 3 Group Stage,2026-06-28,cs2-mibra-pdaf-2026-06-28,Patins da Ferrari,MIBR Academy,Patins da Ferrari,2:1 打满,否（无赛前价存档）
CS2,CCT South America Series 3 Group Stage,2026-06-28,cs2-mw-ge3-2026-06-28,METANOIA WOLVES,Guara Esports,Guara Esports,2:1 打满,否（无赛前价存档）
CS2,Super DraculaN Group A,2026-06-25,cs2-ice-9ine-2026-06-25,Inner Circle Esports,9INE,Inner Circle Esports,2:1 打满,否（无赛前价存档）
CS2,United21 Playoffs,2026-06-26,cs2-masq-adn-2026-06-26,Alpha Dominion Nation,MASQ,Alpha Dominion Nation,2:1 打满,否（无赛前价存档）
CS2,United21 Playoffs,2026-06-26,cs2-pre-mil-2026-06-26,Prestige,Prestige,Prestige,2:0 横扫,否（无赛前价存档）
CS2,United21 Playoffs,2026-06-25,cs2-esb-mana1-2026-06-25,ex-MANA eSports,eSuba,ex-MANA eSports,2:1 打满,否（无赛前价存档）
CS2,United21 Playoffs,2026-06-26,cs2-inf1-lph-2026-06-26,INFURITY Gaming,INFURITY Gaming,INFURITY Gaming,2:0 横扫,否（无赛前价存档）
CS2,Super DraculaN Group B,2026-06-25,cs2-eac-bca-2026-06-25,Betclic Apogee Esports,Betclic Apogee Esports,Betclic Apogee Esports,2:0 横扫,否（无赛前价存档）
CS2,Thunderpick World Championship South American Series #1 Group B,2026-06-25,cs2-keyd-uno-2026-06-25,UNO MILLE,UNO MILLE,UNO MILLE,2:0 横扫,否（无赛前价存档）
CS2,Thunderpick World Championship South American Series #1 Group A,2026-06-25,cs2-ldp-mibra-2026-06-25,MIBR Academy,largadosypelados,largadosypelados,2:1 打满,否（无赛前价存档）
CS2,Thunderpick World Championship South American Series #1 Group B,2026-06-25,cs2-yaw-gh-2026-06-25,Yawara Esports,Yawara Esports,Yawara Esports,2:0 横扫,否（无赛前价存档）
CS2,LG UltraGear Tournament Group B,2026-06-25,cs2-wraith-cyb-2026-06-25,CYBERSHOKE Prospects,WRAITH PCIFIC,WRAITH PCIFIC,2:1 打满,否（无赛前价存档）
CS2,LG UltraGear Tournament Group B,2026-06-25,cs2-dep-dm2-2026-06-25,DEPO,DEPO,DEPO,2:0 横扫,否（无赛前价存档）
CS2,LG UltraGear Tournament Group A,2026-06-25,cs2-the9-nvq-2026-06-25,Team Novaq,The Huns Esports,The Huns Esports,2:1 打满,否（无赛前价存档）
CS2,LG UltraGear Tournament Group A,2026-06-25,cs2-gam-run2-2026-06-25,Rune Eaters,Rune Eaters,Rune Eaters,2:0 横扫,否（无赛前价存档）
CS2,European Pro League Series 8 Closed Qualifier Group C,2026-06-26,cs2-for10-ej-2026-06-26,Endless Journey,Endless Journey,Endless Journey,2:0 横扫,否（无赛前价存档）
CS2,LG UltraGear Tournament Group B,2026-06-25,cs2-dep-cyb-2026-06-25,CYBERSHOKE Prospects,CYBERSHOKE Prospects,CYBERSHOKE Prospects,2:0 横扫,否（无赛前价存档）
CS2,LG UltraGear Tournament Group A,2026-06-25,cs2-run2-nvq-2026-06-25,Team Novaq,Rune Eaters,Rune Eaters,2:1 打满,否（无赛前价存档）
CS2,Super DraculaN Group B,2026-06-25,cs2-inf6-bca-2026-06-25,Infinite,Infinite,Infinite,2:0 横扫,否（无赛前价存档）
CS2,Super DraculaN Group A,2026-06-25,cs2-sashi-ice-2026-06-25,Sashi Esport,Inner Circle Esports,Inner Circle Esports,2:1 打满,否（无赛前价存档）
CS2,Thunderpick World Championship South American Series #1 Group A,2026-06-26,cs2-mibra-isg-2026-06-26,MIBR Academy,MIBR Academy,MIBR Academy,2:0 横扫,否（无赛前价存档）
CS2,LG UltraGear Tournament Playoffs,2026-06-26,cs2-the9-cyb-2026-06-26,CYBERSHOKE Prospects,CYBERSHOKE Prospects,CYBERSHOKE Prospects,2:0 横扫,否（无赛前价存档）
CS2,LG UltraGear Tournament Playoffs,2026-06-26,cs2-pcf-run2-2026-06-26,Rune Eaters,PCIFIC,PCIFIC,2:1 打满,否（无赛前价存档）
CS2,Gamers Club Liga Série A June Group C,2026-06-29,cs2-dfxpee-mibra-2026-06-29,DFX Peek,MIBR Academy,MIBR Academy,2:1 打满,否（无赛前价存档）
CS2,Super DraculaN Playoffs,2026-06-26,cs2-wal2-ice-2026-06-26,Inner Circle Esports,Inner Circle Esports,Inner Circle Esports,2:0 横扫,否（无赛前价存档）
CS2,Thunderpick World Championship South American Series #1 Group B,2026-06-26,cs2-keyd-yaw-2026-06-26,Keyd,Keyd,Keyd,2:0 横扫,否（无赛前价存档）
CS2,Super DraculaN Playoffs,2026-06-26,cs2-ace1-inf6-2026-06-26,Acend,Acend,Acend,2:0 横扫,否（无赛前价存档）
CS2,Gamers Club Liga Série A June Group A,2026-06-26,cs2-bsta-quin-2026-06-26,BESTIA Academy,BESTIA Academy,BESTIA Academy,2:0 横扫,否（无赛前价存档）
CS2,Svenska CS-Ligan Playoffs,2026-06-26,cs2-js1-rt1-2026-06-26,ReThink,Johnny Speeds,ReThink,2:1 打满,否（无赛前价存档）
CS2,Rainhas do Clutch FERJEE Playoffs,2026-06-26,cs2-atrix-clutch1-2026-06-26,Clutchain Female,Clutchain Female,Clutchain Female,2:0 横扫,否（无赛前价存档）
CS2,LG UltraGear Tournament Playoffs,2026-06-26,cs2-cyb-pcf-2026-06-26,CYBERSHOKE Prospects,CYBERSHOKE Prospects,CYBERSHOKE Prospects,2:0 横扫,否（无赛前价存档）
CS2,Super DraculaN Playoffs,2026-06-27,cs2-ace1-echo-2026-06-27,ECHO,Acend,Acend,2:1 打满,否（无赛前价存档）
CS2,Svenska CS-Ligan Playoffs,2026-06-26,cs2-roamsf-trainl-2026-06-26,train launcher,train launcher,train launcher,2:0 横扫,否（无赛前价存档）
CS2,Super DraculaN Playoffs,2026-06-27,cs2-ice-shk-2026-06-27,Sharks,Inner Circle Esports,Inner Circle Esports,2:1 打满,否（无赛前价存档）
CS2,Svenska CS-Ligan Playoffs,2026-06-26,cs2-rt1-trainl-2026-06-26,train launcher,ReThink,ReThink,2:1 打满,否（无赛前价存档）
CS2,United21 Playoffs,2026-06-27,cs2-lph-mil-2026-06-27,Millennium Esports,Millennium Esports,Millennium Esports,2:0 横扫,否（无赛前价存档）
CS2,United21 Playoffs,2026-06-27,cs2-esb-masq-2026-06-27,MASQ,eSuba,MASQ,2:1 打满,否（无赛前价存档）
CS2,Svenska CS-Ligan Playoffs,2026-06-27,cs2-js1-roamsf-2026-06-27,roamsfiest,Johnny Speeds,roamsfiest,2:1 打满,否（无赛前价存档）
CS2,Thunderpick World Championship South American Series #1 Playoffs,2026-06-27,cs2-shin-mibra-2026-06-27,ShindeN,ShindeN,ShindeN,2:0 横扫,否（无赛前价存档）
CS2,Thunderpick World Championship South American Series #1 Playoffs,2026-06-27,cs2-fx-keyd-2026-06-27,Fluxo,Fluxo,Fluxo,2:0 横扫,否（无赛前价存档）
CS2,Thunderpick World Championship South American Series #1 Playoffs,2026-06-27,cs2-bhe-uno-2026-06-27,UNO MILLE,UNO MILLE,UNO MILLE,2:0 横扫,否（无赛前价存档）
CS2,Thunderpick World Championship South American Series #1 Playoffs,2026-06-27,cs2-fdb-ldp-2026-06-27,largadosypelados,largadosypelados,largadosypelados,2:0 横扫,否（无赛前价存档）
CS2,GLuck Yungstar Closed Qualifier: Series #2 Group A,2026-06-27,cs2-tsa-justpl-2026-06-27,Just Players,Just Players,Just Players,2:0 横扫,否（无赛前价存档）
CS2,GLuck Yungstar Closed Qualifier: Series #2 Group C,2026-06-27,cs2-ruby1-hotua-2026-06-27,ex-RUBY,ex-RUBY,ex-RUBY,2:0 横扫,否（无赛前价存档）
CS2,GLuck Yungstar Closed Qualifier: Series #2 Group C,2026-06-27,cs2-qua1-don-2026-06-27,QUAZAR,QUAZAR,QUAZAR,2:0 横扫,否（无赛前价存档）
CS2,GLuck Yungstar Closed Qualifier: Series #2 Group D,2026-06-27,cs2-enjoy-wing-2026-06-27,ENJOY,Wingman,ENJOY,2:1 打满,否（无赛前价存档）
CS2,European Pro League Series 8 Closed Qualifier Group B,2026-06-29,cs2-jul-ep-2026-06-29,eternal premium,Julie&cie,eternal premium,2:1 打满,否（无赛前价存档）
CS2,European Pro League Series 8 Closed Qualifier Group C,2026-06-30,cs2-don-for10-2026-06-30,Fortress,Donstu Esports,Donstu Esports,2:1 打满,否（无赛前价存档）
CS2,European Pro League Series 8 Closed Qualifier Group B,2026-06-29,cs2-enjoy-sashia1-2026-06-29,ENJOY,ENJOY,ENJOY,2:0 横扫,否（无赛前价存档）
CS2,Svenska CS-Ligan Playoffs,2026-06-27,cs2-rt1-roamsf-2026-06-27,ReThink,roamsfiest,ReThink,2:1 打满,否（无赛前价存档）
CS2,European Pro League Series 8 Closed Qualifier Group D,2026-07-01,cs2-saw2-wbt-2026-07-01,WBT,SAW,WBT,2:1 打满,否（无赛前价存档）
CS2,European Pro League Series 8 Closed Qualifier Group D,2026-07-01,cs2-innerc-mis-2026-07-01,Inner Circle Academy,Inner Circle Academy,Inner Circle Academy,2:0 横扫,否（无赛前价存档）
CS2,United21 Playoffs,2026-06-28,cs2-inf1-pre-2026-06-28,INFURITY Gaming,INFURITY Gaming,INFURITY Gaming,2:0 横扫,否（无赛前价存档）
CS2,United21 Playoffs,2026-06-28,cs2-mana1-adn-2026-06-28,ex-MANA eSports,ex-MANA eSports,ex-MANA eSports,2:0 横扫,否（无赛前价存档）
CS2,Gamers Club Liga Série A June Group D,2026-06-30,cs2-alkaa-paina-2026-06-30,ALKA,paiN Academy,ALKA,2:1 打满,否（无赛前价存档）
CS2,Super DraculaN Playoffs,2026-06-28,cs2-shk-echo-2026-06-28,ECHO,Sharks,ECHO,2:1 打满,否（无赛前价存档）
CS2,CCT South America Series 3 Group Stage,2026-06-28,cs2-yaw-bk-2026-06-28,Yawara Esports,Yawara Esports,Yawara Esports,2:0 横扫,否（无赛前价存档）
CS2,European Pro League Series 8 Closed Qualifier Group A,2026-06-28,cs2-hon1-oly-2026-06-28,OlyBet SB,Honvéd,Honvéd,2:1 打满,否（无赛前价存档）
CS2,Thunderpick World Championship South American Series #1 Playoffs,2026-06-28,cs2-fx-uno-2026-06-28,Fluxo,UNO MILLE,UNO MILLE,2:1 打满,否（无赛前价存档）
CS2,Thunderpick World Championship South American Series #1 Playoffs,2026-06-28,cs2-shin-ldp-2026-06-28,ShindeN,ShindeN,ShindeN,2:0 横扫,否（无赛前价存档）
CS2,GLuck Yungstar Closed Qualifier: Series #2 Group A,2026-06-28,cs2-tsa-omega1-2026-06-28,Omega,Spirit Academy,Omega,2:1 打满,否（无赛前价存档）
CS2,United21 Playoffs,2026-06-29,cs2-pre-masq-2026-06-29,Prestige,Prestige,Prestige,2:0 横扫,否（无赛前价存档）
CS2,United21 Playoffs,2026-06-30,cs2-mana1-inf1-2026-06-30,ex-MANA eSports,INFURITY Gaming,INFURITY Gaming,2:1 打满,否（无赛前价存档）
CS2,United21 Playoffs,2026-06-29,cs2-adn-mil-2026-06-29,Alpha Dominion Nation,Millennium Esports,Millennium Esports,2:1 打满,否（无赛前价存档）
CS2,Thunderpick World Championship South American Series #1 Playoffs,2026-06-28,cs2-uno-shin-2026-06-28,UNO MILLE,ShindeN,ShindeN,2:1 打满,否（无赛前价存档）
CS2,Urban Riga Open #5 Playoffs,2026-06-29,cs2-berg-aimhau-2026-06-29,Esport BERG,Esport BERG,Esport BERG,2:0 横扫,否（无赛前价存档）
CS2,CCT Europe Challengers Series Playoffs,2026-06-29,cs2-oly-don-2026-06-29,Donstu Esports,Donstu Esports,Donstu Esports,2:0 横扫,否（无赛前价存档）
CS2,CCT South America Series 3 Group Stage,2026-06-29,cs2-paina-bk-2026-06-29,paiN Academy,paiN Academy,paiN Academy,2:0 横扫,否（无赛前价存档）
CS2,CCT South America Series 3 Group Stage,2026-06-29,cs2-mibra-pcy-2026-06-29,MIBR Academy,Procyon Gaming,MIBR Academy,2:1 打满,否（无赛前价存档）
CS2,CCT South America Series 3 Group Stage,2026-06-30,cs2-bsta-mag-2026-06-30,BESTIA Academy,BESTIA Academy,BESTIA Academy,2:0 横扫,否（无赛前价存档）
CS2,CCT South America Series 3 Group Stage,2026-06-30,cs2-alkaa-red7-2026-06-30,Red Feet,ALKA,Red Feet,2:1 打满,否（无赛前价存档）
CS2,CCT South America Series 3 Group Stage,2026-06-30,cs2-yaw-gh-2026-06-30,Game Hunters,Yawara Esports,Yawara Esports,2:1 打满,否（无赛前价存档）
CS2,CCT Europe Challengers Series Playoffs,2026-06-30,cs2-lilmix-newvis-2026-06-30,Lilmix,Lilmix,Lilmix,2:0 横扫,否（无赛前价存档）
CS2,CCT Europe Challengers Series Playoffs,2026-06-30,cs2-subtop-jul-2026-06-30,Subtop De France,Subtop De France,Subtop De France,2:0 横扫,否（无赛前价存档）
CS2,Urban Riga Open #5 Playoffs,2026-06-29,cs2-leo2-berg-2026-06-29,Leo Team,Leo Team,Leo Team,2:0 横扫,否（无赛前价存档）
CS2,Urban Riga Open #5 Playoffs,2026-06-29,cs2-ast-sinqur-2026-06-29,ASTRAL,ASTRAL,ASTRAL,2:0 横扫,否（无赛前价存档）
CS2,CCT South America Series 3 Group Stage,2026-06-30,cs2-pdaf-ge3-2026-06-30,Patins da Ferrari,Patins da Ferrari,Patins da Ferrari,2:0 横扫,否（无赛前价存档）
CS2,Urban Riga Open #5 Playoffs,2026-06-29,cs2-leo2-ast-2026-06-29,ASTRAL,ASTRAL,ASTRAL,2:0 横扫,否（无赛前价存档）
CS2,Urban Riga Open #5 Playoffs,2026-06-29,cs2-berg-sinqur-2026-06-29,Esport BERG,Esport BERG,Esport BERG,2:0 横扫,否（无赛前价存档）
CS2,United21 Playoffs,2026-06-30,cs2-pre-mil-2026-06-30,Millennium Esports,Prestige,Prestige,2:1 打满,否（无赛前价存档）
CS2,Gamers Club Liga Série A June Playoffs,2026-06-30,cs2-reda-mibra-2026-06-30,MIBR Academy,RED Canids Academy,RED Canids Academy,2:1 打满,否（无赛前价存档）
CS2,Gamers Club Liga Série A June Playoffs,2026-06-30,cs2-odk-hat1-2026-06-30,ODDIK,ODDIK,ODDIK,2:0 横扫,否（无赛前价存档）
CS2,Gamers Club Liga Série A June Playoffs,2026-07-01,cs2-alz-bsta-2026-07-01,BESTIA Academy,BESTIA Academy,BESTIA Academy,2:0 横扫,否（无赛前价存档）
CS2,BetBoom Streamers Battle Group A,2026-06-30,cs2-strogo-overdrive-2026-06-30,Team StRoGo,Team OverDrive,Team StRoGo,2:1 打满,否（无赛前价存档）
CS2,BetBoom Streamers Battle Group B,2026-06-30,cs2-zoner-aunk-2026-06-30,Team Aunkere,Team zoneR,Team Aunkere,2:1 打满,否（无赛前价存档）
CS2,BetBoom Streamers Battle Group B,2026-06-30,cs2-shad-shoke-2026-06-30,Team Shadowkek,Team Shadowkek,Team Shadowkek,2:0 横扫,否（无赛前价存档）
CS2,European Pro League Series 8 Closed Qualifier Group B,2026-07-03,cs2-sashia1-ep-2026-07-03,ex-Sashi Academy,eternal premium,eternal premium,2:1 打满,否（无赛前价存档）
CS2,United21 Playoffs,2026-07-01,cs2-mana1-pre-2026-07-01,ex-MANA eSports,ex-MANA eSports,ex-MANA eSports,2:0 横扫,否（无赛前价存档）
CS2,CCT Europe Challengers Series Playoffs,2026-07-01,cs2-justpl-saw2-2026-07-01,Just Players,SAW,SAW,2:1 打满,否（无赛前价存档）
CS2,BetBoom Streamers Battle Group A,2026-07-01,cs2-strogo-recrent-2026-07-01,Team Recrent,Team Recrent,Team Recrent,2:0 横扫,否（无赛前价存档）
CS2,BetBoom Streamers Battle Group B,2026-07-01,cs2-zoner-burger-2026-07-01,Team zoneR,Team Burger,Team Burger,2:1 打满,否（无赛前价存档）
CS2,BetBoom Streamers Battle Group B,2026-07-01,cs2-shoke-aunk-2026-07-01,Team Aunkere,Team shoke,Team shoke,2:1 打满,否（无赛前价存档）
CS2,BetBoom Streamers Battle Group A,2026-07-01,cs2-hooch-overdrive-2026-07-01,Team hooch,Team hooch,Team hooch,2:0 横扫,否（无赛前价存档）
CS2,CCT South America Series 3 Group Stage,2026-07-01,cs2-paina-ge3-2026-07-01,paiN Academy,paiN Academy,paiN Academy,2:0 横扫,否（无赛前价存档）
CS2,Gamers Club Liga Série A June Playoffs,2026-07-01,cs2-chama-alkaa-2026-07-01,ALKA,BORRACHEIROS,ALKA,2:1 打满,否（无赛前价存档）
CS2,CCT South America Series 3 Group Stage,2026-07-02,cs2-yaw-red7-2026-07-02,Yawara Esports,Yawara Esports,Yawara Esports,2:0 横扫,否（无赛前价存档）
CS2,CCT South America Series 3 Group Stage,2026-07-02,cs2-gh-alkaa-2026-07-02,Game Hunters,ALKA,Game Hunters,2:1 打满,否（无赛前价存档）
CS2,CCT Europe Challengers Series Playoffs,2026-07-02,cs2-don-lilmix-2026-07-02,Donstu Esports,Donstu Esports,Donstu Esports,2:0 横扫,否（无赛前价存档）
CS2,European Pro League Series 8 Closed Qualifier Group D,2026-07-02,cs2-wbt-mis-2026-07-02,WBT,Misa Esports,WBT,2:1 打满,否（无赛前价存档）
CS2,European Pro League Series 8 Closed Qualifier Group C,2026-07-02,cs2-don-ej-2026-07-02,Donstu Esports,Endless Journey,Endless Journey,2:1 打满,否（无赛前价存档）
CS2,United21 Playoffs,2026-07-02,cs2-inf1-mana1-2026-07-02,ex-MANA eSports,ex-MANA eSports,ex-MANA eSports,2:0 横扫,否（无赛前价存档）
CS2,CCT Europe Challengers Series Playoffs,2026-07-02,cs2-ent2-ej-2026-07-02,Endless Journey,Entropy,Endless Journey,2:1 打满,否（无赛前价存档）
CS2,CCT Europe Challengers Series Playoffs,2026-07-02,cs2-wampir-saw2-2026-07-02,SAW,SAW,SAW,2:0 横扫,否（无赛前价存档）
CS2,TESFED League Playoffs,2026-07-03,cs2-venom-ff-2026-07-03,Fire Flux Esports,Fire Flux Esports,Fire Flux Esports,2:0 横扫,否（无赛前价存档）
CS2,Gamers Club Liga Série A June Playoffs,2026-07-02,cs2-alkaa-bsta-2026-07-02,ALKA,BESTIA Academy,ALKA,2:1 打满,否（无赛前价存档）
CS2,Gamers Club Liga Série A June Playoffs,2026-07-02,cs2-reda-odk-2026-07-02,RED Canids Academy,ODDIK,RED Canids Academy,2:1 打满,否（无赛前价存档）
CS2,BetBoom Streamers Battle Playoffs,2026-07-02,cs2-aunk-shoke-2026-07-02,Team Aunkere,Team Aunkere,Team Aunkere,2:0 横扫,否（无赛前价存档）
CS2,CCT Europe Challengers Series Playoffs,2026-07-03,cs2-subtop-don-2026-07-03,Donstu Esports,Donstu Esports,Donstu Esports,2:0 横扫,否（无赛前价存档）
CS2,CCT Europe Challengers Series Playoffs,2026-07-04,cs2-atreid-ej-2026-07-04,Endless Journey,Atreides,Endless Journey,2:1 打满,否（无赛前价存档）
CS2,CCT Europe Challengers Series Playoffs,2026-07-03,cs2-ent2-saw2-2026-07-03,SAW,SAW,SAW,2:0 横扫,否（无赛前价存档）
CS2,XSE Pro League Group Stage,2026-07-03,cs2-lg6-nip-2026-07-03,Luminosity,NIP,NIP,2:1 打满,否（无赛前价存档）
CS2,XSE Pro League Group Stage,2026-07-03,cs2-eye-tyloo-2026-07-03,TYLOO,TYLOO,TYLOO,2:0 横扫,否（无赛前价存档）
CS2,XSE Pro League Group Stage,2026-07-03,cs2-faze-sin2-2026-07-03,FaZe,FaZe,FaZe,2:0 横扫,否（无赛前价存档）
CS2,XSE Pro League Group Stage,2026-07-03,cs2-bb3-nem-2026-07-03,Team Nemesis,BetBoom Team,BetBoom Team,2:1 打满,否（无赛前价存档）
CS2,BetBoom Streamers Battle Playoffs,2026-07-03,cs2-shoke-overdrive-2026-07-03,Team shoke,Team shoke,Team shoke,2:0 横扫,否（无赛前价存档）
CS2,CCT South America Series 3 Group Stage,2026-07-03,cs2-ge3-pcy-2026-07-03,Guara Esports,Procyon Gaming,Guara Esports,2:1 打满,否（无赛前价存档）
CS2,CCT South America Series 3 Group Stage,2026-07-03,cs2-mw-mag-2026-07-03,MAGICOS,METANOIA WOLVES,MAGICOS,2:1 打满,否（无赛前价存档）
CS2,BetBoom Streamers Battle Playoffs,2026-07-03,cs2-burger-recrent-2026-07-03,Team Recrent,Team Recrent,Team Recrent,2:0 横扫,否（无赛前价存档）
CS2,CCT South America Series 3 Group Stage,2026-07-03,cs2-alkaa-bk-2026-07-03,ALKA,ALKA,ALKA,2:0 横扫,否（无赛前价存档）
CS2,BetBoom Streamers Battle Playoffs,2026-07-03,cs2-aunk-hooch-2026-07-03,Team Aunkere,Team hooch,Team hooch,2:1 打满,否（无赛前价存档）
CS2,United21 Group A,2026-07-03,cs2-inf1-ent2-2026-07-03,INFURITY Gaming,INFURITY Gaming,INFURITY Gaming,2:0 横扫,否（无赛前价存档）
CS2,United21 Group A,2026-07-03,cs2-mana1-mis-2026-07-03,ex-MANA eSports,ex-MANA eSports,ex-MANA eSports,2:0 横扫,否（无赛前价存档）
CS2,Gamers Club Liga Série A June Playoffs,2026-07-03,cs2-reda-alkaa-2026-07-03,RED Canids Academy,ALKA,ALKA,2:1 打满,否（无赛前价存档）
CS2,United21 Group B,2026-07-04,cs2-fazeun-leo4-2026-07-04,FaZe Up Next,FaZe Up Next,FaZe Up Next,2:0 横扫,否（无赛前价存档）
CS2,United21 Group B,2026-07-04,cs2-presti-vsters-2026-07-04,Prestige Academy,Västerås,Västerås,2:1 打满,否（无赛前价存档）
CS2,United21 Group D,2026-07-06,cs2-esb-eacris-2026-07-06,eSuba,eSuba,eSuba,2:0 横扫,否（无赛前价存档）
CS2,United21 Group C,2026-07-05,cs2-adn-vita-2026-07-05,Vitality Academy,Vitality Academy,Vitality Academy,2:0 横扫,否（无赛前价存档）
CS2,CCT South America Series 3 Group Stage,2026-07-04,cs2-paina-bsta-2026-07-04,BESTIA Academy,BESTIA Academy,BESTIA Academy,2:0 横扫,否（无赛前价存档）
CS2,CCT South America Series 3 Group Stage,2026-07-04,cs2-mibra-vexa1-2026-07-04,MIBR Academy,ex-Vexa,ex-Vexa,2:1 打满,否（无赛前价存档）
CS2,CCT South America Series 3 Group Stage,2026-07-04,cs2-gh-red7-2026-07-04,Game Hunters,Game Hunters,Game Hunters,2:0 横扫,否（无赛前价存档）
CS2,United21 Group D,2026-07-06,cs2-lph-psna-2026-07-06,Passion Academy,LPH Gaming,Passion Academy,2:1 打满,否（无赛前价存档）
CS2,European Pro League Series 8 Closed Qualifier Play-In,2026-07-04,cs2-enjoy-ej-2026-07-04,ENJOY,Endless Journey,ENJOY,2:1 打满,否（无赛前价存档）
CS2,European Pro League Series 8 Closed Qualifier Play-In,2026-07-04,cs2-mana1-wbt-2026-07-04,WBT,WBT,WBT,2:0 横扫,否（无赛前价存档）
CS2,European Pro League Series 8 Closed Qualifier Play-In,2026-07-05,cs2-ent2-ep-2026-07-05,eternal premium,eternal premium,eternal premium,2:0 横扫,否（无赛前价存档）
CS2,United21 Group A,2026-07-07,cs2-inf1-mana1-2026-07-07,ex-MANA eSports,INFURITY Gaming,ex-MANA eSports,2:1 打满,否（无赛前价存档）
CS2,United21 Group A,2026-07-07,cs2-ent2-mis-2026-07-07,Misa Esports,Misa Esports,Misa Esports,2:0 横扫,否（无赛前价存档）
CS2,BetBoom Streamers Battle Playoffs,2026-07-03,cs2-recrent-shoke-2026-07-03,Team Recrent,Team shoke,Team shoke,2:1 打满,否（无赛前价存档）
CS2,CCT Europe Challengers Series Playoffs,2026-07-04,cs2-don-saw2-2026-07-04,SAW,SAW,SAW,2:0 横扫,否（无赛前价存档）
CS2,XSE Pro League Group Stage,2026-07-04,cs2-prv-mibr-2026-07-04,MIBR,PARIVISION,PARIVISION,2:1 打满,否（无赛前价存档）
CS2,XSE Pro League Group Stage,2026-07-04,cs2-b8-lvg-2026-07-04,B8,B8,B8,2:0 横扫,否（无赛前价存档）
CS2,XSE Pro League Group Stage,2026-07-04,cs2-all-9z-2026-07-04,Alliance,Alliance,Alliance,2:0 横扫,否（无赛前价存档）
CS2,XSE Pro League Group Stage,2026-07-04,cs2-big5-nip-2026-07-04,BIG,NIP,BIG,2:1 打满,否（无赛前价存档）
CS2,XSE Pro League Group Stage,2026-07-04,cs2-eye-nem-2026-07-04,Team Nemesis,EYEBALLERS,Team Nemesis,2:1 打满,否（无赛前价存档）
CS2,XSE Pro League Group Stage,2026-07-04,cs2-faze-3dmax-2026-07-04,FaZe,FaZe,FaZe,2:0 横扫,否（无赛前价存档）
CS2,BetBoom Streamers Battle Playoffs,2026-07-04,cs2-aunk-shoke-2026-07-04,Team shoke,Team Aunkere,Team shoke,2:1 打满,否（无赛前价存档）
CS2,TESFED League Playoffs,2026-07-04,cs2-mis-ff-2026-07-04,Fire Flux Esports,Misa Esports,Misa Esports,2:1 打满,否（无赛前价存档）
CS2,CCT Europe Contenders #6 Playoffs,2026-07-04,cs2-tricks-nxt1-2026-07-04,Next UP,Tricksters,Next UP,2:1 打满,否（无赛前价存档）
CS2,CCT Europe Contenders #6 Playoffs,2026-07-04,cs2-jumbo-alahli-2026-07-04,Al Ahli,Al Ahli,Al Ahli,2:0 横扫,否（无赛前价存档）
CS2,CCT Europe Contenders #6 Playoffs,2026-07-05,cs2-gat-baks-2026-07-05,BakS eSports,BakS eSports,BakS eSports,2:0 横扫,否（无赛前价存档）
CS2,CCT Europe Contenders #6 Playoffs,2026-07-05,cs2-traffi-theboy-2026-07-05,TrafficPills Esports,TheBoys,TheBoys,2:1 打满,否（无赛前价存档）
CS2,CCT Europe Contenders #6 Playoffs,2026-07-05,cs2-bandac-lph-2026-07-05,LPH Gaming,LPH Gaming,LPH Gaming,2:0 横扫,否（无赛前价存档）
CS2,CCT Europe Challengers Series Playoffs,2026-07-05,cs2-atreid-sawy-2026-07-05,Atreides,SAW Youngsters,SAW Youngsters,2:1 打满,否（无赛前价存档）
CS2,XSE Pro League Group Stage,2026-07-05,cs2-mibr-9z-2026-07-05,9z,9z,9z,2:0 横扫,否（无赛前价存档）
CS2,XSE Pro League Group Stage,2026-07-05,cs2-b8-big5-2026-07-05,BIG,BIG,BIG,2:0 横扫,否（无赛前价存档）
CS2,XSE Pro League Group Stage,2026-07-05,cs2-eye-faze-2026-07-05,EYEBALLERS,FaZe,FaZe,2:1 打满,否（无赛前价存档）
CS2,European Pro League Series 8 Closed Qualifier Play-In,2026-07-05,cs2-innerc-hon1-2026-07-05,Honvéd,Honvéd,Honvéd,2:0 横扫,否（无赛前价存档）
CS2,United21 Group B,2026-07-08,cs2-leo4-presti-2026-07-08,LEO,LEO,LEO,2:0 横扫,否（无赛前价存档）
CS2,United21 Group B,2026-07-08,cs2-fazeun-vsters-2026-07-08,FaZe Up Next,FaZe Up Next,FaZe Up Next,2:0 横扫,否（无赛前价存档）
CS2,CCT South America Series 3 Group Stage,2026-07-05,cs2-paina-red7-2026-07-05,paiN Academy,Red Feet,paiN Academy,2:1 打满,否（无赛前价存档）
CS2,CCT South America Series 3 Group Stage,2026-07-05,cs2-mibra-ge3-2026-07-05,MIBR Academy,MIBR Academy,MIBR Academy,2:0 横扫,否（无赛前价存档）
CS2,CCT South America Series 3 Group Stage,2026-07-05,cs2-alkaa-mag-2026-07-05,ALKA,ALKA,ALKA,2:0 横扫,否（无赛前价存档）
CS2,CCT Europe Challengers Series Playoffs,2026-07-05,cs2-ej-sawy-2026-07-05,SAW Youngsters,Endless Journey,Endless Journey,2:1 打满,否（无赛前价存档）
CS2,XSE Pro League Playoffs,2026-07-10,cs2-prv-big5-2026-07-10,BIG,PARIVISION,PARIVISION,2:1 打满,是
CS2,XSE Pro League Playoffs,2026-07-09,cs2-tyloo-9z-2026-07-09,9z,TYLOO,9z,2:1 打满,否（无赛前价存档）
CS2,XSE Pro League Playoffs,2026-07-09,cs2-all-nem-2026-07-09,Team Nemesis,Alliance,Alliance,2:1 打满,否（无赛前价存档）
CS2,XSE Pro League Playoffs,2026-07-10,cs2-faze-bb3-2026-07-10,FaZe,FaZe,FaZe,2:0 横扫,是
CS2,European Pro League Series 8 Group B,2026-07-07,cs2-bmb-tlr-2026-07-07,The Last Resort,BASEMENT BOYS,BASEMENT BOYS,2:1 打满,否（无赛前价存档）
CS2,CCT South America Series 3 Playoffs,2026-07-06,cs2-fx-paina-2026-07-06,paiN Academy,Fluxo,Fluxo,2:1 打满,否（无赛前价存档）
CS2,CCT South America Series 3 Playoffs,2026-07-06,cs2-imp11-alkaa-2026-07-06,Imperial,Imperial,Imperial,2:0 横扫,否（无赛前价存档）
CS2,CCT South America Series 3 Playoffs,2026-07-06,cs2-keyd-gh-2026-07-06,Game Hunters,Keyd,Keyd,2:1 打满,否（无赛前价存档）
CS2,CCT South America Series 3 Playoffs,2026-07-06,cs2-fdb-vexa1-2026-07-06,Fake do Biru,ex-Vexa,Fake do Biru,2:1 打满,否（无赛前价存档）
CS2,CCT South America Series 3 Playoffs,2026-07-07,cs2-isg-yaw-2026-07-07,Isurus,Isurus,Isurus,2:0 横扫,否（无赛前价存档）
CS2,CCT South America Series 3 Playoffs,2026-07-07,cs2-bhe-mibra-2026-07-07,MIBR Academy,Bounty Hunters Esports,Bounty Hunters Esports,2:1 打满,否（无赛前价存档）
CS2,CCT South America Series 3 Playoffs,2026-07-07,cs2-ldp-bsta-2026-07-07,largadosypelados,BESTIA Academy,largadosypelados,2:1 打满,否（无赛前价存档）
CS2,CCT South America Series 3 Playoffs,2026-07-07,cs2-uno-pdaf-2026-07-07,UNO MILLE,Patins da Ferrari,Patins da Ferrari,2:1 打满,否（无赛前价存档）
CS2,Thunderpick World Championship South American Series #2 Group B,2026-07-08,cs2-keyd-mibra-2026-07-08,Keyd,Keyd,Keyd,2:0 横扫,否（无赛前价存档）
CS2,Thunderpick World Championship South American Series #2 Group A,2026-07-08,cs2-isg-uno-2026-07-08,Isurus,UNO MILLE,Isurus,2:1 打满,否（无赛前价存档）
CS2,Thunderpick World Championship South American Series #2 Group A,2026-07-08,cs2-fdb-paina-2026-07-08,Fake do Biru,paiN Academy,Fake do Biru,2:1 打满,否（无赛前价存档）
CS2,Thunderpick World Championship South American Series #2 Group B,2026-07-08,cs2-yaw-mw-2026-07-08,Yawara Esports,Yawara Esports,Yawara Esports,2:0 横扫,否（无赛前价存档）
CS2,CCT Europe Contenders #6 Playoffs,2026-07-06,cs2-lph-baks-2026-07-06,LPH Gaming,BakS eSports,LPH Gaming,2:1 打满,否（无赛前价存档）
CS2,CCT Europe Contenders #6 Playoffs,2026-07-07,cs2-theboy-maybe-2026-07-07,TheBoys,TheBoys,TheBoys,2:0 横扫,否（无赛前价存档）
CS2,CCT Europe Contenders #6 Playoffs,2026-07-07,cs2-bandac-gat-2026-07-07,Gatorian,banda chuya,banda chuya,2:1 打满,否（无赛前价存档）
CS2,CCT Europe Contenders #6 Playoffs,2026-07-06,cs2-mellre-nxt1-2026-07-06,Next UP,mellren,mellren,2:1 打满,否（无赛前价存档）
CS2,European Pro League Series 8 Group C,2026-07-08,cs2-sparta-ence-2026-07-08,SPARTA,SPARTA,SPARTA,2:0 横扫,否（无赛前价存档）
CS2,European Pro League Series 8 Group C,2026-07-08,cs2-atreid-ep-2026-07-08,Atreides,Atreides,Atreides,2:0 横扫,否（无赛前价存档）
CS2,European Pro League Series 8 Group A,2026-07-10,cs2-wbt-justpl-2026-07-10,WBT,WBT,WBT,2:0 横扫,是
CS2,European Pro League Series 8 Group D,2026-07-09,cs2-g1-brute-2026-07-09,Brute,Brute,Brute,2:0 横扫,否（无赛前价存档）
CS2,CCT South America Series 3 Playoffs,2026-07-08,cs2-pdaf-fx-2026-07-08,Fluxo,Fluxo,Fluxo,2:0 横扫,否（无赛前价存档）
CS2,CCT South America Series 3 Playoffs,2026-07-08,cs2-bhe-keyd-2026-07-08,Bounty Hunters Esports,Bounty Hunters Esports,Bounty Hunters Esports,2:0 横扫,否（无赛前价存档）
CS2,CCT South America Series 3 Playoffs,2026-07-08,cs2-ldp-fdb-2026-07-08,largadosypelados,largadosypelados,largadosypelados,2:0 横扫,否（无赛前价存档）
CS2,United21 Group A,2026-07-11,cs2-inf1-mis-2026-07-11,INFURITY Gaming,Misa Esports,Misa Esports,2:1 打满,是
CS2,CCT South America Series 3 Playoffs,2026-07-08,cs2-imp11-isg-2026-07-08,Imperial,Imperial,Imperial,2:0 横扫,否（无赛前价存档）
CS2,United21 Group D,2026-07-10,cs2-psna-esb-2026-07-10,eSuba,eSuba,eSuba,2:0 横扫,是
CS2,United21 Group D,2026-07-10,cs2-lph-eacris-2026-07-10,EAC Rising,EAC Rising,EAC Rising,2:0 横扫,是
CS2,European Pro League Series 8 Group B,2026-07-11,cs2-bmb-enjoy-2026-07-11,BASEMENT BOYS,BASEMENT BOYS,BASEMENT BOYS,2:0 横扫,是
CS2,CCT Europe Contenders #6 Playoffs,2026-07-08,cs2-baks-jumbo-2026-07-08,BakS eSports,BakS eSports,BakS eSports,2:0 横扫,否（无赛前价存档）
CS2,CCT Europe Contenders #6 Playoffs,2026-07-08,cs2-maybe-tricks-2026-07-08,maybe,Tricksters,Tricksters,2:1 打满,否（无赛前价存档）
CS2,CCT Europe Contenders #6 Playoffs,2026-07-08,cs2-bandac-alahli-2026-07-08,banda chuya,Al Ahli,banda chuya,2:1 打满,否（无赛前价存档）
CS2,CCT Europe Contenders #6 Playoffs,2026-07-08,cs2-arch-nxt1-2026-07-08,Arch,Arch,Arch,2:0 横扫,否（无赛前价存档）
CS2,United21 Group C,2026-07-08,cs2-vita-innerc2-2026-07-08,Inner Circle Prospect,Inner Circle Prospect,Inner Circle Prospect,2:0 横扫,否（无赛前价存档）
CS2,CCT Europe Contenders #6 Playoffs,2026-07-09,cs2-lph-theboy-2026-07-09,LPH Gaming,LPH Gaming,LPH Gaming,2:0 横扫,否（无赛前价存档）
CS2,RES Showdown Europe Playoffs,2026-07-09,cs2-vp-nip-2026-07-09,NIP,Virtus.pro,Virtus.pro,2:1 打满,否（无赛前价存档）
CS2,RES Showdown Europe Playoffs,2026-07-09,cs2-ice-g1-2026-07-09,Inner Circle Esports,Inner Circle Esports,Inner Circle Esports,2:0 横扫,否（无赛前价存档）
CS2,RES Showdown Europe Playoffs,2026-07-09,cs2-b8-san-2026-07-09,B8,B8,B8,2:0 横扫,否（无赛前价存档）
CS2,RES Showdown South America Playoffs,2026-07-09,cs2-pain-mw-2026-07-09,paiN,paiN,paiN,2:0 横扫,否（无赛前价存档）
CS2,RES Showdown South America Playoffs,2026-07-09,cs2-ldp-shin-2026-07-09,largadosypelados,ShindeN,largadosypelados,2:1 打满,否（无赛前价存档）
CS2,RES Showdown Europe Playoffs,2026-07-09,cs2-eac-mgc-2026-07-09,Esport Academy Copenhagen,magic,magic,2:1 打满,否（无赛前价存档）
CS2,RES Showdown South America Playoffs,2026-07-09,cs2-yaw-shk-2026-07-09,Yawara Esports,Sharks,Sharks,2:1 打满,否（无赛前价存档）
CS2,RES Showdown South America Playoffs,2026-07-09,cs2-bst-fxw7-2026-07-09,BESTIA,BESTIA,BESTIA,2:0 横扫,否（无赛前价存档）
CS2,CCT South America Series 3 Playoffs,2026-07-09,cs2-imp11-ldp-2026-07-09,Imperial,Imperial,Imperial,2:0 横扫,否（无赛前价存档）
CS2,CCT South America Series 3 Playoffs,2026-07-09,cs2-fx-bhe-2026-07-09,Fluxo,Bounty Hunters Esports,Bounty Hunters Esports,2:1 打满,否（无赛前价存档）
CS2,Thunderpick World Championship South American Series #2 Group A,2026-07-09,cs2-isg-fdb-2026-07-09,Isurus,Isurus,Isurus,2:0 横扫,否（无赛前价存档）
CS2,Thunderpick World Championship South American Series #2 Group A,2026-07-09,cs2-uno-paina-2026-07-09,UNO MILLE,UNO MILLE,UNO MILLE,2:0 横扫,否（无赛前价存档）
CS2,Thunderpick World Championship South American Series #2 Group B,2026-07-09,cs2-yaw-keyd-2026-07-09,Keyd,Yawara Esports,Keyd,2:1 打满,否（无赛前价存档）
CS2,Thunderpick World Championship South American Series #2 Group B,2026-07-09,cs2-mw-mibra-2026-07-09,METANOIA WOLVES,MIBR Academy,MIBR Academy,2:1 打满,否（无赛前价存档）
CS2,European Pro League Series 8 Group C,2026-07-12,cs2-atreid-sparta-2026-07-12,Atreides,SPARTA,Atreides,2:1 打满,是
CS2,European Pro League Series 8 Group C,2026-07-12,cs2-ep-ence-2026-07-12,ENCE,ENCE,ENCE,2:0 横扫,是
CS2,BLAST Open North American Qualifier Playoffs,2026-07-09,cs2-mars-regain-2026-07-09,Marsborne,regain,regain,2:1 打满,否（无赛前价存档）
CS2,BLAST Open North American Qualifier Playoffs,2026-07-09,cs2-m80-winner-2026-07-09,M80,M80,M80,2:0 横扫,否（无赛前价存档）
CS2,BLAST Open North American Qualifier Playoffs,2026-07-09,cs2-voc-nt-2026-07-09,Voca,Voca,Voca,2:0 横扫,否（无赛前价存档）
CS2,BLAST Open North American Qualifier Playoffs,2026-07-09,cs2-lag-ot2-2026-07-09,LAG Gaming,LAG Gaming,LAG Gaming,2:0 横扫,否（无赛前价存档）
CS2,Stake Ranked Episode 3 Playoffs,2026-07-15,cs2-nip-k271-2026-07-15,NIP,NIP,NIP,2:0 横扫,是
CS2,Stake Ranked Episode 3 Playoffs,2026-07-15,cs2-pain-pha-2026-07-15,paiN,Phantom,Phantom,2:1 打满,是
CS2,Stake Ranked Episode 3 Playoffs,2026-07-15,cs2-3dmax-hero-2026-07-15,Heroic,3DMAX,Heroic,2:1 打满,是
CS2,CCT Europe Contenders #6 Playoffs,2026-07-09,cs2-tricks-baks-2026-07-09,Tricksters,BakS eSports,Tricksters,2:1 打满,否（无赛前价存档）
CS2,European Pro League Series 8 Group D,2026-07-09,cs2-rust-hon1-2026-07-09,Honvéd,Honvéd,Honvéd,2:0 横扫,否（无赛前价存档）
CS2,CCT Europe Contenders #6 Playoffs,2026-07-09,cs2-bandac-arch-2026-07-09,banda chuya,banda chuya,banda chuya,2:0 横扫,否（无赛前价存档）
CS2,Stake Ranked Episode 3 Playoffs,2026-07-15,cs2-wc1-m8-2026-07-15,Gentle Mates,Gentle Mates,Gentle Mates,2:0 横扫,是
CS2,RES Showdown Europe Playoffs,2026-07-10,cs2-b8-vp-2026-07-10,Virtus.pro,B8,Virtus.pro,2:1 打满,是
CS2,RES Showdown South America Playoffs,2026-07-10,cs2-ldp-pain-2026-07-10,paiN,largadosypelados,paiN,2:1 打满,是
CS2,XSE Pro League Playoffs,2026-07-11,cs2-9z-all-2026-07-11,9z,Alliance,9z,2:1 打满,是
CS2,CCT South America Series 3 Playoffs,2026-07-09,cs2-bhe-imp11-2026-07-09,Imperial,Bounty Hunters Esports,Imperial,2:1 打满,否（无赛前价存档）
CS2,BLAST Open Asian Qualifier Playoffs,2026-07-10,cs2-kg-the9-2026-07-10,The Huns Esports,The Huns Esports,The Huns Esports,2:0 横扫,是
CS2,BLAST Open Asian Qualifier Playoffs,2026-07-10,cs2-tyloo-mongol-2026-07-10,TYLOO,TYLOO,TYLOO,2:0 横扫,是
CS2,BLAST Open Asian Qualifier Playoffs,2026-07-10,cs2-gz1-lvg-2026-07-10,Lynn Vision,Lynn Vision,Lynn Vision,2:0 横扫,是
CS2,RES Showdown Europe Playoffs,2026-07-10,cs2-ice-mgc-2026-07-10,Inner Circle Esports,Inner Circle Esports,Inner Circle Esports,2:0 横扫,是
CS2,BLAST Open Asian Qualifier Playoffs,2026-07-10,cs2-5s-ae2-2026-07-10,5star,Alter Ego,5star,2:1 打满,是
CS2,RES Showdown South America Playoffs,2026-07-10,cs2-shk-bst-2026-07-10,BESTIA,Sharks,Sharks,2:1 打满,是
CS2,BLAST Open North American Qualifier Playoffs,2026-07-10,cs2-voc-regain-2026-07-10,Voca,Voca,Voca,2:0 横扫,是
CS2,Thunderpick World Championship South American Series #2 Group B,2026-07-10,cs2-yaw-mibra-2026-07-10,MIBR Academy,MIBR Academy,MIBR Academy,2:0 横扫,是
CS2,Thunderpick World Championship South American Series #2 Group A,2026-07-10,cs2-fdb-uno-2026-07-10,Fake do Biru,Fake do Biru,Fake do Biru,2:0 横扫,是
CS2,BLAST Open North American Qualifier Playoffs,2026-07-10,cs2-m80-lag-2026-07-10,M80,M80,M80,2:0 横扫,是
CS2,BLAST Open Asian Qualifier Playoffs,2026-07-10,cs2-the9-tyloo-2026-07-10,TYLOO,TYLOO,TYLOO,2:0 横扫,是
CS2,XSE Pro League Playoffs,2026-07-11,cs2-prv-faze-2026-07-11,FaZe,PARIVISION,PARIVISION,2:1 打满,是
CS2,European Pro League Series 8 Group D,2026-07-13,cs2-g1-rust-2026-07-13,GenOne,GenOne,GenOne,2:0 横扫,是
CS2,European Pro League Series 8 Group A,2026-07-15,cs2-lavked-justpl-2026-07-15,Just Players,Just Players,Just Players,2:0 横扫,是
CS2,BLAST Open Asian Qualifier Playoffs,2026-07-11,cs2-5s-lvg-2026-07-11,Lynn Vision,Lynn Vision,Lynn Vision,2:0 横扫,是
CS2,RES Showdown Europe Playoffs,2026-07-11,cs2-vp-ice-2026-07-11,Inner Circle Esports,Inner Circle Esports,Inner Circle Esports,2:0 横扫,是
CS2,United21 Group B,2026-07-11,cs2-vsters-leo4-2026-07-11,LEO,LEO,LEO,2:0 横扫,是
CS2,United21 Group D,2026-07-12,cs2-psna-eacris-2026-07-12,EAC Rising,EAC Rising,EAC Rising,2:0 横扫,是
CS2,United21 Group C,2026-07-12,cs2-vita-adn-2026-07-12,Vitality Academy,Alpha Dominion Nation,Alpha Dominion Nation,2:1 打满,是
CS2,RES Showdown South America Playoffs,2026-07-11,cs2-pain-shk-2026-07-11,Sharks,Sharks,Sharks,2:0 横扫,是
CS2,BLAST Open North American Qualifier Playoffs,2026-07-11,cs2-m80-voc-2026-07-11,M80,M80,M80,2:0 横扫,是
CS2,Thunderpick World Championship South American Series #2 Playoffs,2026-07-11,cs2-ldp-fdb-2026-07-11,largadosypelados,largadosypelados,largadosypelados,2:0 横扫,是
CS2,Thunderpick World Championship South American Series #2 Playoffs,2026-07-11,cs2-bst-mibra-2026-07-11,BESTIA,BESTIA,BESTIA,2:0 横扫,是
CS2,Thunderpick World Championship South American Series #2 Playoffs,2026-07-11,cs2-bhe-keyd-2026-07-11,Keyd,Bounty Hunters Esports,Keyd,2:1 打满,是
CS2,Thunderpick World Championship South American Series #2 Playoffs,2026-07-11,cs2-imp11-isg-2026-07-11,Isurus,Imperial,Imperial,2:1 打满,是
CS2,CCT Europe Contenders #6 Playoffs,2026-07-11,cs2-lph-mellre-2026-07-11,LPH Gaming,LPH Gaming,LPH Gaming,2:0 横扫,是
CS2,BLAST Open Asian Qualifier Playoffs,2026-07-12,cs2-tyloo-lvg-2026-07-12,TYLOO,Lynn Vision,Lynn Vision,2:1 打满,是
CS2,CCT Europe Contenders #6 Playoffs,2026-07-11,cs2-tricks-theboy-2026-07-11,TheBoys,Tricksters,Tricksters,2:1 打满,是
CS2,ESL Challenger League Europe Cup #1 Group A,2026-07-12,cs2-innerc-brute-2026-07-12,Brute,Inner Circle Academy,Brute,2:1 打满,是
CS2,ESL Challenger League Europe Cup #1 Group B,2026-07-12,cs2-fnc-mis-2026-07-12,fnatic,Misa Esports,fnatic,2:1 打满,是
CS2,ESL Challenger League Europe Cup #1 Group D,2026-07-12,cs2-bw-mouzn-2026-07-12,Bushido Wildcats,MOUZ NXT,Bushido Wildcats,2:1 打满,是
CS2,ESL Challenger League Europe Cup #1 Group B,2026-07-12,cs2-qua1-tlr-2026-07-12,The Last Resort,The Last Resort,The Last Resort,2:0 横扫,是
CS2,ESL Challenger League Europe Cup #1 Group D,2026-07-12,cs2-sparta-noirve-2026-07-12,SPARTA,SPARTA,SPARTA,2:0 横扫,是
CS2,ESL Challenger League Europe Cup #1 Group C,2026-07-12,cs2-atreid-justpl-2026-07-12,Just Players,Just Players,Just Players,2:0 横扫,是
CS2,ESL Challenger League Europe Cup #1 Group C,2026-07-12,cs2-g1-ent2-2026-07-12,GenOne,GenOne,GenOne,2:0 横扫,是
CS2,CCT South America Series 4 Group Stage,2026-07-14,cs2-mw-pdaf-2026-07-14,Patins da Ferrari,Patins da Ferrari,Patins da Ferrari,2:0 横扫,是
CS2,CCT South America Series 4 Group Stage,2026-07-14,cs2-paina-odk-2026-07-14,ODDIK,ODDIK,ODDIK,2:0 横扫,是
CS2,CCT South America Series 4 Group Stage,2026-07-15,cs2-bsta-ge3-2026-07-15,BESTIA Academy,BESTIA Academy,BESTIA Academy,2:0 横扫,是
CS2,CCT South America Series 4 Group Stage,2026-07-15,cs2-pcy-red7-2026-07-15,Red Feet,Procyon Gaming,Procyon Gaming,2:1 打满,是
CS2,CCT South America Series 4 Group Stage,2026-07-15,cs2-alkaa-chama-2026-07-15,BORRACHEIROS,ALKA,ALKA,2:1 打满,是
CS2,Thunderpick World Championship South American Series #2 Playoffs,2026-07-12,cs2-bst-keyd-2026-07-12,BESTIA,BESTIA,BESTIA,2:0 横扫,是
CS2,Thunderpick World Championship South American Series #2 Playoffs,2026-07-12,cs2-ldp-imp11-2026-07-12,Imperial,Imperial,Imperial,2:0 横扫,是
CS2,NODWIN Clutch Series Play-In Group B,2026-07-13,cs2-innerc-biga-2026-07-13,BIG Academy,Inner Circle Academy,BIG Academy,2:1 打满,是
CS2,NODWIN Clutch Series Play-In Group D,2026-07-16,cs2-ent2-mis-2026-07-16,Misa Esports,Entropy,Misa Esports,2:1 打满,是
CS2,NODWIN Clutch Series Play-In Group B,2026-07-13,cs2-mana1-don-2026-07-13,ex-MANA eSports,Donstu Esports,ex-MANA eSports,2:1 打满,是
CS2,NODWIN Clutch Series Play-In Group D,2026-07-16,cs2-g2a-lilmix-2026-07-16,G2 Ares,Lilmix,G2 Ares,2:1 打满,是
CS2,ESL Challenger League Europe Cup #1 Group D,2026-07-12,cs2-mouzn-noirve-2026-07-12,Noir Verse,MOUZ NXT,MOUZ NXT,2:1 打满,是
CS2,ESL Challenger League Europe Cup #1 Group C,2026-07-12,cs2-g1-justpl-2026-07-12,GenOne,GenOne,GenOne,2:0 横扫,是
CS2,ESL Challenger League Europe Cup #1 Group D,2026-07-12,cs2-sparta-bw-2026-07-12,Bushido Wildcats,SPARTA,Bushido Wildcats,2:1 打满,是
CS2,ESL Challenger League Europe Cup #1 Group C,2026-07-12,cs2-ent2-atreid-2026-07-12,Entropy,Entropy,Entropy,2:0 横扫,是
CS2,ESL Challenger League Europe Cup #1 Group A,2026-07-12,cs2-hotu-brute-2026-07-12,HOTU,HOTU,HOTU,2:0 横扫,是
CS2,ESL Challenger League Europe Cup #1 Group B,2026-07-12,cs2-fnc-tlr-2026-07-12,fnatic,fnatic,fnatic,2:0 横扫,是
CS2,ESL Challenger League Europe Cup #1 Group B,2026-07-12,cs2-mis-qua1-2026-07-12,Misa Esports,QUAZAR,QUAZAR,2:1 打满,是
CS2,United21 Playoffs,2026-07-13,cs2-mana1-eacris-2026-07-13,ex-MANA eSports,EAC Rising,EAC Rising,2:1 打满,是
CS2,European Pro League Series 8 Group C,2026-07-14,cs2-sparta-ence-2026-07-14,SPARTA,SPARTA,SPARTA,2:0 横扫,是
CS2,United21 Playoffs,2026-07-13,cs2-fazeun-adn-2026-07-13,Alpha Dominion Nation,Alpha Dominion Nation,Alpha Dominion Nation,2:0 横扫,是
CS2,United21 Playoffs,2026-07-14,cs2-innerc2-leo4-2026-07-14,LEO,LEO,LEO,2:0 横扫,是
CS2,United21 Playoffs,2026-07-14,cs2-esb-mis-2026-07-14,eSuba,Misa Esports,eSuba,2:1 打满,是
CS2,NODWIN Clutch Series Play-In Group A,2026-07-13,cs2-hon1-jul-2026-07-13,Honvéd,Honvéd,Honvéd,2:0 横扫,是
CS2,Thunderpick World Championship South American Series #2 Playoffs,2026-07-12,cs2-bst-imp11-2026-07-12,Imperial,Imperial,Imperial,2:0 横扫,是
CS2,CCT South America Series 4 Group Stage,2026-07-15,cs2-gh-bk-2026-07-15,Game Hunters,Game Hunters,Game Hunters,2:0 横扫,是
CS2,ESL Challenger League Europe Cup #1 Group A,2026-07-13,cs2-brute-innerc-2026-07-13,Brute,Brute,Brute,2:0 横扫,是
CS2,ESL Challenger League Europe Cup #1 Group B,2026-07-13,cs2-tlr-qua1-2026-07-13,QUAZAR,The Last Resort,QUAZAR,2:1 打满,是
CS2,ESL Challenger League Europe Cup #1 Group D,2026-07-13,cs2-sparta-mouzn-2026-07-13,MOUZ NXT,SPARTA,SPARTA,2:1 打满,是
CS2,ESL Challenger League Europe Cup #1 Group C,2026-07-13,cs2-justpl-ent2-2026-07-13,Entropy,Entropy,Entropy,2:0 横扫,是
CS2,GLuck Yungstar Series #2 Playoffs,2026-07-17,cs2-justpl-ruby1-2026-07-17,Just Players,ex-RUBY,ex-RUBY,2:1 打满,是
CS2,GLuck Yungstar Series #2 Playoffs,2026-07-17,cs2-newvis-wing-2026-07-17,Wingman,Wingman,Wingman,2:0 横扫,是
CS2,GLuck Yungstar Series #2 Playoffs,2026-07-17,cs2-qua1-tsa-2026-07-17,Spirit Academy,Spirit Academy,Spirit Academy,2:0 横扫,是
CS2,ESL Challenger League Europe Cup #1 Playoffs,2026-07-13,cs2-hotu-ent2-2026-07-13,Entropy,HOTU,HOTU,2:1 打满,是
CS2,ESL Challenger League Europe Cup #1 Playoffs,2026-07-13,cs2-bw-qua1-2026-07-13,QUAZAR,QUAZAR,QUAZAR,2:0 横扫,是
CS2,ESL Challenger League Europe Cup #1 Playoffs,2026-07-13,cs2-g1-brute-2026-07-13,Brute,Brute,Brute,2:0 横扫,是
CS2,ESL Challenger League Europe Cup #1 Playoffs,2026-07-13,cs2-fnc-sparta-2026-07-13,fnatic,fnatic,fnatic,2:0 横扫,是
CS2,ESL Challenger League Europe Cup #1 Playoffs,2026-07-14,cs2-fnc-brute-2026-07-14,Brute,fnatic,fnatic,2:1 打满,是
CS2,NODWIN Clutch Series Play-In Group B,2026-07-14,cs2-innerc-don-2026-07-14,Inner Circle Academy,Inner Circle Academy,Inner Circle Academy,2:0 横扫,是
CS2,NODWIN Clutch Series Play-In Group B,2026-07-14,cs2-biga-mana1-2026-07-14,BIG Academy,BIG Academy,BIG Academy,2:0 横扫,是
CS2,NODWIN Clutch Series Play-In Group A,2026-07-14,cs2-hon1-meg1-2026-07-14,Honvéd,Honvéd,Honvéd,2:0 横扫,是
CS2,ESL Challenger League Europe Cup #1 Playoffs,2026-07-14,cs2-qua1-hotu-2026-07-14,HOTU,HOTU,HOTU,2:0 横扫,是
CS2,European Pro League Series 8 Group D,2026-07-14,cs2-hon1-g1-2026-07-14,GenOne,GenOne,GenOne,2:0 横扫,否（无赛前价存档）
CS2,ESL Challenger League Europe Cup #1 Playoffs,2026-07-14,cs2-hotu-fnc-2026-07-14,fnatic,fnatic,fnatic,2:0 横扫,是
CS2,ESL Challenger League Europe Cup #1 Playoffs,2026-07-14,cs2-qua1-brute-2026-07-14,QUAZAR,QUAZAR,QUAZAR,2:0 横扫,是
CS2,European Pro League Series 8 Group B,2026-07-15,cs2-tlr-enjoy-2026-07-15,The Last Resort,The Last Resort,The Last Resort,2:0 横扫,是
CS2,United21 Playoffs,2026-07-16,cs2-leo4-esb-2026-07-16,eSuba,eSuba,eSuba,2:0 横扫,是
CS2,United21 Playoffs,2026-07-15,cs2-innerc2-mis-2026-07-15,Misa Esports,Inner Circle Prospect,Misa Esports,2:1 打满,是
CS2,NODWIN Clutch Series Play-In Group A,2026-07-15,cs2-meg1-jul-2026-07-15,megoshort,megoshort,megoshort,2:0 横扫,是
CS2,CCT Europe Closed Qualifier: Series #5 Group A,2026-07-15,cs2-meg1-sawy-2026-07-15,SAW Youngsters,SAW Youngsters,SAW Youngsters,2:0 横扫,是
CS2,CCT Europe Closed Qualifier: Series #5 Group B,2026-07-15,cs2-innerc-subtop-2026-07-15,Inner Circle Academy,Inner Circle Academy,Inner Circle Academy,2:0 横扫,是
CS2,CCT Europe Closed Qualifier: Series #5 Group B,2026-07-15,cs2-ent2-hon1-2026-07-15,Entropy,Honvéd,Entropy,2:1 打满,是
CS2,United21 Playoffs,2026-07-16,cs2-eacris-adn-2026-07-16,EAC Rising,EAC Rising,EAC Rising,2:0 横扫,是
CS2,NODWIN Clutch Series Play-In Group B,2026-07-15,cs2-mana1-innerc-2026-07-15,Inner Circle Academy,Inner Circle Academy,Inner Circle Academy,2:0 横扫,是
CS2,CCT Europe Closed Qualifier: Series #5 Group C,2026-07-17,cs2-bbp-ej-2026-07-17,Endless Journey,Bebop,Endless Journey,2:1 打满,是
CS2,CCT Europe Closed Qualifier: Series #5 Group C,2026-07-17,cs2-biga-don-2026-07-17,BIG Academy,BIG Academy,BIG Academy,2:0 横扫,是
CS2,CCT Europe Closed Qualifier: Series #5 Group D,2026-07-17,cs2-mis-oly-2026-07-17,Misa Esports,Misa Esports,Misa Esports,2:0 横扫,是
CS2,United21 Playoffs,2026-07-15,cs2-mana1-fazeun-2026-07-15,ex-MANA eSports,ex-MANA eSports,ex-MANA eSports,2:0 横扫,是
CS2,BetBoom RUSH B! Summit Playoffs,2026-07-15,cs2-fxw7-rush1-2026-07-15,Fluxo W7M,Fluxo W7M,Fluxo W7M,2:0 横扫,是
CS2,BetBoom RUSH B! Summit Playoffs,2026-07-15,cs2-bhe-keyd-2026-07-15,Keyd,Bounty Hunters Esports,Bounty Hunters Esports,2:1 打满,是
CS2,European Pro League Series 8 Playoffs,2026-07-18,cs2-ef1-brute-2026-07-18,Eternal Fire,Eternal Fire,Eternal Fire,2:0 横扫,是
CS2,European Pro League Series 8 Playoffs,2026-07-18,cs2-ntr-atreid-2026-07-18,Atreides,Atreides,Atreides,2:0 横扫,是
CS2,European Pro League Series 8 Playoffs,2026-07-19,cs2-33-bmb-2026-07-19,BET-M 33,BASEMENT BOYS,BET-M 33,2:1 打满,是
CS2,European Pro League Series 8 Playoffs,2026-07-19,cs2-cs1-wbt-2026-07-19,CYBERSHOKE Esports,CYBERSHOKE Esports,CYBERSHOKE Esports,2:0 横扫,是
CS2,European Pro League Series 8 Playoffs,2026-07-16,cs2-ww-justpl-2026-07-16,Just Players,WW Team,Just Players,2:1 打满,是
CS2,Stake Ranked Episode 3 Playoffs,2026-07-16,cs2-k271-wc1-2026-07-16,K27,K27,K27,2:0 横扫,是
CS2,European Pro League Series 8 Playoffs,2026-07-16,cs2-wal2-sparta-2026-07-16,Walczaki,SPARTA,Walczaki,2:1 打满,是
CS2,Stake Ranked Episode 3 Playoffs,2026-07-16,cs2-nip-m8-2026-07-16,NIP,NIP,NIP,2:0 横扫,是
CS2,European Pro League Series 8 Playoffs,2026-07-17,cs2-1win-g1-2026-07-17,1WIN,1WIN,1WIN,2:0 横扫,是
CS2,Stake Ranked Episode 3 Playoffs,2026-07-16,cs2-pain-3dmax-2026-07-16,3DMAX,3DMAX,3DMAX,2:0 横扫,是
CS2,Stake Ranked Episode 3 Playoffs,2026-07-16,cs2-hero-pha-2026-07-16,Heroic,Phantom,Heroic,2:1 打满,是
CS2,BetBoom RUSH B! Summit Playoffs,2026-07-16,cs2-shin-bhe-2026-07-16,Bounty Hunters Esports,Bounty Hunters Esports,Bounty Hunters Esports,2:0 横扫,是
CS2,BetBoom RUSH B! Summit Playoffs,2026-07-16,cs2-imp11-fxw7-2026-07-16,Fluxo W7M,Imperial,Fluxo W7M,2:1 打满,是
CS2,CCT Europe Closed Qualifier: Series #5 Group D,2026-07-17,cs2-mana1-benche-2026-07-17,Benched gods,Benched gods,Benched gods,2:0 横扫,是
CS2,CCT South America Series 4 Group Stage,2026-07-16,cs2-ge3-mw-2026-07-16,Guara Esports,METANOIA WOLVES,METANOIA WOLVES,2:1 打满,是
CS2,CCT Europe Closed Qualifier: Series #5 Group B,2026-07-16,cs2-ent2-innerc-2026-07-16,Inner Circle Academy,Inner Circle Academy,Inner Circle Academy,2:0 横扫,是
CS2,Stake Ranked Episode 3 Playoffs,2026-07-17,cs2-3dmax-m8-2026-07-17,3DMAX,3DMAX,3DMAX,2:0 横扫,是
CS2,CCT South America Series 4 Group Stage,2026-07-17,cs2-gh-alkaa-2026-07-17,ALKA,Game Hunters,Game Hunters,2:1 打满,是
CS2,CCT South America Series 4 Group Stage,2026-07-17,cs2-pdaf-grmioe-2026-07-17,Patins da Ferrari,Patins da Ferrari,Patins da Ferrari,2:0 横扫,是
CS2,CCT South America Series 4 Group Stage,2026-07-17,cs2-bsta-mag-2026-07-17,MAGICOS,BESTIA Academy,BESTIA Academy,2:1 打满,是
CS2,CCT South America Series 4 Group Stage,2026-07-17,cs2-odk-pcy-2026-07-17,ODDIK,ODDIK,ODDIK,2:0 横扫,否（无赛前价存档）
CS2,United21 Playoffs,2026-07-17,cs2-leo4-mana1-2026-07-17,ex-MANA eSports,ex-MANA eSports,ex-MANA eSports,2:0 横扫,是
CS2,Stake Ranked Episode 3 Playoffs,2026-07-17,cs2-k271-pha-2026-07-17,K27,K27,K27,2:0 横扫,是
CS2,Stake Ranked Episode 3 Playoffs,2026-07-17,cs2-nip-hero-2026-07-17,Heroic,NIP,Heroic,2:1 打满,是
CS2,United21 Playoffs,2026-07-18,cs2-eacris-esb-2026-07-18,EAC Rising,eSuba,eSuba,2:1 打满,是
CS2,NODWIN Clutch Series Play-In Group D,2026-07-17,cs2-mis-g2a-2026-07-17,Misa Esports,G2 Ares,G2 Ares,2:1 打满,是
CS2,NODWIN Clutch Series Play-In Group D,2026-07-17,cs2-ent2-lilmix-2026-07-17,Entropy,Entropy,Entropy,2:0 横扫,是
CS2,HyperX & Intel Nationals Group A,2026-07-16,cs2-rstr-thunde-2026-07-16,THUNDER dOWNUNDER,THUNDER dOWNUNDER,THUNDER dOWNUNDER,2:0 横扫,是
CS2,HyperX & Intel Nationals Group A,2026-07-16,cs2-abyssa-mf-2026-07-16,Abyssal,Mindfreak,Mindfreak,2:1 打满,是
CS2,BetBoom RUSH B! Summit Playoffs,2026-07-17,cs2-keyd-imp11-2026-07-17,Imperial,Imperial,Imperial,2:0 横扫,是
CS2,BetBoom RUSH B! Summit Playoffs,2026-07-17,cs2-rush1-shin-2026-07-17,ShindeN,ShindeN,ShindeN,2:0 横扫,是
CS2,BetBoom RUSH B! Summit Playoffs,2026-07-17,cs2-bhe-fxw7-2026-07-17,Fluxo W7M,Fluxo W7M,Fluxo W7M,2:0 横扫,是
CS2,HyperX & Intel Nationals Group B,2026-07-17,cs2-dxa-arc-2026-07-17,Arcade Esports,Arcade Esports,Arcade Esports,2:0 横扫,是
CS2,HyperX & Intel Nationals Group B,2026-07-17,cs2-fly-gz1-2026-07-17,FlyQuest,FlyQuest,FlyQuest,2:0 横扫,是
CS2,HyperX & Intel Nationals Group A,2026-07-17,cs2-rstr-mf-2026-07-17,Mindfreak,Mindfreak,Mindfreak,2:0 横扫,是
CS2,GLuck Yungstar Series #2 Playoffs,2026-07-17,cs2-wing-ruby1-2026-07-17,Wingman,ex-RUBY,ex-RUBY,2:1 打满,是
CS2,GLuck Yungstar Series #2 Playoffs,2026-07-17,cs2-newvis-justpl-2026-07-17,Just Players,Just Players,Just Players,2:0 横扫,是
CS2,Stake Ranked Episode 3 Playoffs,2026-07-17,cs2-3dmax-k271-2026-07-17,K27,K27,K27,2:0 横扫,是
CS2,CCT Europe Closed Qualifier: Series #5 Group C,2026-07-18,cs2-bbp-don-2026-07-18,Donstu Esports,Bebop,Bebop,2:1 打满,是
CS2,CCT Europe Closed Qualifier: Series #5 Group C,2026-07-18,cs2-ej-biga-2026-07-18,BIG Academy,BIG Academy,BIG Academy,2:0 横扫,是
CS2,European Pro League Series 8 Playoffs,2026-07-20,cs2-justpl-wal2-2026-07-20,Just Players,Just Players,Just Players,2:0 横扫,是
CS2,European Pro League Series 8 Playoffs,2026-07-20,cs2-arc4-1win-2026-07-20,ARCRED,1WIN,1WIN,2:1 打满,是
CS2,HyperX & Intel Nationals Playoffs,2026-07-17,cs2-fly-mf-2026-07-17,FlyQuest,FlyQuest,FlyQuest,2:0 横扫,是
CS2,HyperX & Intel Nationals Playoffs,2026-07-17,cs2-thunde-gz1-2026-07-17,THUNDER dOWNUNDER,THUNDER dOWNUNDER,THUNDER dOWNUNDER,2:0 横扫,是
CS2,GLuck Yungstar Series #2 Playoffs,2026-07-17,cs2-qua1-enjoy-2026-07-17,QUAZAR,QUAZAR,QUAZAR,2:0 横扫,是
CS2,Stake Ranked Episode 3 Playoffs,2026-07-18,cs2-nip-k271-2026-07-18,K27,NIP,K27,2:1 打满,是
CS2,GLuck Yungstar Series #2 Playoffs,2026-07-17,cs2-wing-qua1-2026-07-17,Wingman,QUAZAR,QUAZAR,2:1 打满,是
CS2,GLuck Yungstar Series #2 Playoffs,2026-07-17,cs2-justpl-tsa-2026-07-17,Just Players,Spirit Academy,Just Players,2:1 打满,是
CS2,BLAST Bounty Qualifier,2026-07-21,cs2-m80-nip-2026-07-21,NIP,NIP,NIP,2:0 横扫,是
CS2,BLAST Bounty Qualifier,2026-07-21,cs2-nem-ast10-2026-07-21,Team Nemesis,Astralis,Astralis,2:1 打满,是
CS2,BLAST Bounty Qualifier,2026-07-21,cs2-all-wc1-2026-07-21,Wildcard,Wildcard,Wildcard,2:0 横扫,是
CS2,BLAST Bounty Qualifier,2026-07-21,cs2-ntr-mouz-2026-07-21,MOUZ,MOUZ,MOUZ,2:0 横扫,是
CS2,BLAST Bounty Qualifier,2026-07-22,cs2-eye-faze-2026-07-22,FaZe,FaZe,FaZe,2:0 横扫,是
CS2,BLAST Bounty Qualifier,2026-07-22,cs2-nemi1-g2-2026-07-22,Nemiga,G2,G2,2:1 打满,是
CS2,BLAST Bounty Qualifier,2026-07-22,cs2-hotu-gl1-2026-07-22,HOTU,HOTU,HOTU,2:0 横扫,是
CS2,BLAST Bounty Qualifier,2026-07-22,cs2-fal2-100t-2026-07-22,Team Falcons,100 Thieves,100 Thieves,2:1 打满,是
CS2,BLAST Bounty Qualifier,2026-07-23,cs2-aur1-fokus-2026-07-23,FOKUS,Aurora Gaming,FOKUS,2:1 打满,是
CS2,BLAST Bounty Qualifier,2026-07-23,cs2-sin2-fut-2026-07-23,Sinners,FUT Esports,FUT Esports,2:1 打满,是
CS2,BLAST Bounty Qualifier,2026-07-23,cs2-m8-pain-2026-07-23,paiN,paiN,paiN,2:0 横扫,是
CS2,BLAST Bounty Qualifier,2026-07-23,cs2-ts7-og1-2026-07-23,Spirit,OG,Spirit,2:1 打满,是
CS2,BLAST Bounty Qualifier,2026-07-24,cs2-mgc-3dmax-2026-07-24,magic,3DMAX,3DMAX,2:1 打满,是
CS2,CCT Europe Closed Qualifier: Series #5 Group D,2026-07-18,cs2-mana1-oly-2026-07-18,ex-MANA eSports,OlyBet SB,ex-MANA eSports,2:1 打满,是
CS2,CCT Europe Closed Qualifier: Series #5 Group D,2026-07-18,cs2-benche-mis-2026-07-18,Benched gods,Benched gods,Benched gods,2:0 横扫,是
CS2,BLAST Bounty Qualifier,2026-07-24,cs2-tl1-vit-2026-07-24,Liquid,Liquid,Liquid,2:0 横扫,是
CS2,BLAST Bounty Qualifier,2026-07-24,cs2-hero-mglz-2026-07-24,Heroic,TheMongolz,TheMongolz,2:1 打满,是
CS2,BLAST Bounty Qualifier,2026-07-24,cs2-shk-furia-2026-07-24,Sharks,FURIA,Sharks,2:1 打满,是
CS2,BetBoom RUSH B! Summit Playoffs,2026-07-18,cs2-imp11-shin-2026-07-18,Imperial,Imperial,Imperial,2:0 横扫,是
CS2,HyperX & Intel Nationals Playoffs,2026-07-17,cs2-fly-thunde-2026-07-17,FlyQuest,FlyQuest,FlyQuest,2:0 横扫,是
CS2,HyperX & Intel Nationals Playoffs,2026-07-17,cs2-mf-gz1-2026-07-17,Mindfreak,Ground Zero,Ground Zero,2:1 打满,是
CS2,NODWIN Clutch Series Play-In Group D,2026-07-18,cs2-mis-ent2-2026-07-18,Entropy,Entropy,Entropy,2:0 横扫,是
CS2,GLuck Yungstar Series #2 Playoffs,2026-07-18,cs2-qua1-justpl-2026-07-18,QUAZAR,QUAZAR,QUAZAR,2:0 横扫,是
CS2,CCT South America Series 4 Group Stage,2026-07-18,cs2-red7-mag-2026-07-18,Red Feet,MAGICOS,Red Feet,2:1 打满,是
CS2,CCT South America Series 4 Group Stage,2026-07-18,cs2-pcy-paina-2026-07-18,Procyon Gaming,Procyon Gaming,Procyon Gaming,2:0 横扫,是
CS2,HyperX & Intel Nationals Playoffs,2026-07-18,cs2-thunde-gz1-2026-07-18,THUNDER dOWNUNDER,Ground Zero,Ground Zero,2:1 打满,是
CS2,Esports Nations Cup West European Qualifier Playoffs,2026-07-18,cs2-swe2-isl-2026-07-18,Sweden,Sweden,Sweden,2:0 横扫,是
CS2,CCT South America Series 4 Group Stage,2026-07-19,cs2-grmioe-alkaa-2026-07-19,Grêmio Esports,ALKA,ALKA,2:1 打满,是
CS2,CCT South America Series 4 Group Stage,2026-07-19,cs2-pdaf-odk-2026-07-19,Patins da Ferrari,Patins da Ferrari,Patins da Ferrari,2:0 横扫,是
CS2,Esports Nations Cup West European Qualifier Playoffs,2026-07-18,cs2-fin2-nld1-2026-07-18,Netherlands,Finland,Finland,2:1 打满,是
CS2,Esports Nations Cup West European Qualifier Playoffs,2026-07-18,cs2-ita-esp5-2026-07-18,Italy,Spain,Spain,2:1 打满,是
CS2,Esports Nations Cup West European Qualifier Playoffs,2026-07-18,cs2-dnk1-prt1-2026-07-18,Denmark,Denmark,Denmark,2:0 横扫,是
CS2,Esports Nations Cup East European Qualifier Playoffs,2026-07-18,cs2-ukr-est3-2026-07-18,Ukraine,Ukraine,Ukraine,2:0 横扫,是
CS2,Esports Nations Cup East European Qualifier Playoffs,2026-07-18,cs2-pol1-cze-2026-07-18,Poland,Poland,Poland,2:0 横扫,是
CS2,Esports Nations Cup East European Qualifier Playoffs,2026-07-18,cs2-bgr-mkd-2026-07-18,Bulgaria,Bulgaria,Bulgaria,2:0 横扫,是
CS2,Esports Nations Cup East European Qualifier Playoffs,2026-07-18,cs2-lva-hun-2026-07-18,Latvia,Hungary,Latvia,2:1 打满,是
CS2,HyperX & Intel Nationals Playoffs,2026-07-18,cs2-fly-gz1-2026-07-18,FlyQuest,FlyQuest,FlyQuest,2:0 横扫,是
CS2,United21 Playoffs,2026-07-19,cs2-eacris-mis-2026-07-19,Misa Esports,EAC Rising,EAC Rising,2:1 打满,是
CS2,Esports Nations Cup West European Qualifier Playoffs,2026-07-19,cs2-deu1-fra3-2026-07-19,France,Germany,France,2:1 打满,是
CS2,Esports Nations Cup West European Qualifier Playoffs,2026-07-19,cs2-united-bel4-2026-07-19,United Kingdom,United Kingdom,United Kingdom,2:0 横扫,是
CS2,Esports Nations Cup East European Qualifier Playoffs,2026-07-19,cs2-kos-ltu-2026-07-19,Lithuania,Lithuania,Lithuania,2:0 横扫,是
CS2,Esports Nations Cup East European Qualifier Playoffs,2026-07-19,cs2-srb-rou-2026-07-19,Romania,Romania,Romania,2:0 横扫,是
CS2,BetBoom RUSH B! Summit Playoffs,2026-07-18,cs2-bhe-imp11-2026-07-18,Imperial,Bounty Hunters Esports,Imperial,2:1 打满,是
CS2,CCT Europe Closed Qualifier: Series #5 Group B,2026-07-19,cs2-ent2-hon1-2026-07-19,Honvéd,Entropy,Entropy,2:1 打满,是
CS2,CCT Europe Closed Qualifier: Series #5 Group C,2026-07-19,cs2-bbp-ej-2026-07-19,Endless Journey,Bebop,Endless Journey,2:1 打满,是
CS2,CCT Europe Closed Qualifier: Series #5 Group D,2026-07-19,cs2-mana1-mis-2026-07-19,ex-MANA eSports,Misa Esports,Misa Esports,2:1 打满,是
CS2,NODWIN Clutch Series Play-In,2026-07-19,cs2-rgg-innerc-2026-07-19,Inner Circle Academy,Inner Circle Academy,Inner Circle Academy,2:0 横扫,是
CS2,NODWIN Clutch Series Play-In,2026-07-19,cs2-g2a-meg1-2026-07-19,G2 Ares,G2 Ares,G2 Ares,2:0 横扫,是
CS2,European Pro League Series 8 Playoffs,2026-07-21,cs2-ef1-atreid-2026-07-21,Eternal Fire,Eternal Fire,Eternal Fire,2:0 横扫,是
CS2,Esports Nations Cup West European Qualifier Playoffs,2026-07-19,cs2-dnk1-bel4-2026-07-19,Denmark,Denmark,Denmark,2:0 横扫,是
CS2,Esports Nations Cup East European Qualifier Playoffs,2026-07-19,cs2-pol1-kos-2026-07-19,Poland,Poland,Poland,2:0 横扫,是
CS2,Esports Nations Cup East European Qualifier Playoffs,2026-07-19,cs2-bgr-srb-2026-07-19,Bulgaria,Bulgaria,Bulgaria,2:0 横扫,是
CS2,Esports Nations Cup West European Qualifier Playoffs,2026-07-19,cs2-deu1-fin2-2026-07-19,Germany,Germany,Germany,2:0 横扫,是
CS2,European Pro League Series 8 Playoffs,2026-07-21,cs2-33-cs1-2026-07-21,CYBERSHOKE Esports,CYBERSHOKE Esports,CYBERSHOKE Esports,2:0 横扫,是
CS2,StarLadder StarSeries Group C,2026-07-21,cs2-mgc-wal2-2026-07-21,magic,magic,magic,2:0 横扫,是
CS2,StarLadder StarSeries Group B,2026-07-21,cs2-hotu-hero-2026-07-21,Heroic,HOTU,HOTU,2:1 打满,是
CS2,StarLadder StarSeries Group C,2026-07-21,cs2-3dmax-m8-2026-07-21,3DMAX,Gentle Mates,Gentle Mates,2:1 打满,是
CS2,StarLadder StarSeries Group B,2026-07-21,cs2-ast10-fokus-2026-07-21,FOKUS,Astralis,Astralis,2:1 打满,是
CS2,StarLadder StarSeries Group A,2026-07-22,cs2-aur1-k271-2026-07-22,K27,Aurora Gaming,Aurora Gaming,2:1 打满,是
CS2,StarLadder StarSeries Group A,2026-07-22,cs2-inf6-nem-2026-07-22,Team Nemesis,Infinite,Team Nemesis,2:1 打满,是
CS2,StarLadder StarSeries Group D,2026-07-22,cs2-nip-100t-2026-07-22,100 Thieves,NIP,NIP,2:1 打满,是
CS2,StarLadder StarSeries Group D,2026-07-22,cs2-ntr-echo-2026-07-22,ECHO,ECHO,ECHO,2:0 横扫,是
CS2,CCT Europe Closed Qualifier: Series #5 Play-In,2026-07-20,cs2-biga-ent2-2026-07-20,Entropy,BIG Academy,Entropy,2:1 打满,是
CS2,CCT Europe Closed Qualifier: Series #5 Play-In,2026-07-20,cs2-sawy-mis-2026-07-20,SAW Youngsters,SAW Youngsters,SAW Youngsters,2:0 横扫,是
CS2,United21 Playoffs,2026-07-20,cs2-esb-eacris-2026-07-20,EAC Rising,eSuba,eSuba,2:1 打满,是
CS2,CCT Europe Closed Qualifier: Series #5 Play-In,2026-07-20,cs2-innerc-ej-2026-07-20,Inner Circle Academy,Endless Journey,Endless Journey,2:1 打满,是
CS2,NODWIN Clutch Series Play-In Group D,2026-07-20,cs2-mis-lilmix-2026-07-20,Misa Esports,Lilmix,Misa Esports,2:1 打满,是
CS2,CCT South America Series 4 Group Stage,2026-07-20,cs2-grmioe-mw-2026-07-20,Grêmio Esports,Grêmio Esports,Grêmio Esports,2:0 横扫,是
CS2,CCT South America Series 4 Group Stage,2026-07-21,cs2-odk-red7-2026-07-21,ODDIK,ODDIK,ODDIK,2:0 横扫,是
CS2,CCT South America Series 4 Group Stage,2026-07-21,cs2-pcy-alkaa-2026-07-21,ALKA,ALKA,ALKA,2:0 横扫,是
CS2,CCT South America Series 4 Group Stage,2026-07-21,cs2-chama-bsta-2026-07-21,BORRACHEIROS,BORRACHEIROS,BORRACHEIROS,2:0 横扫,是
CS2,CCT Europe Closed Qualifier: Series #6 Group B,2026-07-21,cs2-enjoy-qua1-2026-07-21,ENJOY,QUAZAR,QUAZAR,2:1 打满,是
CS2,CCT Europe Closed Qualifier: Series #6 Group B,2026-07-21,cs2-for10-sawy-2026-07-21,SAW Youngsters,SAW Youngsters,SAW Youngsters,2:0 横扫,是
CS2,StarLadder StarSeries South American Qualifier Playoffs,2026-07-28,cs2-mibr-fxw7-2026-07-28,MIBR,MIBR,MIBR,2:0 横扫,是
CS2,StarLadder StarSeries South American Qualifier Playoffs,2026-07-28,cs2-imp11-bst-2026-07-28,Imperial,Imperial,Imperial,2:0 横扫,是
CS2,StarLadder StarSeries South American Qualifier Playoffs,2026-07-29,cs2-shin-gls1-2026-07-29,ShindeN,ShindeN,ShindeN,2:0 横扫,是
CS2,European Pro League Series 8 Playoffs,2026-07-22,cs2-justpl-1win-2026-07-22,Just Players,1WIN,1WIN,2:1 打满,是
CS2,CCT Europe Series #5 Group Stage,2026-07-21,cs2-cyb-g2a-2026-07-21,CYBERSHOKE Prospects,G2 Ares,G2 Ares,2:1 打满,是
CS2,NODWIN Clutch Series Play-In,2026-07-21,cs2-hon1-mis-2026-07-21,Honvéd,Misa Esports,Honvéd,2:1 打满,是
CS2,CCT Europe Series #5 Group Stage,2026-07-21,cs2-rustec-justpl-2026-07-21,ex-RUSTEC,ex-RUSTEC,ex-RUSTEC,2:0 横扫,是
CS2,CCT Europe Series #5 Group Stage,2026-07-21,cs2-eac-ent2-2026-07-21,Entropy,Esport Academy Copenhagen,Esport Academy Copenhagen,2:1 打满,是
CS2,CCT Europe Series #5 Group Stage,2026-07-22,cs2-blackp-run2-2026-07-22,Black Phoenix,Rune Eaters,Black Phoenix,2:1 打满,是
CS2,CCT Europe Series #5 Group Stage,2026-07-22,cs2-sparta-sawy-2026-07-22,SPARTA,SAW Youngsters,SPARTA,2:1 打满,是
CS2,CCT Europe Series #5 Group Stage,2026-07-22,cs2-inox-ej-2026-07-22,INOX Division,INOX Division,INOX Division,2:0 横扫,是
CS2,CCT Europe Series #5 Group Stage,2026-07-22,cs2-btf-benche-2026-07-22,Butterfly,Butterfly,Butterfly,2:0 横扫,是
CS2,StarLadder StarSeries North American Qualifier Playoffs,2026-07-28,cs2-lag-mars-2026-07-28,Marsborne,Marsborne,Marsborne,2:0 横扫,是
CS2,StarLadder StarSeries North American Qualifier Playoffs,2026-07-28,cs2-regain-voc-2026-07-28,Voca,Voca,Voca,2:0 横扫,是
CS2,StarLadder StarSeries North American Qualifier Playoffs,2026-07-29,cs2-cce-spo-2026-07-29,Chicken Coop Esports,SportsBetExpert,SportsBetExpert,2:1 打满,是
CS2,StarLadder StarSeries North American Qualifier Playoffs,2026-07-28,cs2-nrg-iowast-2026-07-28,NRG,NRG,NRG,2:0 横扫,是
CS2,European Pro League Series 8 Playoffs,2026-07-22,cs2-ef1-cs1-2026-07-22,Eternal Fire,CYBERSHOKE Esports,Eternal Fire,2:1 打满,是
CS2,StarLadder StarSeries European Qualifier Group C,2026-07-21,cs2-mgc-m8-2026-07-21,magic,magic,magic,2:0 横扫,是
CS2,Stake Pulse Beat I Group A,2026-07-31,cs2-hotu-xclan-2026-07-31,HOTU,HOTU,HOTU,2:0 横扫,是
CS2,Stake Pulse Beat I Group C,2026-08-02,cs2-ace1-6666-2026-08-02,Acend,Acend,Acend,2:0 横扫,是
CS2,Stake Pulse Beat I Group A,2026-07-31,cs2-eac-g2a-2026-07-31,G2 Ares,G2 Ares,G2 Ares,2:0 横扫,是
CS2,Stake Pulse Beat I Group C,2026-08-02,cs2-9ine-brute-2026-08-02,Brute,Brute,Brute,2:0 横扫,是
CS2,Stake Pulse Beat I Group D,2026-08-03,cs2-fnc-lilmix-2026-08-03,fnatic,fnatic,fnatic,2:0 横扫,是
CS2,CCT Europe Closed Qualifier: Series #6 Group A,2026-07-22,cs2-ep-jul-2026-07-22,eternal premium,eternal premium,eternal premium,2:0 横扫,是
CS2,StarLadder StarSeries European Qualifier Group C,2026-07-23,cs2-wal2-3dmax-2026-07-23,Walczaki,3DMAX,Walczaki,2:1 打满,是
CS2,StarLadder StarSeries European Qualifier Group B,2026-07-22,cs2-hotu-ast10-2026-07-22,HOTU,HOTU,HOTU,2:0 横扫,是
CS2,StarLadder StarSeries European Qualifier Group B,2026-07-23,cs2-hero-fokus-2026-07-23,Heroic,Heroic,Heroic,2:0 横扫,是
CS2,CCT Europe Closed Qualifier: Series #6 Group D,2026-07-23,cs2-mis-rgg-2026-07-23,Misa Esports,Misa Esports,Misa Esports,2:0 横扫,是
CS2,CCT Europe Closed Qualifier: Series #6 Group B,2026-07-22,cs2-qua1-sawy-2026-07-22,QUAZAR,SAW Youngsters,QUAZAR,2:1 打满,是
CS2,CCT Europe Closed Qualifier: Series #6 Group B,2026-07-22,cs2-enjoy-for10-2026-07-22,Fortress,ENJOY,ENJOY,2:1 打满,是
CS2,NODWIN Clutch Series Group Stage,2026-07-23,cs2-lavked-rustec-2026-07-23,ex-RUSTEC,Lavked,Lavked,2:1 打满,是
CS2,NODWIN Clutch Series Group Stage,2026-07-23,cs2-inox-innerc-2026-07-23,Inner Circle Academy,INOX Division,INOX Division,2:1 打满,是
CS2,NODWIN Clutch Series Group Stage,2026-07-23,cs2-33-sparta-2026-07-23,SPARTA,SPARTA,SPARTA,2:0 横扫,是
CS2,CCT South America Series 4 Group Stage,2026-07-22,cs2-pcy-mag-2026-07-22,Procyon Gaming,MAGICOS,MAGICOS,2:1 打满,是
CS2,CCT South America Series 4 Group Stage,2026-07-22,cs2-bsta-red7-2026-07-22,BESTIA Academy,BESTIA Academy,BESTIA Academy,2:0 横扫,是
CS2,NODWIN Clutch Series Group Stage,2026-07-23,cs2-btf-justpl-2026-07-23,Butterfly,Butterfly,Butterfly,2:0 横扫,是
CS2,CCT South America Series 4 Group Stage,2026-07-22,cs2-grmioe-paina-2026-07-22,paiN Academy,Grêmio Esports,paiN Academy,2:1 打满,是
CS2,NODWIN Clutch Series Group Stage,2026-07-24,cs2-cyb-hon1-2026-07-24,CYBERSHOKE Prospects,CYBERSHOKE Prospects,CYBERSHOKE Prospects,2:0 横扫,是
CS2,NODWIN Clutch Series Group Stage,2026-07-24,cs2-pha-g2a-2026-07-24,Phantom,Phantom,Phantom,2:0 横扫,是
CS2,NODWIN Clutch Series Group Stage,2026-07-24,cs2-g1-atreid-2026-07-24,Atreides,Atreides,Atreides,2:0 横扫,是
CS2,StarLadder StarSeries European Qualifier Group A,2026-07-22,cs2-aur1-nem-2026-07-22,Aurora Gaming,Team Nemesis,Aurora Gaming,2:1 打满,是
CS2,European Pro League Series 8 Playoffs,2026-07-23,cs2-justpl-cs1-2026-07-23,CYBERSHOKE Esports,CYBERSHOKE Esports,CYBERSHOKE Esports,2:0 横扫,是
CS2,StarLadder StarSeries European Qualifier Group D,2026-07-23,cs2-nip-echo-2026-07-23,NIP,NIP,NIP,2:0 横扫,是
CS2,StarLadder StarSeries European Qualifier Group A,2026-07-23,cs2-k271-inf6-2026-07-23,Infinite,Infinite,Infinite,2:0 横扫,是
CS2,StarLadder StarSeries European Qualifier Group D,2026-07-23,cs2-100t-ntr-2026-07-23,Nuclear TigeRES,100 Thieves,Nuclear TigeRES,2:1 打满,是
CS2,CCT Europe Closed Qualifier: Series #6 Group D,2026-07-23,cs2-meg1-pg5-2026-07-23,Privateer Gaming,megoshort,Privateer Gaming,2:1 打满,是
CS2,CCT Europe Closed Qualifier: Series #6 Group C,2026-07-23,cs2-newvis-benche-2026-07-23,NEW VISION,NEW VISION,NEW VISION,2:0 横扫,是
CS2,CCT Europe Series #5 Group Stage,2026-07-23,cs2-justpl-ej-2026-07-23,Endless Journey,Just Players,Just Players,2:1 打满,是
CS2,CCT South America Series 4 Playoffs,2026-07-23,cs2-uno-gh-2026-07-23,UNO MILLE,UNO MILLE,UNO MILLE,2:0 横扫,是
CS2,CCT South America Series 4 Playoffs,2026-07-24,cs2-ldp-mag-2026-07-24,largadosypelados,largadosypelados,largadosypelados,2:0 横扫,是
CS2,CCT South America Series 4 Playoffs,2026-07-24,cs2-keyd-alkaa-2026-07-24,Keyd,Keyd,Keyd,2:0 横扫,是
CS2,CCT South America Series 4 Playoffs,2026-07-23,cs2-imp11-bsta-2026-07-23,Imperial,BESTIA Academy,BESTIA Academy,2:1 打满,是
CS2,CCT Europe Series #5 Group Stage,2026-07-24,cs2-sparta-atreid-2026-07-24,Atreides,Atreides,Atreides,2:0 横扫,是
CS2,CCT Europe Series #5 Group Stage,2026-07-24,cs2-btf-g2a-2026-07-24,Butterfly,G2 Ares,G2 Ares,2:1 打满,是
CS2,CCT South America Series 4 Playoffs,2026-07-23,cs2-isg-pdaf-2026-07-23,Isurus,Patins da Ferrari,Isurus,2:1 打满,是
CS2,CCT South America Series 4 Playoffs,2026-07-23,cs2-fx-paina-2026-07-23,Fluxo,Fluxo,Fluxo,2:0 横扫,是
CS2,CCT Europe Series #5 Group Stage,2026-07-23,cs2-cyb-benche-2026-07-23,CYBERSHOKE Prospects,Benched gods,Benched gods,2:1 打满,是
CS2,StarLadder StarSeries European Qualifier Group D,2026-07-24,cs2-ntr-echo-2026-07-24,ECHO,ECHO,ECHO,2:0 横扫,是
CS2,StarLadder StarSeries European Qualifier Group C,2026-07-24,cs2-m8-wal2-2026-07-24,Gentle Mates,Gentle Mates,Gentle Mates,2:0 横扫,否（无赛前价存档）
CS2,StarLadder StarSeries European Qualifier Group A,2026-07-24,cs2-nem-inf6-2026-07-24,Infinite,Team Nemesis,Infinite,2:1 打满,是
CS2,StarLadder StarSeries European Qualifier Group B,2026-07-24,cs2-ast10-hero-2026-07-24,Heroic,Heroic,Heroic,2:0 横扫,是
CS2,Thunderpick World Championship European Series #2 Group A,2026-07-25,cs2-sta6-for10-2026-07-25,STATE,STATE,STATE,2:0 横扫,是
CS2,Thunderpick World Championship European Series #2 Group D,2026-07-27,cs2-blackp-mis-2026-07-27,Black Phoenix,Misa Esports,Misa Esports,2:1 打满,是
CS2,Thunderpick World Championship European Series #2 Group D,2026-07-27,cs2-bbp-fal-2026-07-27,Bebop,Falcons Force,Falcons Force,2:1 打满,是
CS2,CCT South America Series 4 Playoffs,2026-07-24,cs2-bhe-odk-2026-07-24,ODDIK,Bounty Hunters Esports,ODDIK,2:1 打满,是
CS2,CCT Europe Closed Qualifier: Series #6 Group D,2026-07-24,cs2-meg1-rgg-2026-07-24,megoshort,RoundsGG,RoundsGG,2:1 打满,是
CS2,CCT Europe Closed Qualifier: Series #6 Group D,2026-07-24,cs2-pg5-mis-2026-07-24,Misa Esports,Misa Esports,Misa Esports,2:0 横扫,是
CS2,CCT Europe Closed Qualifier: Series #6 Group B,2026-07-25,cs2-enjoy-sawy-2026-07-25,ENJOY,SAW Youngsters,ENJOY,2:1 打满,是
CS2,Thunderpick World Championship European Series #2 Group B,2026-07-25,cs2-mana1-meg1-2026-07-25,megoshort,megoshort,megoshort,2:0 横扫,是
CS2,BLAST Bounty Qualifier,2026-07-25,cs2-dendel-faze-2026-07-25,FaZe,DENDELE CS,FaZe,2:1 打满,是
CS2,BLAST Bounty Qualifier,2026-07-25,cs2-tl1-g2-2026-07-25,Liquid,Liquid,Liquid,2:0 横扫,是
CS2,BLAST Bounty Qualifier,2026-07-25,cs2-hotu-ast10-2026-07-25,Astralis,HOTU,Astralis,2:1 打满,否（无赛前价存档）
CS2,BLAST Bounty Qualifier,2026-07-25,cs2-fokus-mouz-2026-07-25,MOUZ,MOUZ,MOUZ,2:0 横扫,是
CS2,BLAST Bounty Qualifier,2026-07-26,cs2-nip-pain-2026-07-26,paiN,paiN,paiN,2:0 横扫,是
CS2,BLAST Bounty Qualifier,2026-07-26,cs2-3dmax-fut-2026-07-26,3DMAX,3DMAX,3DMAX,2:0 横扫,是
CS2,BLAST Bounty Qualifier,2026-07-26,cs2-wc1-mglz-2026-07-26,TheMongolz,TheMongolz,TheMongolz,2:0 横扫,是
CS2,BLAST Bounty Qualifier,2026-07-26,cs2-100t-ts7-2026-07-26,Spirit,100 Thieves,Spirit,2:1 打满,是
CS2,StarLadder StarSeries European Qualifier Play-In,2026-07-25,cs2-hotu-inf6-2026-07-25,HOTU,HOTU,HOTU,2:0 横扫,是
CS2,StarLadder StarSeries European Qualifier Play-In,2026-07-25,cs2-aur1-echo-2026-07-25,Aurora Gaming,Aurora Gaming,Aurora Gaming,2:0 横扫,是
CS2,StarLadder StarSeries European Qualifier Play-In,2026-07-25,cs2-mgc-m8-2026-07-25,magic,magic,magic,2:0 横扫,是
CS2,StarLadder StarSeries European Qualifier Play-In,2026-07-25,cs2-nip-hero-2026-07-25,Heroic,NIP,NIP,2:1 打满,是
CS2,CCT South America Series 4 Playoffs,2026-07-25,cs2-uno-ldp-2026-07-25,largadosypelados,largadosypelados,largadosypelados,2:0 横扫,是
CS2,CCT South America Series 4 Playoffs,2026-07-25,cs2-chama-odk-2026-07-25,ODDIK,BORRACHEIROS,ODDIK,2:1 打满,是
CS2,CCT South America Series 4 Playoffs,2026-07-25,cs2-fx-keyd-2026-07-25,Fluxo,Fluxo,Fluxo,2:0 横扫,是
CS2,CCT South America Series 4 Playoffs,2026-07-25,cs2-isg-bsta-2026-07-25,Isurus,Isurus,Isurus,2:0 横扫,是
CS2,NODWIN Clutch Series Group Stage,2026-07-25,cs2-g2a-innerc-2026-07-25,Inner Circle Academy,G2 Ares,G2 Ares,2:1 打满,是
CS2,NODWIN Clutch Series Group Stage,2026-07-25,cs2-justpl-rustec-2026-07-25,ex-RUSTEC,ex-RUSTEC,ex-RUSTEC,2:0 横扫,是
CS2,StarLadder StarSeries South American Qualifier Playoffs,2026-07-28,cs2-bhe-ldp-2026-07-28,Bounty Hunters Esports,largadosypelados,largadosypelados,2:1 打满,是
CS2,NODWIN Clutch Series Group Stage,2026-07-25,cs2-g1-33-2026-07-25,GenOne,GenOne,GenOne,2:0 横扫,是
CS2,CCT Europe Closed Qualifier: Series #6 Group C,2026-07-25,cs2-benche-newvis-2026-07-25,NEW VISION,NEW VISION,NEW VISION,2:0 横扫,是
CS2,CCT Europe Series #5 Group Stage,2026-07-25,cs2-rustec-run2-2026-07-25,Rune Eaters,ex-RUSTEC,ex-RUSTEC,2:1 打满,是
CS2,CCT Europe Closed Qualifier: Series #6 Group D,2026-07-25,cs2-rgg-pg5-2026-07-25,RoundsGG,Privateer Gaming,Privateer Gaming,2:1 打满,是
CS2,CCT Europe Series #5 Group Stage,2026-07-26,cs2-sparta-benche-2026-07-26,Benched gods,SPARTA,SPARTA,2:1 打满,是
CS2,CCT Europe Series #5 Group Stage,2026-07-26,cs2-btf-sawy-2026-07-26,Butterfly,SAW Youngsters,Butterfly,2:1 打满,是
CS2,CCT Europe Series #5 Group Stage,2026-07-26,cs2-inox-g2a-2026-07-26,G2 Ares,INOX Division,INOX Division,2:1 打满,是
CS2,CCT Europe Series #5 Group Stage,2026-07-26,cs2-eac-atreid-2026-07-26,Esport Academy Copenhagen,Esport Academy Copenhagen,Esport Academy Copenhagen,2:0 横扫,是
CS2,NODWIN Clutch Series Group Stage,2026-07-26,cs2-ruby1-cyb-2026-07-26,CYBERSHOKE Prospects,ex-RUBY,CYBERSHOKE Prospects,2:1 打满,是
CS2,NODWIN Clutch Series Group Stage,2026-07-26,cs2-inox-pha-2026-07-26,INOX Division,Phantom,INOX Division,2:1 打满,是
CS2,NODWIN Clutch Series Group Stage,2026-07-26,cs2-sparta-atreid-2026-07-26,Atreides,Atreides,Atreides,2:0 横扫,是
CS2,NODWIN Clutch Series Group Stage,2026-07-26,cs2-lavked-btf-2026-07-26,Lavked,Butterfly,Lavked,2:1 打满,是
CS2,CCT Europe Contenders #7 Playoffs,2026-07-25,cs2-tsa-gribo4-2026-07-25,Spirit Academy,gribo4ki,Spirit Academy,2:1 打满,是
CS2,CCT Europe Contenders #7 Playoffs,2026-07-25,cs2-vpp-163-2026-07-25,163ON,VP.Prodigy,163ON,2:1 打满,是
CS2,CCT Europe Contenders #7 Playoffs,2026-07-26,cs2-aim1-sleepe-2026-07-26,aimclub,sleepers,aimclub,2:1 打满,是
CS2,CCT Europe Contenders #7 Playoffs,2026-07-26,cs2-agreat-mellre-2026-07-26,mellren,mellren,mellren,2:0 横扫,是
CS2,CCT Europe Contenders #7 Playoffs,2026-07-25,cs2-coph9k-bandac-2026-07-25,banda chuya,banda chuya,banda chuya,2:0 横扫,是
CS2,StarLadder StarSeries European Qualifier Play-In,2026-07-26,cs2-aur1-hotu-2026-07-26,Aurora Gaming,HOTU,Aurora Gaming,2:1 打满,是
CS2,Gamers Club Liga Série A Group D,2026-07-27,cs2-rush1-hat1-2026-07-27,Rush,HATERS,Rush,2:1 打满,是
CS2,Gamers Club Liga Série A Group D,2026-07-27,cs2-odk-paina-2026-07-27,ODDIK,paiN Academy,ODDIK,2:1 打满,是
CS2,Gamers Club Liga Série A Group A,2026-07-28,cs2-alkaa-quin-2026-07-28,QUINTESSÊNCIA,ALKA,QUINTESSÊNCIA,2:1 打满,是
CS2,StarLadder StarSeries European Qualifier Play-In,2026-07-26,cs2-mgc-nip-2026-07-26,magic,magic,magic,2:0 横扫,是
CS2,CCT South America Series 4 Playoffs,2026-07-26,cs2-ldp-odk-2026-07-26,largadosypelados,ODDIK,ODDIK,2:1 打满,是
CS2,CCT South America Series 4 Playoffs,2026-07-26,cs2-fx-isg-2026-07-26,Fluxo,Isurus,Isurus,2:1 打满,否（无赛前价存档）
CS2,CCT Europe Closed Qualifier: Series #6 Play-In,2026-07-26,cs2-qua1-newvis-2026-07-26,NEW VISION,NEW VISION,NEW VISION,2:0 横扫,是
CS2,CCT Europe Closed Qualifier: Series #6 Play-In,2026-07-26,cs2-hon1-pg5-2026-07-26,Honvéd,Honvéd,Honvéd,2:0 横扫,是
CS2,Thunderpick World Championship European Series #2 Group A,2026-07-26,cs2-for10-innerc-2026-07-26,Inner Circle Academy,Fortress,Fortress,2:1 打满,是
CS2,Thunderpick World Championship European Series #2 Group A,2026-07-26,cs2-sta6-lc-2026-07-26,Lazer Cats,Lazer Cats,Lazer Cats,2:0 横扫,是
CS2,Thunderpick World Championship European Series #2 Group B,2026-07-26,cs2-newvis-mana1-2026-07-26,ex-MANA eSports,ex-MANA eSports,ex-MANA eSports,2:0 横扫,是
CS2,CIS LAN Championship Group A,2026-07-27,cs2-arc4-tf4-2026-07-27,ARCRED,ARCRED,ARCRED,2:0 横扫,是
CS2,CIS LAN Championship Group B,2026-07-27,cs2-ts9-vp-2026-07-27,Virtus.pro,Virtus.pro,Virtus.pro,2:0 横扫,是
CS2,CIS LAN Championship Group B,2026-07-27,cs2-ww-bezneg-2026-07-27,WW Team,WW Team,WW Team,2:0 横扫,是
CS2,CIS LAN Championship Group C,2026-07-28,cs2-nemi1-k28-2026-07-28,Nemiga,Nemiga,Nemiga,2:0 横扫,是
CS2,CIS LAN Championship Group D,2026-07-28,cs2-tdk-baks-2026-07-28,BakS eSports,TDK,BakS eSports,2:1 打满,是
CS2,CIS LAN Championship Group D,2026-07-28,cs2-33-htx-2026-07-28,BET-M 33,BET-M 33,BET-M 33,2:0 横扫,是
CS2,CCT South America Series 4 Playoffs,2026-07-26,cs2-odk-isg-2026-07-26,ODDIK,Isurus,Isurus,2:1 打满,是
CS2,CCT Europe Series #5 Group Stage,2026-07-27,cs2-blackp-benche-2026-07-27,Benched gods,Black Phoenix,Black Phoenix,2:1 打满,是
CS2,CCT Europe Series #5 Group Stage,2026-07-27,cs2-run2-sawy-2026-07-27,Rune Eaters,Rune Eaters,Rune Eaters,2:0 横扫,是
CS2,CCT Europe Series #6 Group Stage,2026-07-27,cs2-justpl-youngn-2026-07-27,Just Players,ex-Young Ninjas,Just Players,2:1 打满,是
CS2,CCT Europe Series #6 Group Stage,2026-07-27,cs2-rustec-innerc-2026-07-27,Inner Circle Academy,Inner Circle Academy,Inner Circle Academy,2:0 横扫,是
CS2,NODWIN Clutch Series Group Stage,2026-07-27,cs2-inox-atreid-2026-07-27,INOX Division,INOX Division,INOX Division,2:0 横扫,是
CS2,NODWIN Clutch Series Group Stage,2026-07-27,cs2-ruby1-rustec-2026-07-27,ex-RUBY,ex-RUBY,ex-RUBY,2:0 横扫,是
CS2,CCT Europe Series #6 Group Stage,2026-07-27,cs2-sparta-hon1-2026-07-27,SPARTA,SPARTA,SPARTA,2:0 横扫,是
CS2,NODWIN Clutch Series Group Stage,2026-07-27,cs2-g1-sparta-2026-07-27,GenOne,SPARTA,GenOne,2:1 打满,是
CS2,NODWIN Clutch Series Group Stage,2026-07-27,cs2-justpl-innerc-2026-07-27,Just Players,Just Players,Just Players,2:0 横扫,是
CS2,CCT Europe Contenders #7 Playoffs,2026-07-27,cs2-aim1-mellre-2026-07-27,aimclub,mellren,aimclub,2:1 打满,是
CS2,CIS LAN Championship Group A,2026-07-27,cs2-cs1-arc4-2026-07-27,CYBERSHOKE Esports,ARCRED,ARCRED,2:1 打满,是
CS2,CIS LAN Championship Group A,2026-07-27,cs2-tf4-tc2-2026-07-27,Team flacons,Team flacons,Team flacons,2:0 横扫,是
CS2,CCT Europe Contenders #7 Playoffs,2026-07-27,cs2-vpp-coph9k-2026-07-27,VP.Prodigy,VP.Prodigy,VP.Prodigy,2:0 横扫,是
CS2,CCT Europe Series #5 Group Stage,2026-07-28,cs2-atreid-rustec-2026-07-28,Atreides,ex-RUSTEC,ex-RUSTEC,2:1 打满,是
CS2,CCT Europe Contenders #7 Playoffs,2026-07-28,cs2-sleepe-agreat-2026-07-28,sleepers,sleepers,sleepers,2:0 横扫,是
CS2,CCT Europe Contenders #7 Playoffs,2026-07-28,cs2-gs3-tsa-2026-07-28,Spirit Academy,Spirit Academy,Spirit Academy,2:0 横扫,是
CS2,CCT Europe Contenders #7 Playoffs,2026-07-28,cs2-auryb-ytigeres-2026-07-28,Young TigeRES,Young TigeRES,Young TigeRES,2:0 横扫,是
CS2,CIS LAN Championship Group A,2026-07-27,cs2-cs1-tf4-2026-07-27,CYBERSHOKE Esports,CYBERSHOKE Esports,CYBERSHOKE Esports,2:0 横扫,是
CS2,CCT Europe Series #6 Group Stage,2026-07-28,cs2-blackp-enjoy-2026-07-28,Black Phoenix,ENJOY,Black Phoenix,2:1 打满,是
CS2,CCT Europe Series #6 Group Stage,2026-07-28,cs2-run2-mana1-2026-07-28,Rune Eaters,Rune Eaters,Rune Eaters,2:0 横扫,是
CS2,CCT Europe Series #5 Group Stage,2026-07-28,cs2-btf-justpl-2026-07-28,Butterfly,Butterfly,Butterfly,2:0 横扫,是
CS2,CCT Europe Series #6 Group Stage,2026-07-28,cs2-g1-newvis-2026-07-28,NEW VISION,GenOne,NEW VISION,2:1 打满,是
CS2,NODWIN Clutch Series Group Stage,2026-07-28,cs2-33-hon1-2026-07-28,BET-M 33,BET-M 33,BET-M 33,2:0 横扫,是
CS2,NODWIN Clutch Series Group Stage,2026-07-28,cs2-btf-g2a-2026-07-28,Butterfly,Butterfly,Butterfly,2:0 横扫,是
CS2,NODWIN Clutch Series Group Stage,2026-07-28,cs2-cyb-lavked-2026-07-28,CYBERSHOKE Prospects,CYBERSHOKE Prospects,CYBERSHOKE Prospects,2:0 横扫,是
CS2,CIS LAN Championship Group B,2026-07-27,cs2-ts9-bezneg-2026-07-27,beznegativa,beznegativa,beznegativa,2:0 横扫,是
CS2,CIS LAN Championship Group B,2026-07-27,cs2-vp-ww-2026-07-27,Virtus.pro,WW Team,Virtus.pro,2:1 打满,是
CS2,Thunderpick World Championship European Series #2 Group C,2026-07-28,cs2-rustec-unity-2026-07-28,ex-RUSTEC,UNiTY esports,ex-RUSTEC,2:1 打满,是
CS2,Thunderpick World Championship European Series #2 Group A,2026-07-29,cs2-for10-sta6-2026-07-29,STATE,STATE,STATE,2:0 横扫,是
CS2,United21 Group A,2026-07-29,cs2-ttbs-wraith-2026-07-29,WRAITH PCIFIC,WRAITH PCIFIC,WRAITH PCIFIC,2:0 横扫,是
CS2,United21 Group A,2026-07-29,cs2-sng-ff-2026-07-29,Fire Flux Esports,Fire Flux Esports,Fire Flux Esports,2:0 横扫,是
CS2,United21 Group B,2026-07-30,cs2-eacris-efa-2026-07-30,Eternal Fire Academy,Eternal Fire Academy,Eternal Fire Academy,2:0 横扫,是
CS2,United21 Group B,2026-07-30,cs2-vpp-psna-2026-07-30,Passion Academy,VP.Prodigy,VP.Prodigy,2:1 打满,是
CS2,United21 Group C,2026-07-31,cs2-inf1-encep-2026-07-31,INFURITY Gaming,INFURITY Gaming,INFURITY Gaming,2:0 横扫,是
CS2,United21 Group D,2026-08-01,cs2-fazeun-vita-2026-08-01,FaZe Up Next,FaZe Up Next,FaZe Up Next,2:0 横扫,是
CS2,Urban Riga Open #6 Playoffs,2026-07-28,cs2-ast-navij1-2026-07-28,ASTRAL,ASTRAL,ASTRAL,2:0 横扫,是
CS2,Urban Riga Open #6 Playoffs,2026-07-28,cs2-noirve-mouzn-2026-07-28,MOUZ NXT,MOUZ NXT,MOUZ NXT,2:0 横扫,是
CS2,Thunderpick World Championship European Series #2 Group D,2026-07-28,cs2-blackp-bbp-2026-07-28,Bebop,Black Phoenix,Bebop,2:1 打满,是
CS2,Thunderpick World Championship European Series #2 Group D,2026-07-28,cs2-mis-fal-2026-07-28,Falcons Force,Falcons Force,Falcons Force,2:0 横扫,是
CS2,Gamers Club Liga Série A Group B,2026-07-28,cs2-reda-grmioe-2026-07-28,Grêmio Esports,RED Canids Academy,Grêmio Esports,2:1 打满,是
CS2,Stake Pulse Beat I Group D,2026-08-03,cs2-mzp-js1-2026-08-03,Metizport,Metizport,Metizport,2:0 横扫,是
CS2,CIS LAN Championship Group C,2026-07-28,cs2-lavked-nemi1-2026-07-28,Nemiga,Nemiga,Nemiga,2:0 横扫,是
CS2,CIS LAN Championship Group C,2026-07-28,cs2-k28-lavked-2026-07-28,Lavked,K28,K28,2:1 打满,是
CS2,Urban Riga Open #6 Playoffs,2026-07-28,cs2-brute-mouzn-2026-07-28,Brute,Brute,Brute,2:0 横扫,是
CS2,Urban Riga Open #6 Playoffs,2026-07-28,cs2-ast-brute-2026-07-28,Brute,ASTRAL,Brute,2:1 打满,是
CS2,CIS LAN Championship Group D,2026-07-28,cs2-htx-tdk-2026-07-28,TDK,TDK,TDK,2:0 横扫,是
CS2,CIS LAN Championship Group D,2026-07-28,cs2-tdk-33-2026-07-28,TDK,TDK,TDK,2:0 横扫,是
CS2,NODWIN Clutch Series Group Stage,2026-07-29,cs2-rustec-g2a-2026-07-29,ex-RUSTEC,ex-RUSTEC,ex-RUSTEC,2:0 横扫,是
CS2,NODWIN Clutch Series Group Stage,2026-07-29,cs2-ruby1-g1-2026-07-29,GenOne,ex-RUBY,GenOne,2:1 打满,是
CS2,Thunderpick World Championship European Series #2 Group D,2026-07-29,cs2-bbp-mis-2026-07-29,Bebop,Bebop,Bebop,2:0 横扫,是
CS2,CCT Europe Series #5 Group Stage,2026-07-29,cs2-atreid-run2-2026-07-29,Rune Eaters,Rune Eaters,Rune Eaters,2:0 横扫,是
CS2,CCT Europe Series #6 Group Stage,2026-07-29,cs2-rustec-youngn-2026-07-29,ex-Young Ninjas,ex-Young Ninjas,ex-Young Ninjas,2:0 横扫,是
CS2,CCT Europe Series #5 Group Stage,2026-07-29,cs2-justpl-g2a-2026-07-29,Just Players,Just Players,Just Players,2:0 横扫,是
CS2,StarLadder StarSeries South American Qualifier Playoffs,2026-07-29,cs2-mibr-ldp-2026-07-29,largadosypelados,MIBR,MIBR,2:1 打满,是
CS2,CCT Europe Series #6 Group Stage,2026-07-30,cs2-run2-unity-2026-07-30,UNiTY esports,Rune Eaters,Rune Eaters,2:1 打满,是
CS2,StarLadder StarSeries South American Qualifier Playoffs,2026-07-29,cs2-fxw7-bhe-2026-07-29,Fluxo W7M,Bounty Hunters Esports,Fluxo W7M,2:1 打满,是
CS2,NODWIN Clutch Series Group Stage,2026-07-30,cs2-sparta-justpl-2026-07-30,Just Players,SPARTA,Just Players,2:1 打满,是
CS2,CCT Europe Series #6 Group Stage,2026-07-30,cs2-sparta-newvis-2026-07-30,SPARTA,SPARTA,SPARTA,2:0 横扫,是
CS2,NODWIN Clutch Series Group Stage,2026-07-30,cs2-pha-lavked-2026-07-30,Phantom,Phantom,Phantom,2:0 横扫,是
CS2,CCT Europe Series #6 Group Stage,2026-07-30,cs2-justpl-innerc-2026-07-30,Just Players,Just Players,Just Players,2:0 横扫,是
CS2,CCT Europe Series #6 Group Stage,2026-07-29,cs2-g1-hon1-2026-07-29,GenOne,GenOne,GenOne,2:0 横扫,是
CS2,CCT Europe Contenders #7 Playoffs,2026-07-29,cs2-mellre-vpp-2026-07-29,mellren,VP.Prodigy,mellren,2:1 打满,是
CS2,CCT Europe Contenders #7 Playoffs,2026-07-29,cs2-auryb-gribo4-2026-07-29,gribo4ki,gribo4ki,gribo4ki,2:0 横扫,是
CS2,StarLadder StarSeries North American Qualifier Playoffs,2026-07-29,cs2-nrg-mars-2026-07-29,Marsborne,NRG,NRG,2:1 打满,是
CS2,StarLadder StarSeries North American Qualifier Playoffs,2026-07-29,cs2-iowast-lag-2026-07-29,LAG Gaming,LAG Gaming,LAG Gaming,2:0 横扫,是
CS2,CIS LAN Championship Playoffs,2026-07-29,cs2-arc4-ww-2026-07-29,WW Team,ARCRED,WW Team,2:1 打满,是
CS2,CIS LAN Championship Playoffs,2026-07-29,cs2-nemi1-tdk-2026-07-29,TDK,TDK,TDK,2:0 横扫,是
CS2,CIS LAN Championship Playoffs,2026-07-29,cs2-cs1-vp-2026-07-29,Virtus.pro,Virtus.pro,Virtus.pro,2:0 横扫,是
CS2,CIS LAN Championship Playoffs,2026-07-29,cs2-k28-baks-2026-07-29,BakS eSports,BakS eSports,BakS eSports,2:0 横扫,是
CS2,United21 Group C,2026-07-31,cs2-innerc2-sta6-2026-07-31,STATE,STATE,STATE,2:0 横扫,是
CS2,Stake Pulse Beat I Group B,2026-08-01,cs2-bca-tlr-2026-08-01,The Last Resort,Betclic Apogee Esports,Betclic Apogee Esports,2:1 打满,是
CS2,BLAST Bounty Playoffs,2026-07-30,cs2-pain-ast10-2026-07-30,paiN,Astralis,Astralis,2:1 打满,是
CS2,BLAST Bounty Playoffs,2026-07-30,cs2-faze-mglz-2026-07-30,FaZe,TheMongolz,FaZe,2:1 打满,是
CS2,BLAST Bounty Playoffs,2026-07-31,cs2-3dmax-mouz-2026-07-31,3DMAX,MOUZ,MOUZ,2:1 打满,是
CS2,BLAST Bounty Playoffs,2026-07-31,cs2-tl1-ts7-2026-07-31,Spirit,Spirit,Spirit,2:0 横扫,是
CS2,BetBoom Storm Group Stage,2026-08-03,cs2-isg-odka-2026-08-03,ODDIK Academy,Isurus,Isurus,2:1 打满,是
CS2,BetBoom Storm Group Stage,2026-08-03,cs2-keyd-chama-2026-08-03,BORRACHEIROS,Keyd,BORRACHEIROS,2:1 打满,是
CS2,BetBoom Storm Group Stage,2026-08-03,cs2-imp11-pcy-2026-08-03,Imperial,Imperial,Imperial,2:0 横扫,是
CS2,BetBoom Storm Group Stage,2026-08-03,cs2-grmioe-paina-2026-08-03,Grêmio Esports,paiN Academy,Grêmio Esports,2:1 打满,是
CS2,BetBoom Storm Group Stage,2026-08-04,cs2-uno-alkaa-2026-08-04,UNO MILLE,ALKA,ALKA,2:1 打满,否（无赛前价存档）
CS2,BetBoom Storm Group Stage,2026-08-04,cs2-gls1-meiano-2026-08-04,MEIA NOITE,Galorys,Galorys,2:1 打满,是
CS2,BetBoom Storm Group Stage,2026-08-04,cs2-bst-mw-2026-08-04,BESTIA,BESTIA,BESTIA,2:0 横扫,是
CS2,CCT Europe Series #5 Playoffs,2026-07-30,cs2-npg-inox-2026-07-30,Nordic Partners Gaming ,INOX Division,INOX Division,2:1 打满,是
CS2,Thunderpick World Championship European Series #2 Playoffs,2026-07-30,cs2-g1-rustec-2026-07-30,GenOne,GenOne,GenOne,2:0 横扫,是
CS2,CCT Europe Series #5 Playoffs,2026-07-30,cs2-wal2-rustec-2026-07-30,ex-RUSTEC,ex-RUSTEC,ex-RUSTEC,2:0 横扫,是
CS2,Thunderpick World Championship European Series #2 Playoffs,2026-07-30,cs2-wal2-bbp-2026-07-30,Walczaki,Walczaki,Walczaki,2:0 横扫,是
CS2,CIS LAN Championship Playoffs,2026-07-30,cs2-ww-tdk-2026-07-30,WW Team,WW Team,WW Team,2:0 横扫,是
CS2,CIS LAN Championship Playoffs,2026-07-30,cs2-vp-baks-2026-07-30,BakS eSports,Virtus.pro,Virtus.pro,2:1 打满,是
CS2,StarLadder StarSeries South American Qualifier Playoffs,2026-07-30,cs2-imp11-shin-2026-07-30,ShindeN,Imperial,ShindeN,2:1 打满,是
CS2,StarLadder StarSeries South American Qualifier Playoffs,2026-07-30,cs2-bst-gls1-2026-07-30,Galorys,BESTIA,BESTIA,2:1 打满,是
CS2,United21 Group A,2026-08-02,cs2-wraith-ff-2026-08-02,WRAITH PCIFIC,Fire Flux Esports,Fire Flux Esports,2:1 打满,是
CS2,CCT Europe Contenders #7 Playoffs,2026-07-30,cs2-sleepe-gribo4-2026-07-30,gribo4ki,sleepers,sleepers,2:1 打满,是
CS2,CCT Europe Contenders #7 Playoffs,2026-07-30,cs2-gs3-mellre-2026-07-30,mellren,mellren,mellren,2:0 横扫,是
CS2,CCT Europe Contenders #7 Playoffs,2026-07-30,cs2-aim1-tsa-2026-07-30,Spirit Academy,aimclub,aimclub,2:1 打满,是
CS2,CCT Europe Contenders #7 Playoffs,2026-07-30,cs2-ytigeres-bandac-2026-07-30,Young TigeRES,Young TigeRES,Young TigeRES,2:0 横扫,是
CS2,StarLadder StarSeries North American Qualifier Playoffs,2026-07-30,cs2-voc-spo-2026-07-30,SportsBetExpert,Voca,Voca,2:1 打满,是
CS2,StarLadder StarSeries North American Qualifier Playoffs,2026-07-30,cs2-regain-cce-2026-07-30,regain,regain,regain,2:0 横扫,是
CS2,CCT Europe Series #5 Playoffs,2026-07-31,cs2-inf6-sparta-2026-07-31,SPARTA,SPARTA,SPARTA,2:0 横扫,是
CS2,CCT Europe Series #5 Playoffs,2026-07-31,cs2-sin2-run2-2026-07-31,Sinners,Sinners,Sinners,2:0 横扫,是
CS2,CCT Europe Series #5 Playoffs,2026-07-31,cs2-k271-justpl-2026-07-31,Just Players,K27,Just Players,2:1 打满,是
CS2,CCT Europe Series #5 Playoffs,2026-07-31,cs2-jjh-blackp-2026-07-31,JiJieHao,Black Phoenix,Black Phoenix,2:1 打满,是
CS2,Thunderpick World Championship European Series #2 Playoffs,2026-07-31,cs2-inox-fal-2026-07-31,Falcons Force,INOX Division,INOX Division,2:1 打满,是
CS2,Thunderpick World Championship European Series #2 Playoffs,2026-07-31,cs2-cs1-sta6-2026-07-31,CYBERSHOKE Esports,CYBERSHOKE Esports,CYBERSHOKE Esports,2:0 横扫,是
CS2,CCT Europe Series #6 Group Stage,2026-07-31,cs2-rustec-mana1-2026-07-31,ex-RUSTEC,ex-RUSTEC,ex-RUSTEC,2:0 横扫,是
CS2,CCT Europe Series #6 Group Stage,2026-07-31,cs2-youngn-innerc-2026-07-31,Inner Circle Academy,ex-Young Ninjas,ex-Young Ninjas,2:1 打满,是
CS2,CCT Europe Series #6 Group Stage,2026-07-31,cs2-g1-enjoy-2026-07-31,GenOne,GenOne,GenOne,2:0 横扫,是
CS2,CCT Europe Series #6 Group Stage,2026-08-01,cs2-sparta-run2-2026-08-01,SPARTA,Rune Eaters,Rune Eaters,2:1 打满,是
CS2,CCT Europe Series #6 Group Stage,2026-08-01,cs2-blackp-justpl-2026-08-01,Black Phoenix,Black Phoenix,Black Phoenix,2:0 横扫,是
CS2,NODWIN Clutch Series Group Stage,2026-07-31,cs2-ruby1-lavked-2026-07-31,ex-RUBY,ex-RUBY,ex-RUBY,2:0 横扫,是
CS2,Thunderpick World Championship European Series #2 Playoffs,2026-07-31,cs2-lavked-meg1-2026-07-31,megoshort,megoshort,megoshort,2:0 横扫,是
CS2,Gamers Club Liga Série A Group D,2026-07-31,cs2-paina-rush1-2026-07-31,Rush,paiN Academy,Rush,2:1 打满,是
CS2,StarLadder StarSeries South American Qualifier Playoffs,2026-07-31,cs2-fxw7-imp11-2026-07-31,Imperial,Fluxo W7M,Fluxo W7M,2:1 打满,是
CS2,StarLadder StarSeries South American Qualifier Playoffs,2026-07-31,cs2-ldp-bst-2026-07-31,BESTIA,BESTIA,BESTIA,2:0 横扫,是
CS2,StarLadder StarSeries South American Qualifier Playoffs,2026-08-01,cs2-mibr-shin-2026-08-01,MIBR,MIBR,MIBR,2:0 横扫,否（无赛前价存档）
CS2,StarLadder StarSeries North American Qualifier Playoffs,2026-07-31,cs2-lag-spo-2026-07-31,SportsBetExpert,LAG Gaming,SportsBetExpert,2:1 打满,是
CS2,StarLadder StarSeries North American Qualifier Playoffs,2026-07-31,cs2-mars-regain-2026-07-31,Marsborne,Marsborne,Marsborne,2:0 横扫,否（无赛前价存档）
CS2,StarLadder StarSeries North American Qualifier Playoffs,2026-08-01,cs2-nrg-voc-2026-08-01,NRG,Voca,Voca,2:1 打满,是
CS2,CCT Europe Contenders #7 Playoffs,2026-07-31,cs2-tsa-sleepe-2026-07-31,Spirit Academy,Spirit Academy,Spirit Academy,2:0 横扫,是
CS2,CCT Europe Contenders #7 Playoffs,2026-07-31,cs2-bandac-mellre-2026-07-31,mellren,mellren,mellren,2:0 横扫,是
CS2,Thunderpick World Championship European Series #2 Playoffs,2026-08-01,cs2-g1-jjh-2026-08-01,JiJieHao,GenOne,GenOne,2:1 打满,是
CS2,Stake Pulse Beat I Group A,2026-07-31,cs2-hotu-g2a-2026-07-31,G2 Ares,G2 Ares,G2 Ares,2:0 横扫,是
CS2,Stake Pulse Beat I Group A,2026-07-31,cs2-xclan-eac-2026-07-31,Esport Academy Copenhagen,Esport Academy Copenhagen,Esport Academy Copenhagen,2:0 横扫,是
CS2,Stake Pulse Beat I Group A,2026-07-31,cs2-eac-hotu-2026-07-31,HOTU,Esport Academy Copenhagen,Esport Academy Copenhagen,2:1 打满,是
CS2,Winline Star Series Group B,2026-08-01,cs2-shokec-snailk1-2026-08-01,shoke Club,shoke Club,shoke Club,2:0 横扫,是
CS2,Winline Star Series Group A,2026-08-01,cs2-mokriv-perfec-2026-08-01,Perfecto Club,mokrivskiy Club,Perfecto Club,2:1 打满,是
CS2,Elisa BreakOut Series #1 Playoffs,2026-08-01,cs2-ence-havu-2026-08-01,ENCE,ENCE,ENCE,2:0 横扫,是
CS2,Elisa BreakOut Series #1 Playoffs,2026-08-01,cs2-sinqu-bcg-2026-08-01,BC.Game Esports,BC.Game Esports,BC.Game Esports,2:0 横扫,是
CS2,BLAST Bounty Playoffs,2026-08-01,cs2-faze-ts7-2026-08-01,Spirit,FaZe,Spirit,2:1 打满,是
CS2,Thunderpick World Championship European Series #2 Playoffs,2026-08-01,cs2-meg1-cs1-2026-08-01,CYBERSHOKE Esports,megoshort,CYBERSHOKE Esports,2:1 打满,是
CS2,BLAST Bounty Playoffs,2026-08-01,cs2-ast10-mouz-2026-08-01,Astralis,MOUZ,MOUZ,2:1 打满,是
CS2,Thunderpick World Championship European Series #2 Playoffs,2026-08-01,cs2-1win-inox-2026-08-01,INOX Division,1WIN,1WIN,2:1 打满,是
CS2,CCT Europe Series #5 Playoffs,2026-08-01,cs2-btf-blackp-2026-08-01,Black Phoenix,Butterfly,Black Phoenix,2:1 打满,是
CS2,CCT Europe Series #5 Playoffs,2026-08-01,cs2-inox-sin2-2026-08-01,INOX Division,Sinners,Sinners,2:1 打满,是
CS2,CCT Europe Series #5 Playoffs,2026-08-01,cs2-sashi-justpl-2026-08-01,Sashi Esport,Just Players,Sashi Esport,2:1 打满,是
CS2,CCT Europe Series #5 Playoffs,2026-08-01,cs2-rustec-sparta-2026-08-01,SPARTA,SPARTA,SPARTA,2:0 横扫,是
CS2,Thunderpick World Championship European Series #2 Playoffs,2026-08-01,cs2-wal2-lc-2026-08-01,Lazer Cats,Lazer Cats,Lazer Cats,2:0 横扫,否（无赛前价存档）
CS2,Gamers Club Liga Série A Group A,2026-08-01,cs2-alkaa-red7-2026-08-01,ALKA,ALKA,ALKA,2:0 横扫,是
CS2,CCT Europe Contenders #7 Playoffs,2026-08-01,cs2-mellre-tsa-2026-08-01,Spirit Academy,Spirit Academy,Spirit Academy,2:0 横扫,是
CS2,CCT Europe Contenders #7 Playoffs,2026-08-01,cs2-ytigeres-aim1-2026-08-01,Young TigeRES,aimclub,aimclub,2:1 打满,是
CS2,StarLadder StarSeries South American Qualifier Playoffs,2026-08-01,cs2-fxw7-bst-2026-08-01,BESTIA,BESTIA,BESTIA,2:0 横扫,是
CS2,Stake Pulse Beat I Group B,2026-08-01,cs2-tl1-bca-2026-08-01,Betclic Apogee Esports,Liquid,Liquid,2:1 打满,是
CS2,Elisa BreakOut Series #1 Playoffs,2026-08-01,cs2-ence-bcg-2026-08-01,BC.Game Esports,BC.Game Esports,BC.Game Esports,2:0 横扫,是
CS2,Stake Pulse Beat I Group B,2026-08-01,cs2-tlr-bca-2026-08-01,Betclic Apogee Esports,The Last Resort,Betclic Apogee Esports,2:1 打满,是
CS2,ESL Challenger League Europe Cup #2 Group A,2026-08-02,cs2-bmb-ff-2026-08-02,Fire Flux Esports,Fire Flux Esports,Fire Flux Esports,2:0 横扫,是
CS2,ESL Challenger League Europe Cup #2 Group D,2026-08-02,cs2-mouzn-wbt-2026-08-02,MOUZ NXT,WBT,WBT,2:1 打满,是
CS2,CCT Europe Contenders #7 Playoffs,2026-08-02,cs2-ytigeres-tsa-2026-08-02,Spirit Academy,Spirit Academy,Spirit Academy,2:0 横扫,是
CS2,CCT Europe Series #5 Playoffs,2026-08-02,cs2-sin2-sparta-2026-08-02,SPARTA,Sinners,Sinners,2:1 打满,是
CS2,CCT Europe Series #5 Playoffs,2026-08-02,cs2-sashi-blackp-2026-08-02,Sashi Esport,Black Phoenix,Sashi Esport,2:1 打满,是
CS2,United21 Group B,2026-08-03,cs2-eacris-psna-2026-08-03,EAC Rising,Passion Academy,EAC Rising,2:1 打满,是
CS2,United21 Group C,2026-08-04,cs2-inf1-sta6-2026-08-04,INFURITY Gaming,INFURITY Gaming,INFURITY Gaming,2:0 横扫,是
CS2,United21 Group C,2026-08-04,cs2-encep-innerc2-2026-08-04,ENCE Prospects,Inner Circle Prospect,Inner Circle Prospect,2:1 打满,是
CS2,United21 Group D,2026-08-05,cs2-dep5-fazeun-2026-08-05,FaZe Up Next,FaZe Up Next,FaZe Up Next,2:0 横扫,是
CS2,United21 Group D,2026-08-05,cs2-phanto-vita-2026-08-05, Phantom Academy, Phantom Academy, Phantom Academy,2:0 横扫,是
CS2,StarLadder StarSeries South American Qualifier Playoffs,2026-08-02,cs2-shin-bst-2026-08-02,BESTIA,BESTIA,BESTIA,2:0 横扫,是
CS2,CCT Europe Series #6 Group Stage,2026-08-02,cs2-innerc-newvis-2026-08-02,NEW VISION,NEW VISION,NEW VISION,2:0 横扫,是
CS2,CCT Europe Series #6 Group Stage,2026-08-02,cs2-rustec-hon1-2026-08-02,Honvéd,ex-RUSTEC,ex-RUSTEC,2:1 打满,是
CS2,Thunderpick World Championship European Series #2 Playoffs,2026-08-02,cs2-1win1-lc-2026-08-02,ex-1win,Lazer Cats,Lazer Cats,2:1 打满,是
CS2,Thunderpick World Championship European Series #2 Playoffs,2026-08-02,cs2-g1-cs1-2026-08-02,GenOne,GenOne,GenOne,2:0 横扫,是
CS2,StarLadder StarSeries North American Qualifier Playoffs,2026-08-02,cs2-nrg-spo-2026-08-02,NRG,NRG,NRG,2:0 横扫,是
CS2,ESL Challenger League Europe Cup #2 Group B,2026-08-02,cs2-innerc-mana1-2026-08-02,ex-MANA eSports,Inner Circle Academy,ex-MANA eSports,2:1 打满,是
CS2,Winline Star Series Group A,2026-08-02,cs2-buster1-morphi1-2026-08-02,Buster Club,Morphilina Club,Buster Club,2:1 打满,是
CS2,Winline Star Series Group B,2026-08-02,cs2-lixxxc-snailk1-2026-08-02,Lixxx Club,Lixxx Club,Lixxx Club,2:0 横扫,是
CS2,Winline Star Series Group A,2026-08-02,cs2-morphi1-mokriv-2026-08-02,mokrivskiy Club,Morphilina Club,mokrivskiy Club,2:1 打满,是
CS2,NODWIN Clutch Series Playoffs,2026-08-03,cs2-ww-cyb-2026-08-03,CYBERSHOKE Prospects,CYBERSHOKE Prospects,CYBERSHOKE Prospects,2:0 横扫,是
CS2,NODWIN Clutch Series Playoffs,2026-08-03,cs2-1win-ruby1-2026-08-03,1WIN,ex-RUBY,1WIN,2:1 打满,是
CS2,NODWIN Clutch Series Playoffs,2026-08-03,cs2-wal2-rustec-2026-08-03,ex-RUSTEC,ex-RUSTEC,ex-RUSTEC,2:0 横扫,是
CS2,NODWIN Clutch Series Playoffs,2026-08-04,cs2-ntr-justpl-2026-08-04,Nuclear TigeRES,Nuclear TigeRES,Nuclear TigeRES,2:0 横扫,是
CS2,NODWIN Clutch Series Playoffs,2026-08-04,cs2-sashi-pha-2026-08-04,Sashi Esport,Sashi Esport,Sashi Esport,2:0 横扫,是
CS2,Dfrag Open Series #6 Group A,2026-08-03,cs2-rstr-finish-2026-08-03,Rooster,Rooster,Rooster,2:0 横扫,是
CS2,NODWIN Clutch Series Playoffs,2026-08-04,cs2-nemi1-g1-2026-08-04,GenOne,GenOne,GenOne,2:0 横扫,是
CS2,Dfrag Open Series #6 Group A,2026-08-03,cs2-mf-fur-2026-08-03,Mindfreak,FURY,FURY,2:1 打满,是
CS2,CCT Europe Series #6 Group Stage,2026-08-03,cs2-sparta-youngn-2026-08-03,ex-Young Ninjas,SPARTA,SPARTA,2:1 打满,是
CS2,NODWIN Clutch Series Playoffs,2026-08-04,cs2-ef1-inox-2026-08-04,INOX Division,INOX Division,INOX Division,2:0 横扫,是
CS2,CCT Europe Series #6 Group Stage,2026-08-03,cs2-g1-unity-2026-08-03,GenOne,GenOne,GenOne,2:0 横扫,是
CS2,Dfrag Open Series #6 Group B,2026-08-05,cs2-gz1-timewa-2026-08-05,Ground Zero,Ground Zero,Ground Zero,2:0 横扫,是
CS2,Dfrag Open Series #6 Group B,2026-08-05,cs2-arc-abyssa-2026-08-05,Abyssal,Arcade Esports,Abyssal,2:1 打满,是
CS2,Stake Pulse Beat I Group C,2026-08-02,cs2-ace1-brute-2026-08-02,Acend,Brute,Acend,2:1 打满,是
CS2,Stake Pulse Beat I Group C,2026-08-02,cs2-6666-9ine-2026-08-02,9INE,9INE,9INE,2:0 横扫,是
CS2,ESL Challenger League Europe Cup #2 Group A,2026-08-02,cs2-bw-maitai-2026-08-02,Bushido Wildcats,Bushido Wildcats,Bushido Wildcats,2:0 横扫,是
CS2,ESL Challenger League Europe Cup #2 Group B,2026-08-02,cs2-leo2-vex1-2026-08-02,Leo Team,Leo Team,Leo Team,2:0 横扫,是
CS2,ESL Challenger League Europe Cup #2 Group C,2026-08-02,cs2-lk-noirve-2026-08-02,los kogutos,los kogutos,los kogutos,2:0 横扫,是
CS2,NODWIN Clutch Series Playoffs,2026-08-03,cs2-arc4-btf-2026-08-03,Butterfly,ARCRED,Butterfly,2:1 打满,是
CS2,United21 Group A,2026-08-06,cs2-wraith-ttbs-2026-08-06,WRAITH PCIFIC,Teletubisie,Teletubisie,2:1 打满,是
CS2,ESL Challenger League Europe Cup #2 Group A,2026-08-02,cs2-maitai-bmb-2026-08-02,BASEMENT BOYS,BASEMENT BOYS,BASEMENT BOYS,2:0 横扫,是
CS2,ESL Challenger League Europe Cup #2 Group A,2026-08-02,cs2-bw-ff-2026-08-02,Bushido Wildcats,Fire Flux Esports,Bushido Wildcats,2:1 打满,是
CS2,Thunderpick World Championship European Series #2 Playoffs,2026-08-02,cs2-lc-g1-2026-08-02,Lazer Cats,GenOne,GenOne,2:1 打满,是
CS2,ESL Challenger League Europe Cup #2 Group B,2026-08-02,cs2-vex1-innerc-2026-08-02,Inner Circle Academy,Vexar,Inner Circle Academy,2:1 打满,是
CS2,ESL Challenger League Europe Cup #2 Group C,2026-08-02,cs2-for10-lk-2026-08-02,los kogutos,los kogutos,los kogutos,2:0 横扫,是
CS2,ESL Challenger League Europe Cup #2 Group D,2026-08-02,cs2-mis-wbt-2026-08-02,WBT,WBT,WBT,2:0 横扫,是
CS2,CCT Europe Series #5 Playoffs,2026-08-02,cs2-sashi-sin2-2026-08-02,Sinners,Sashi Esport,Sashi Esport,2:1 打满,是
CS2,ESL Challenger League Europe Cup #2 Group B,2026-08-02,cs2-leo2-mana1-2026-08-02,ex-MANA eSports,ex-MANA eSports,ex-MANA eSports,2:0 横扫,是
CS2,CCT Europe Contenders #7 Playoffs,2026-08-02,cs2-aim1-tsa-2026-08-02,Spirit Academy,Spirit Academy,Spirit Academy,2:0 横扫,是
CS2,StarLadder StarSeries South American Qualifier Playoffs,2026-08-02,cs2-mibr-bst-2026-08-02,MIBR,MIBR,MIBR,2:0 横扫,是
CS2,ESL Challenger League Europe Cup #2 Group A,2026-08-03,cs2-bmb-ff-2026-08-03,BASEMENT BOYS,BASEMENT BOYS,BASEMENT BOYS,2:0 横扫,是
CS2,ESL Challenger League Europe Cup #2 Group B,2026-08-03,cs2-leo2-innerc-2026-08-03,Inner Circle Academy,Leo Team,Leo Team,2:1 打满,是
CS2,ESL Challenger League Europe Cup #2 Group C,2026-08-03,cs2-noirve-for10-2026-08-03,Noir Verse,Noir Verse,Noir Verse,2:0 横扫,是
CS2,ESL Challenger League Europe Cup #2 Group D,2026-08-03,cs2-mouzn-mis-2026-08-03,MOUZ NXT,Misa Esports,MOUZ NXT,2:1 打满,是
CS2,StarLadder StarSeries North American Qualifier Playoffs,2026-08-02,cs2-voc-nrg-2026-08-02,NRG,NRG,NRG,2:0 横扫,是
CS2,European Pro League Regular Group A,2026-08-03,cs2-b8acad-sta6-2026-08-03,B8 Academy,STATE,STATE,2:1 打满,是
CS2,European Pro League Regular Group A,2026-08-03,cs2-fazeun-3dmaxa-2026-08-03,FaZe Up Next,3DMAX Academy,FaZe Up Next,2:1 打满,是
CS2,Winline Star Series Group A,2026-08-03,cs2-recren-perfec-2026-08-03,Recrent Club,Perfecto Club,Perfecto Club,2:1 打满,是
CS2,Winline Star Series Group A,2026-08-03,cs2-perfec-morphi1-2026-08-03,Morphilina Club,Morphilina Club,Morphilina Club,2:0 横扫,是
CS2,Winline Star Series Group A,2026-08-03,cs2-buster1-mokriv-2026-08-03,mokrivskiy Club,mokrivskiy Club,mokrivskiy Club,2:0 横扫,是
CS2,Winline Star Series Group B,2026-08-03,cs2-lixxxc-worlde-2026-08-03,Lixxx Club,WorldEdit Club,WorldEdit Club,2:1 打满,是
CS2,Gamers Club Liga Série A Playoffs,2026-08-03,cs2-quin-bsta-2026-08-03,QUINTESSÊNCIA,QUINTESSÊNCIA,QUINTESSÊNCIA,2:0 横扫,是
CS2,Gamers Club Liga Série A Playoffs,2026-08-03,cs2-chama-alkaa-2026-08-03,ALKA,BORRACHEIROS,ALKA,2:1 打满,是
CS2,Gamers Club Liga Série A Playoffs,2026-08-04,cs2-grmioe-rush1-2026-08-04,Grêmio Esports,Grêmio Esports,Grêmio Esports,2:0 横扫,是
CS2,Gamers Club Liga Série A Playoffs,2026-08-04,cs2-odk-reda-2026-08-04,ODDIK,ODDIK,ODDIK,2:0 横扫,是
CS2,Stake Pulse Beat I Group D,2026-08-03,cs2-lilmix-js1-2026-08-03,Johnny Speeds,Johnny Speeds,Johnny Speeds,2:0 横扫,是
CS2,Stake Pulse Beat I Group D,2026-08-03,cs2-fnc-mzp-2026-08-03,Metizport,fnatic,fnatic,2:1 打满,是
CS2,Stake Pulse Beat I Group D,2026-08-03,cs2-js1-mzp-2026-08-03,Metizport,Johnny Speeds,Johnny Speeds,2:1 打满,是
CS2,ESL Challenger League Europe Cup #2 Playoffs,2026-08-03,cs2-bw-noirve-2026-08-03,Bushido Wildcats,Bushido Wildcats,Bushido Wildcats,2:0 横扫,是
CS2,ESL Challenger League Europe Cup #2 Playoffs,2026-08-03,cs2-lk-bmb-2026-08-03,BASEMENT BOYS,BASEMENT BOYS,BASEMENT BOYS,2:0 横扫,是
CS2,ESL Challenger League Europe Cup #2 Playoffs,2026-08-03,cs2-wbt-leo2-2026-08-03,WBT,Leo Team,Leo Team,2:1 打满,是
CS2,ESL Challenger League Europe Cup #2 Playoffs,2026-08-03,cs2-mana1-mouzn-2026-08-03,MOUZ NXT,ex-MANA eSports,ex-MANA eSports,2:1 打满,是
CS2,European Pro League Regular Group B,2026-08-04,cs2-psna-phanto-2026-08-04, Phantom Academy, Phantom Academy, Phantom Academy,2:0 横扫,是
CS2,European Pro League Regular Group C,2026-08-05,cs2-inf1-innerc2-2026-08-05,INFURITY Gaming,INFURITY Gaming,INFURITY Gaming,2:0 横扫,是
CS2,Dfrag Open Series #6 Group A,2026-08-04,cs2-rstr-fur-2026-08-04,Rooster,Rooster,Rooster,2:0 横扫,是
CS2,Dfrag Open Series #6 Group A,2026-08-04,cs2-finish-mf-2026-08-04,Mindfreak,Finishers,Mindfreak,2:1 打满,是
CS2,Winline Star Series Group B,2026-08-04,cs2-pch3lk1-snailk1-2026-08-04,PCH3LK1N Club,SNAILKICK Club,SNAILKICK Club,2:1 打满,是
CS2,Winline Star Series Group B,2026-08-04,cs2-pch3lk1-worlde-2026-08-04,PCH3LK1N Club,WorldEdit Club,WorldEdit Club,2:1 打满,是
CS2,Winline Star Series Group A,2026-08-04,cs2-buster1-recren-2026-08-04,Buster Club,Buster Club,Buster Club,2:0 横扫,是
CS2,Winline Star Series Group B,2026-08-04,cs2-shokec-worlde-2026-08-04,shoke Club,WorldEdit Club,WorldEdit Club,2:1 打满,是
CS2,Stake Pulse Beat I Playoffs,2026-08-04,cs2-g2a-js1-2026-08-04,Johnny Speeds,Johnny Speeds,Johnny Speeds,2:0 横扫,是
CS2,Stake Pulse Beat I Playoffs,2026-08-04,cs2-ace1-bca-2026-08-04,Betclic Apogee Esports,Betclic Apogee Esports,Betclic Apogee Esports,2:0 横扫,是
CS2,Stake Pulse Beat I Playoffs,2026-08-04,cs2-tl1-9ine-2026-08-04,Liquid,Liquid,Liquid,2:0 横扫,是
CS2,Stake Pulse Beat I Playoffs,2026-08-04,cs2-fnc-eac-2026-08-04,fnatic,fnatic,fnatic,2:0 横扫,是
CS2,CCT Europe Series #6 Group Stage,2026-08-04,cs2-rustec-newvis-2026-08-04,NEW VISION,ex-RUSTEC,ex-RUSTEC,2:1 打满,是
CS2,CCT Europe Series #6 Group Stage,2026-08-04,cs2-justpl-enjoy-2026-08-04,Just Players,Just Players,Just Players,2:0 横扫,是
CS2,CCT Europe Series #6 Group Stage,2026-08-04,cs2-unity-youngn-2026-08-04,UNiTY esports,UNiTY esports,UNiTY esports,2:0 横扫,是
CS2,ESL Challenger League Europe Cup #2 Playoffs,2026-08-04,cs2-bw-leo2-2026-08-04,Bushido Wildcats,Leo Team,Bushido Wildcats,2:1 打满,是
CS2,NODWIN Clutch Series Playoffs,2026-08-05,cs2-btf-rustec-2026-08-05,Butterfly,ex-RUSTEC,Butterfly,2:1 打满,是
CS2,European Pro League Regular Group B,2026-08-04,cs2-vpp-sinqur-2026-08-04,VP.Prodigy,VP.Prodigy,VP.Prodigy,2:0 横扫,是
CS2,ESL Challenger League Europe Cup #2 Playoffs,2026-08-04,cs2-bmb-mana1-2026-08-04,ex-MANA eSports,ex-MANA eSports,ex-MANA eSports,2:0 横扫,是
CS2,European Pro League Regular Group D,2026-08-06,cs2-vita-bw-2026-08-06,Bushido Wildcats,Vitality Academy,Vitality Academy,2:1 打满,是
CS2,Stake Pulse Beat I Playoffs,2026-08-05,cs2-js1-bca-2026-08-05,Betclic Apogee Esports,Betclic Apogee Esports,Betclic Apogee Esports,2:0 横扫,是
CS2,NODWIN Clutch Series Playoffs,2026-08-05,cs2-ntr-cyb-2026-08-05,Nuclear TigeRES,Nuclear TigeRES,Nuclear TigeRES,2:0 横扫,是
CS2,ESL Challenger League Europe Cup #2 Playoffs,2026-08-04,cs2-bmb-leo2-2026-08-04,BASEMENT BOYS,BASEMENT BOYS,BASEMENT BOYS,2:0 横扫,是
CS2,ESL Challenger League Europe Cup #2 Playoffs,2026-08-04,cs2-mana1-bw-2026-08-04,ex-MANA eSports,Bushido Wildcats,Bushido Wildcats,2:1 打满,是
CS2,Tipsport Cup Open #1 Group Stage,2026-08-05,cs2-gamers-esb-2026-08-05,eSuba,eSuba,eSuba,2:0 横扫,是
CS2,Tipsport Cup Open #1 Group Stage,2026-08-05,cs2-gamers-navij1-2026-08-05,GamersLab Esports,NAVI Junior,NAVI Junior,2:1 打满,是
CS2,Tipsport Cup Open #1 Group Stage,2026-08-05,cs2-jam1-esb-2026-08-05,JAM,JAM,JAM,2:0 横扫,是
CS2,Tipsport Cup Open #1 Group Stage,2026-08-05,cs2-gamers-jam1-2026-08-05,JAM,JAM,JAM,2:0 横扫,是
CS2,Tipsport Cup Open #1 Group Stage,2026-08-05,cs2-navij1-maybe-2026-08-05,NAVI Junior,NAVI Junior,NAVI Junior,2:0 横扫,是
CS2,Tipsport Cup Open #1 Group Stage,2026-08-05,cs2-maybe-esb-2026-08-05,maybe,eSuba,maybe,2:1 打满,是
CS2,NODWIN Clutch Series Playoffs,2026-08-05,cs2-sashi-g1-2026-08-05,Sashi Esport,GenOne,Sashi Esport,2:1 打满,是
CS2,Stake Pulse Beat I Playoffs,2026-08-05,cs2-tl1-fnc-2026-08-05,Liquid,Liquid,Liquid,2:0 横扫,是
CS2,NODWIN Clutch Series Playoffs,2026-08-05,cs2-1win-inox-2026-08-05,1WIN,INOX Division,1WIN,2:1 打满,是
CS2,CCT Europe Series #6 Playoffs,2026-08-05,cs2-arc4-justpl-2026-08-05,ARCRED,Just Players,Just Players,2:1 打满,是
CS2,CCT Europe Series #6 Playoffs,2026-08-05,cs2-btf-run2-2026-08-05,Butterfly,Butterfly,Butterfly,2:0 横扫,是
CS2,CCT Europe Series #6 Playoffs,2026-08-05,cs2-npg-g1-2026-08-05,GenOne,GenOne,GenOne,2:0 横扫,是
CS2,BetBoom Storm Group Stage,2026-08-05,cs2-uno-odka-2026-08-05,UNO MILLE,ODDIK Academy,UNO MILLE,2:1 打满,是
CS2,BetBoom Storm Group Stage,2026-08-05,cs2-imp11-alkaa-2026-08-05,Imperial,ALKA,Imperial,2:1 打满,是
CS2,BetBoom Storm Group Stage,2026-08-05,cs2-bst-grmioe-2026-08-05,BESTIA,BESTIA,BESTIA,2:0 横扫,是
CS2,Winline Star Series Group B,2026-08-05,cs2-lixxxc-pch3lk1-2026-08-05,Lixxx Club,Lixxx Club,Lixxx Club,2:0 横扫,是
CS2,Winline Star Series Group B,2026-08-05,cs2-lixxxc-shokec-2026-08-05,shoke Club,shoke Club,shoke Club,2:0 横扫,是
CS2,Winline Star Series Group A,2026-08-05,cs2-recren-mokriv-2026-08-05,mokrivskiy Club,Recrent Club,mokrivskiy Club,2:1 打满,是
CS2,Gamers Club Liga Série A Playoffs,2026-08-05,cs2-alkaa-grmioe-2026-08-05,Grêmio Esports,Grêmio Esports,Grêmio Esports,2:0 横扫,是
CS2,Gamers Club Liga Série A Playoffs,2026-08-05,cs2-quin-odk-2026-08-05,QUINTESSÊNCIA,ODDIK,QUINTESSÊNCIA,2:1 打满,是
CS2,Winline Star Series Group B,2026-08-05,cs2-pch3lk1-shokec-2026-08-05,shoke Club,shoke Club,shoke Club,2:0 横扫,是
CS2,Winline Star Series Group A,2026-08-05,cs2-recren-morphi1-2026-08-05,Recrent Club,Recrent Club,Recrent Club,2:0 横扫,是
CS2,BetBoom Storm Group Stage,2026-08-06,cs2-paina-meiano-2026-08-06,paiN Academy,MEIA NOITE,paiN Academy,2:1 打满,是
CS2,BetBoom Storm Group Stage,2026-08-06,cs2-yaw-isg-2026-08-06,Isurus,Yawara Esports,Yawara Esports,2:1 打满,是
CS2,BetBoom Storm Group Stage,2026-08-06,cs2-mw-pcy-2026-08-06,Procyon Gaming,METANOIA WOLVES,METANOIA WOLVES,2:1 打满,是
CS2,BetBoom Storm Group Stage,2026-08-06,cs2-gls1-chama-2026-08-06,Galorys,Galorys,Galorys,2:0 横扫,是
CS2,United21 Group C,2026-08-07,cs2-sta6-innerc2-2026-08-07,STATE,STATE,STATE,2:0 横扫,是
CS2,CCT Europe Series #6 Playoffs,2026-08-06,cs2-lavked-blackp-2026-08-06,Black Phoenix,Lavked,Black Phoenix,2:1 打满,是
CS2,CCT Europe Series #6 Playoffs,2026-08-06,cs2-33-sparta-2026-08-06,BET-M 33,SPARTA,BET-M 33,2:1 打满,是
CS2,CCT Europe Series #6 Playoffs,2026-08-06,cs2-wal2-unity-2026-08-06,Walczaki,Walczaki,Walczaki,2:0 横扫,是
CS2,CCT Europe Series #6 Playoffs,2026-08-06,cs2-ww-rustec-2026-08-06,ex-RUSTEC,ex-RUSTEC,ex-RUSTEC,2:0 横扫,是
CS2,European Pro League Regular Group A,2026-08-07,cs2-3dmaxa-b8acad-2026-08-07,B8 Academy,B8 Academy,B8 Academy,2:0 横扫,是
CS2,European Pro League Regular Group A,2026-08-07,cs2-fazeun-sta6-2026-08-07,STATE,FaZe Up Next,STATE,2:1 打满,是
CS2,Esports World Cup Open Qualifier Group 1,2026-08-07,cs2-kre1-ast-2026-08-07,ASTRAL,ASTRAL,ASTRAL,2:0 横扫,是
CS2,Esports World Cup Open Qualifier Group 2,2026-08-07,cs2-big5-ztf-2026-08-07,BIG,BIG,BIG,2:0 横扫,是
CS2,Esports World Cup Open Qualifier Group 2,2026-08-07,cs2-dusty-fxw7-2026-08-07,Fluxo W7M,Fluxo W7M,Fluxo W7M,2:0 横扫,是
CS2,Stake Pulse Beat I Playoffs,2026-08-05,cs2-bca-tl1-2026-08-05,Liquid,Betclic Apogee Esports,Betclic Apogee Esports,2:1 打满,是
CS2,Esports World Cup Open Qualifier Group 4,2026-08-07,cs2-hotu-gr2-2026-08-07,HOTU,HOTU,HOTU,2:0 横扫,是
CS2,Esports World Cup Open Qualifier Group 4,2026-08-07,cs2-g1-lfx-2026-08-07,GenOne,GenOne,GenOne,2:0 横扫,是
CS2,Esports World Cup Open Qualifier Group 3,2026-08-07,cs2-dendel-qc-2026-08-07,DENDELE CS,DENDELE CS,DENDELE CS,2:0 横扫,是
CS2,Esports World Cup Open Qualifier Group 5,2026-08-07,cs2-inf6-aog-2026-08-07,Infinite,Infinite,Infinite,2:0 横扫,是
CS2,Esports World Cup Open Qualifier Group 5,2026-08-07,cs2-gpn-bca-2026-08-07,Betclic Apogee Esports,Betclic Apogee Esports,Betclic Apogee Esports,2:0 横扫,是
CS2,Esports World Cup Open Qualifier Group 6,2026-08-07,cs2-1win-cit-2026-08-07,1WIN,1WIN,1WIN,2:0 横扫,否（无赛前价存档）
CS2,Esports World Cup Open Qualifier Group 7,2026-08-07,cs2-hero-rem-2026-08-07,Heroic,Heroic,Heroic,2:0 横扫,是
CS2,Esports World Cup Open Qualifier Group 7,2026-08-07,cs2-abt-9ine-2026-08-07,9INE,ABT Esports,9INE,2:1 打满,是
CS2,Esports World Cup Open Qualifier Group 8,2026-08-07,cs2-is-6666-2026-08-07,6666,Iberian Soul,6666,2:1 打满,是
CS2,Esports World Cup Open Qualifier Group 8,2026-08-07,cs2-fko-fnc-2026-08-07,fnatic,fnatic,fnatic,2:0 横扫,是
CS2,Esports World Cup Open Qualifier Group 9,2026-08-07,cs2-echo-pc1-2026-08-07,ECHO,ECHO,ECHO,2:0 横扫,是
CS2,Esports World Cup Open Qualifier Group 9,2026-08-07,cs2-vael-og1-2026-08-07,OG,OG,OG,2:0 横扫,是
CS2,Esports World Cup Open Qualifier Group 10,2026-08-07,cs2-eye-rev9-2026-08-07,EYEBALLERS,EYEBALLERS,EYEBALLERS,2:0 横扫,是
CS2,Esports World Cup Open Qualifier Group 11,2026-08-07,cs2-100t-sf2-2026-08-07,100 Thieves,100 Thieves,100 Thieves,2:0 横扫,是
CS2,Esports World Cup Open Qualifier Group 11,2026-08-07,cs2-nade-ef1-2026-08-07,Eternal Fire,NADE,NADE,2:1 打满,是
CS2,Esports World Cup Open Qualifier Group 12,2026-08-07,cs2-tl1-dha-2026-08-07,Liquid,Liquid,Liquid,2:0 横扫,是
CS2,Esports World Cup Open Qualifier Group 13,2026-08-07,cs2-ow-sashi-2026-08-07,Sashi Esport,Sashi Esport,Sashi Esport,2:0 横扫,是
CS2,Esports World Cup Open Qualifier Group 15,2026-08-07,cs2-k271-dt1-2026-08-07,K27,K27,K27,2:0 横扫,是
CS2,Esports World Cup Open Qualifier Group 15,2026-08-07,cs2-mgn-sin2-2026-08-07,Sinners,Sinners,Sinners,2:0 横扫,是
CS2,Esports World Cup Open Qualifier Group 16,2026-08-07,cs2-vp-sng2-2026-08-07,Virtus.pro,Virtus.pro,Virtus.pro,2:0 横扫,是
CS2,Esports World Cup Open Qualifier Group 16,2026-08-07,cs2-zes-jjh-2026-08-07,JiJieHao,JiJieHao,JiJieHao,2:0 横扫,是
CS2,Tipsport Cup Open #1 Group Stage,2026-08-06,cs2-esb-navij1-2026-08-06,eSuba,eSuba,eSuba,2:0 横扫,是
CS2,Tipsport Cup Open #1 Group Stage,2026-08-06,cs2-navij1-jam1-2026-08-06,JAM,JAM,JAM,2:0 横扫,是
CS2,Esports World Cup Open Qualifier Group 3,2026-08-07,cs2-saw2-eac-2026-08-07,SAW,SAW,SAW,2:0 横扫,是
CS2,Esports World Cup Open Qualifier Group 6,2026-08-07,cs2-bcg-bmb-2026-08-07,BC.Game Esports,BASEMENT BOYS,BC.Game Esports,2:1 打满,是
CS2,United21 Group D,2026-08-07,cs2-dep5-phanto-2026-08-07, Phantom Academy, Phantom Academy, Phantom Academy,2:0 横扫,是
CS2,NODWIN Clutch Series Playoffs,2026-08-06,cs2-sashi-ntr-2026-08-06,Nuclear TigeRES,Sashi Esport,Nuclear TigeRES,2:1 打满,是
CS2,Dfrag Open Series #6 Group B,2026-08-06,cs2-gz1-abyssa-2026-08-06,Ground Zero,Ground Zero,Ground Zero,2:0 横扫,是
CS2,Dfrag Open Series #6 Group B,2026-08-06,cs2-timewa-arc-2026-08-06,Arcade Esports,Time Waves,Arcade Esports,2:1 打满,是
CS2,Tipsport Cup Open #1 Group Stage,2026-08-06,cs2-maybe-jam1-2026-08-06,JAM,maybe,JAM,2:1 打满,是
CS2,Tipsport Cup Open #1 Group Stage,2026-08-06,cs2-gamers-maybe-2026-08-06,GamersLab Esports,GamersLab Esports,GamersLab Esports,2:0 横扫,是
CS2,Winline Star Series Group B,2026-08-06,cs2-snailk1-worlde-2026-08-06,SNAILKICK Club,SNAILKICK Club,SNAILKICK Club,2:0 横扫,是
CS2,Winline Star Series Group A,2026-08-06,cs2-buster1-perfec-2026-08-06,Perfecto Club,Buster Club,Buster Club,2:1 打满,是
CS2,European Pro League Regular Group D,2026-08-06,cs2-efa-eacris-2026-08-06,Eternal Fire Academy,Eternal Fire Academy,Eternal Fire Academy,2:0 横扫,是
CS2,Gamers Club Liga Série A Playoffs,2026-08-06,cs2-grmioe-quin-2026-08-06,QUINTESSÊNCIA,Grêmio Esports,Grêmio Esports,2:1 打满,是
CS2,European Pro League Regular Group B,2026-08-08,cs2-psna-sinqur-2026-08-08,SINQU Rehti,Passion Academy,Passion Academy,2:1 打满,是
CS2,European Pro League Regular Group B,2026-08-08,cs2-phanto-vpp-2026-08-08, Phantom Academy, Phantom Academy, Phantom Academy,2:0 横扫,是
CS2,CCT Europe Series #6 Playoffs,2026-08-07,cs2-cs1-g1-2026-08-07,CYBERSHOKE Esports,CYBERSHOKE Esports,CYBERSHOKE Esports,2:0 横扫,是
CS2,NODWIN Clutch Series Playoffs,2026-08-06,cs2-ntr-btf-2026-08-06,Nuclear TigeRES,Nuclear TigeRES,Nuclear TigeRES,2:0 横扫,是
CS2,Dfrag Open Series #6 Group A,2026-08-07,cs2-fur-mf-2026-08-07,Mindfreak,Mindfreak,Mindfreak,2:0 横扫,是
CS2,Dfrag Open Series #6 Group B,2026-08-07,cs2-abyssa-arc-2026-08-07,Abyssal,Abyssal,Abyssal,2:0 横扫,是
CS2,Tipsport Cup Open #1 Playoffs,2026-08-07,cs2-nxs1-gamers-2026-08-07,Nexus,Nexus,Nexus,2:0 横扫,是
CS2,Tipsport Cup Open #1 Playoffs,2026-08-07,cs2-jam1-lph-2026-08-07,JAM,JAM,JAM,2:0 横扫,是
CS2,Tipsport Cup Open #1 Playoffs,2026-08-07,cs2-unity-esb-2026-08-07,UNiTY esports,UNiTY esports,UNiTY esports,2:0 横扫,是
CS2,Tipsport Cup Open #1 Playoffs,2026-08-07,cs2-brute-navij1-2026-08-07,Brute,NAVI Junior,NAVI Junior,2:1 打满,是
CS2,CCT Europe Series #6 Playoffs,2026-08-07,cs2-justpl-btf-2026-08-07,Just Players,Butterfly,Butterfly,2:1 打满,是
CS2,Esports World Cup Open Qualifier Group 1,2026-08-07,cs2-ice-nio-2026-08-07,Inner Circle Esports,Inner Circle Esports,Inner Circle Esports,2:0 横扫,是
CS2,Winline Star Series Group B,2026-08-07,cs2-lixxxc-snailk1-2026-08-07,Lixxx Club,Lixxx Club,Lixxx Club,2:0 横扫,是
CS2,Winline Star Series Playoffs,2026-08-07,cs2-mokriv-worlde-2026-08-07,mokrivskiy Club,mokrivskiy Club,mokrivskiy Club,2:0 横扫,是
CS2,Esports World Cup Open Qualifier Group 10,2026-08-07,cs2-lone-pha-2026-08-07,Phantom,Phantom,Phantom,2:0 横扫,是
CS2,Esports World Cup Open Qualifier Group 12,2026-08-07,cs2-pre-mzp-2026-08-07,Metizport,Metizport,Metizport,2:0 横扫,是
CS2,Esports World Cup Open Qualifier Group 13,2026-08-07,cs2-fokus-par3-2026-08-07,FOKUS,FOKUS,FOKUS,2:0 横扫,是
CS2,Esports World Cup Open Qualifier Group 14,2026-08-07,cs2-ace1-van1-2026-08-07,Acend,Acend,Acend,2:0 横扫,是
CS2,Esports World Cup Open Qualifier Group 14,2026-08-07,cs2-shu1-nrg-2026-08-07,NRG,NRG,NRG,2:0 横扫,是
CS2,BetBoom Storm Group Stage,2026-08-07,cs2-grmioe-keyd-2026-08-07,Keyd,Keyd,Keyd,2:0 横扫,是
CS2,BetBoom Storm Group Stage,2026-08-07,cs2-bst-yaw-2026-08-07,Yawara Esports,Yawara Esports,Yawara Esports,2:0 横扫,是
CS2,BetBoom Storm Group Stage,2026-08-07,cs2-imp11-gls1-2026-08-07,Galorys,Imperial,Imperial,2:1 打满,是
CS2,BetBoom Storm Group Stage,2026-08-08,cs2-pcy-odka-2026-08-08,Procyon Gaming,Procyon Gaming,Procyon Gaming,2:0 横扫,是
CS2,BetBoom Storm Group Stage,2026-08-08,cs2-chama-uno-2026-08-08,BORRACHEIROS,UNO MILLE,BORRACHEIROS,2:1 打满,是
CS2,BetBoom Storm Group Stage,2026-08-08,cs2-alkaa-paina-2026-08-08,ALKA,ALKA,ALKA,2:0 横扫,是
CS2,Esports World Cup Open Qualifier Group 4,2026-08-07,cs2-hotu-g1-2026-08-07,HOTU,HOTU,HOTU,2:0 横扫,是
CS2,Esports World Cup Open Qualifier Group 4,2026-08-07,cs2-gr2-lfx-2026-08-07,Galactik rebels,Galactik rebels,Galactik rebels,2:0 横扫,是
CS2,Esports World Cup Open Qualifier Group 1,2026-08-07,cs2-ice-ast-2026-08-07,Inner Circle Esports,Inner Circle Esports,Inner Circle Esports,2:0 横扫,否（无赛前价存档）
CS2,Esports World Cup Open Qualifier Group 1,2026-08-07,cs2-nio-kre1-2026-08-07,Kreazion,NIO,Kreazion,2:1 打满,是
CS2,Esports World Cup Open Qualifier Group 2,2026-08-07,cs2-big5-fxw7-2026-08-07,BIG,BIG,BIG,2:0 横扫,是
CS2,Esports World Cup Open Qualifier Group 2,2026-08-07,cs2-ztf-dusty-2026-08-07,DUSTY,DUSTY,DUSTY,2:0 横扫,是
CS2,Esports World Cup Open Qualifier Group 5,2026-08-07,cs2-inf6-bca-2026-08-07,Betclic Apogee Esports,Betclic Apogee Esports,Betclic Apogee Esports,2:0 横扫,是
CS2,Esports World Cup Open Qualifier Group 5,2026-08-07,cs2-aog-gpn-2026-08-07,Giant Pandas,Aogiri,Giant Pandas,2:1 打满,是
CS2,Esports World Cup Open Qualifier Group 3,2026-08-07,cs2-dendel-saw2-2026-08-07,DENDELE CS,DENDELE CS,DENDELE CS,2:0 横扫,是
CS2,Esports World Cup Open Qualifier Group 3,2026-08-07,cs2-qc-eac-2026-08-07,Esport Academy Copenhagen,Esport Academy Copenhagen,Esport Academy Copenhagen,2:0 横扫,是
CS2,Esports World Cup Open Qualifier Group 6,2026-08-07,cs2-1win-bcg-2026-08-07,BC.Game Esports,BC.Game Esports,BC.Game Esports,2:0 横扫,是
CS2,Esports World Cup Open Qualifier Group 6,2026-08-07,cs2-cit-bmb-2026-08-07,BASEMENT BOYS,BASEMENT BOYS,BASEMENT BOYS,2:0 横扫,是
CS2,Esports World Cup Open Qualifier Group 7,2026-08-07,cs2-hero-9ine-2026-08-07,9INE,Heroic,Heroic,2:1 打满,是
CS2,Esports World Cup Open Qualifier Group 7,2026-08-07,cs2-rem-abt-2026-08-07,ABT Esports,ABT Esports,ABT Esports,2:0 横扫,是
CS2,Esports World Cup Open Qualifier Group 8,2026-08-07,cs2-6666-fnc-2026-08-07,fnatic,fnatic,fnatic,2:0 横扫,否（无赛前价存档）
CS2,Esports World Cup Open Qualifier Group 8,2026-08-07,cs2-is-fko-2026-08-07,Iberian Soul,Iberian Soul,Iberian Soul,2:0 横扫,是
CS2,Tipsport Cup Open #1 Playoffs,2026-08-07,cs2-nxs1-jam1-2026-08-07,JAM,JAM,JAM,2:0 横扫,是
CS2,Tipsport Cup Open #1 Playoffs,2026-08-08,cs2-gamers-lph-2026-08-08,LPH Gaming,LPH Gaming,LPH Gaming,2:0 横扫,是
CS2,Esports World Cup Open Qualifier Group 3,2026-08-08,cs2-saw2-eac-2026-08-08,SAW,SAW,SAW,2:0 横扫,是
CS2,Esports World Cup Open Qualifier Group 6,2026-08-08,cs2-1win-bmb-2026-08-08,1WIN,1WIN,1WIN,2:0 横扫,是
CS2,Esports World Cup Open Qualifier Group 8,2026-08-08,cs2-6666-is-2026-08-08,6666,Iberian Soul,Iberian Soul,2:1 打满,是
CS2,Tipsport Cup Open #1 Playoffs,2026-08-07,cs2-unity-navij1-2026-08-07,UNiTY esports,UNiTY esports,UNiTY esports,2:0 横扫,是
CS2,Esports World Cup Open Qualifier Group 10,2026-08-08,cs2-eye-pha-2026-08-08,EYEBALLERS,Phantom,EYEBALLERS,2:1 打满,是
CS2,Esports World Cup Open Qualifier Group 12,2026-08-08,cs2-tl1-mzp-2026-08-08,Liquid,Liquid,Liquid,2:0 横扫,是
CS2,Esports World Cup Open Qualifier Group 14,2026-08-08,cs2-ace1-nrg-2026-08-08,NRG,Acend,NRG,2:1 打满,是
CS2,Esports World Cup Open Qualifier Group 15,2026-08-08,cs2-k271-sin2-2026-08-08,K27,K27,K27,2:0 横扫,是
CS2,Esports World Cup Open Qualifier Group 15,2026-08-08,cs2-dt1-mgn-2026-08-08,Dark Tigre,Dark Tigre,Dark Tigre,2:0 横扫,是
CS2,Esports World Cup Open Qualifier Group 16,2026-08-08,cs2-jjh-vp-2026-08-08,Virtus.pro,Virtus.pro,Virtus.pro,2:0 横扫,是
CS2,Esports World Cup Open Qualifier Group 2,2026-08-08,cs2-fxw7-dusty-2026-08-08,Fluxo W7M,Fluxo W7M,Fluxo W7M,2:0 横扫,是
CS2,Esports World Cup Open Qualifier Group 4,2026-08-08,cs2-g1-gr2-2026-08-08,GenOne,GenOne,GenOne,2:0 横扫,是
CS2,Esports World Cup Open Qualifier Group 7,2026-08-08,cs2-9ine-abt-2026-08-08,9INE,9INE,9INE,2:0 横扫,是
CS2,Esports World Cup Open Qualifier Group 13,2026-08-08,cs2-sashi-fokus-2026-08-08,FOKUS,FOKUS,FOKUS,2:0 横扫,是
CS2,Esports World Cup Open Qualifier Group 9,2026-08-08,cs2-echo-og1-2026-08-08,ECHO,OG,ECHO,2:1 打满,是
CS2,Esports World Cup Open Qualifier Group 11,2026-08-08,cs2-100t-nade-2026-08-08,100 Thieves,100 Thieves,100 Thieves,2:0 横扫,是
CS2,Esports World Cup Open Qualifier Group 12,2026-08-08,cs2-dha-pre-2026-08-08,Prestige,Prestige,Prestige,2:0 横扫,是
CS2,Esports World Cup Open Qualifier Group 13,2026-08-08,cs2-ow-par3-2026-08-08,Partizan Esport,Partizan Esport,Partizan Esport,2:0 横扫,是
CS2,Esports World Cup Open Qualifier Group 16,2026-08-08,cs2-sng2-zes-2026-08-08,Sangal,Sangal,Sangal,2:0 横扫,是
CS2,CCT Europe Series #6 Playoffs,2026-08-08,cs2-btf-33-2026-08-08,BET-M 33,Butterfly,Butterfly,2:1 打满,是
CS2,CCT Europe Series #6 Playoffs,2026-08-08,cs2-blackp-cs1-2026-08-08,Black Phoenix,CYBERSHOKE Esports,CYBERSHOKE Esports,2:1 打满,是
CS2,Tipsport Cup Open #1 Playoffs,2026-08-08,cs2-esb-brute-2026-08-08,Brute,Brute,Brute,2:0 横扫,是
CS2,Tipsport Cup Open #1 Playoffs,2026-08-08,cs2-jam1-unity-2026-08-08,JAM,JAM,JAM,2:0 横扫,是
CS2,Winline Star Series Playoffs,2026-08-08,cs2-shokec-perfec-2026-08-08,Perfecto Club,shoke Club,Perfecto Club,2:1 打满,是
CS2,Winline Star Series Playoffs,2026-08-08,cs2-mokriv-buster1-2026-08-08,Buster Club,mokrivskiy Club,Buster Club,2:1 打满,是
CS2,United21 Playoffs,2026-08-08,cs2-ff-phanto-2026-08-08,Fire Flux Esports, Phantom Academy,Fire Flux Esports,2:1 打满,是
CS2,United21 Playoffs,2026-08-08,cs2-vpp-sta6-2026-08-08,STATE,STATE,STATE,2:0 横扫,是
CS2,Esports World Cup Open Qualifier Group 9,2026-08-08,cs2-pc1-vael-2026-08-08,Vael,Vael,Vael,2:0 横扫,是
CS2,Esports World Cup Open Qualifier Group 14,2026-08-08,cs2-van1-shu1-2026-08-08,Spirit HU,Spirit HU,Spirit HU,2:0 横扫,是
CS2,Esports World Cup Open Qualifier Group 10,2026-08-08,cs2-rev9-lone-2026-08-08,levelONE,levelONE,levelONE,2:0 横扫,是
CS2,Esports World Cup Open Qualifier Group 11,2026-08-08,cs2-ef1-nade-2026-08-08,Eternal Fire,Eternal Fire,Eternal Fire,2:0 横扫,是
CS2,Esports World Cup Open Qualifier Group 15,2026-08-08,cs2-dt1-sin2-2026-08-08,Sinners,Sinners,Sinners,2:0 横扫,是
CS2,Esports World Cup Open Qualifier Group 12,2026-08-08,cs2-pre-mzp-2026-08-08,Metizport,Prestige,Prestige,2:1 打满,是
CS2,Esports World Cup Open Qualifier Group 16,2026-08-08,cs2-sng2-jjh-2026-08-08,Sangal,JiJieHao,JiJieHao,2:1 打满,是
CS2,Esports World Cup Open Qualifier Group 13,2026-08-08,cs2-par3-sashi-2026-08-08,Sashi Esport,Sashi Esport,Sashi Esport,2:0 横扫,是
CS2,Esports World Cup Open Qualifier Group 14,2026-08-08,cs2-shu1-ace1-2026-08-08,Acend,Acend,Acend,2:0 横扫,是
CS2,Esports World Cup Open Qualifier Group 9,2026-08-08,cs2-vael-og1-2026-08-08,OG,OG,OG,2:0 横扫,是
CS2,Esports World Cup Open Qualifier Group 10,2026-08-08,cs2-lone-pha-2026-08-08,Phantom,Phantom,Phantom,2:0 横扫,是
CS2,Tipsport Cup Open #1 Playoffs,2026-08-08,cs2-navij1-lph-2026-08-08,LPH Gaming,LPH Gaming,LPH Gaming,2:0 横扫,是
CS2,Tipsport Cup Open #1 Playoffs,2026-08-08,cs2-nxs1-brute-2026-08-08,Nexus,Nexus,Nexus,2:0 横扫,是
CS2,Tipsport Cup Open #1 Playoffs,2026-08-08,cs2-lph-nxs1-2026-08-08,Nexus,Nexus,Nexus,2:0 横扫,是
CS2,Winline Star Series Playoffs,2026-08-08,cs2-perfec-lixxxc-2026-08-08,Perfecto Club,Perfecto Club,Perfecto Club,2:0 横扫,是
CS2,CCT Europe Series #6 Playoffs,2026-08-08,cs2-btf-cs1-2026-08-08,Butterfly,CYBERSHOKE Esports,CYBERSHOKE Esports,2:1 打满,是
