game,league,date,slug,g1_winner,g2_winner,series_winner,struct,prematch_price_available
DOTA,EPL World Series Southeast Asia Group Stage,2026-03-03,dota2-ivo-iac-2026-03-03,InterActive Philippines,Ivory,Ivory,2:1 打满,否（无赛前价存档）
DOTA,European Pro League Group A,2026-03-04,dota2-lixoes-navij-2026-03-04,LiXO eSports,LiXO eSports,LiXO eSports,2:0 横扫,否（无赛前价存档）
DOTA,European Pro League Group A,2026-03-04,dota2-lynx-vpp-2026-03-04,VP.Prodigy,VP.Prodigy,VP.Prodigy,2:0 横扫,否（无赛前价存档）
DOTA,European Pro League Group B,2026-03-04,dota2-dgs-lvlup1-2026-03-04,Level UP,Level UP,Level UP,2:0 横扫,否（无赛前价存档）
DOTA,EPL World Series Southeast Asia Group Stage,2026-03-04,dota2-yg-ivo-2026-03-04,Yangon Galacticos,Ivory,,2:1 打满,否（无赛前价存档）
DOTA,PGL Wallachia Group Stage,2026-03-07,dota2-og-vg-2026-03-07,Vici Gaming,OG,Vici Gaming,2:1 打满,否（无赛前价存档）
DOTA,PGL Wallachia Group Stage,2026-03-07,dota2-xtreme-ts8-2026-03-07,Team Spirit,Xtreme Gaming,Team Spirit,2:1 打满,否（无赛前价存档）
DOTA,PGL Wallachia Group Stage,2026-03-07,dota2-aur1-mouz-2026-03-07,Aurora,Aurora,Aurora,2:0 横扫,否（无赛前价存档）
DOTA,PGL Wallachia Group Stage,2026-03-07,dota2-pari-yes-2026-03-07,PARIVISION,PARIVISION,PARIVISION,2:0 横扫,否（无赛前价存档）
DOTA,PGL Wallachia Group Stage,2026-03-07,dota2-liquid-bb4-2026-03-07,BetBoom Team,Team Liquid,Team Liquid,2:1 打满,否（无赛前价存档）
DOTA,PGL Wallachia Group Stage,2026-03-07,dota2-flc-nem-2026-03-07,Team Falcons,Team Falcons,Team Falcons,2:0 横扫,否（无赛前价存档）
DOTA,PGL Wallachia Group Stage,2026-03-07,dota2-ty-heroic-2026-03-07,Heroic,Heroic,Heroic,2:0 横扫,否（无赛前价存档）
DOTA,PGL Wallachia Group Stage,2026-03-07,dota2-tundra-navi-2026-03-07,Tundra Esports,Natus Vincere,Natus Vincere,2:1 打满,否（无赛前价存档）
DOTA,EPL World Series Southeast Asia Group Stage,2026-03-05,dota2-clo-iac-2026-03-05,InterActive Philippines,Cloud Rising,InterActive Philippines,2:1 打满,否（无赛前价存档）
DOTA,EPL World Series Southeast Asia Group Stage,2026-03-06,dota2-yg-clo-2026-03-06,Yangon Galacticos,Yangon Galacticos,Yangon Galacticos,2:0 横扫,否（无赛前价存档）
DOTA,PGL Wallachia Group Stage,2026-03-08,dota2-og-bb4-2026-03-08,BetBoom Team,BetBoom Team,BetBoom Team,2:0 横扫,否（无赛前价存档）
DOTA,PGL Wallachia Group Stage,2026-03-08,dota2-liquid-vg-2026-03-08,Team Liquid,Team Liquid,Team Liquid,2:0 横扫,否（无赛前价存档）
DOTA,PGL Wallachia Group Stage,2026-03-08,dota2-aur1-heroic-2026-03-08,Heroic,Aurora,Heroic,2:1 打满,否（无赛前价存档）
DOTA,PGL Wallachia Group Stage,2026-03-08,dota2-xtreme-nem-2026-03-08,Xtreme Gaming,Team Nemesis,Xtreme Gaming,2:1 打满,否（无赛前价存档）
DOTA,PGL Wallachia Group Stage,2026-03-08,dota2-pari-navi-2026-03-08,PARIVISION,PARIVISION,PARIVISION,2:0 横扫,否（无赛前价存档）
DOTA,PGL Wallachia Group Stage,2026-03-08,dota2-tundra-yes-2026-03-08,Tundra Esports,Tundra Esports,Tundra Esports,2:0 横扫,否（无赛前价存档）
DOTA,PGL Wallachia Group Stage,2026-03-08,dota2-flc-ts8-2026-03-08,Team Spirit,Team Falcons,Team Spirit,2:1 打满,否（无赛前价存档）
DOTA,PGL Wallachia Group Stage,2026-03-08,dota2-ty-mouz-2026-03-08,MOUZ,Team Yandex,Team Yandex,2:1 打满,否（无赛前价存档）
DOTA,PGL Wallachia Group Stage,2026-03-09,dota2-aur1-tundra-2026-03-09,Aurora,Tundra Esports,Aurora,2:1 打满,否（无赛前价存档）
DOTA,PGL Wallachia Group Stage,2026-03-09,dota2-navi-vg-2026-03-09,Natus Vincere,Vici Gaming,Natus Vincere,2:1 打满,否（无赛前价存档）
DOTA,PGL Wallachia Group Stage,2026-03-09,dota2-ty-flc-2026-03-09,Team Yandex,Team Yandex,Team Yandex,2:0 横扫,否（无赛前价存档）
DOTA,PGL Wallachia Group Stage,2026-03-09,dota2-yes-nem-2026-03-09,Yellow Submarine,Yellow Submarine,Yellow Submarine,2:0 横扫,否（无赛前价存档）
DOTA,PGL Wallachia Group Stage,2026-03-09,dota2-liquid-pari-2026-03-09,Team Liquid,Team Liquid,Team Liquid,2:0 横扫,否（无赛前价存档）
DOTA,PGL Wallachia Group Stage,2026-03-09,dota2-og-mouz-2026-03-09,OG,MOUZ,OG,2:1 打满,否（无赛前价存档）
DOTA,PGL Wallachia Group Stage,2026-03-09,dota2-xtreme-bb4-2026-03-09,Xtreme Gaming,BetBoom Team,Xtreme Gaming,2:1 打满,否（无赛前价存档）
DOTA,PGL Wallachia Group Stage,2026-03-09,dota2-ts8-heroic-2026-03-09,Heroic,Team Spirit,Team Spirit,2:1 打满,否（无赛前价存档）
DOTA,PGL Wallachia Group Stage,2026-03-10,dota2-pari-ty-2026-03-10,PARIVISION,Team Yandex,Team Yandex,2:1 打满,否（无赛前价存档）
DOTA,PGL Wallachia Group Stage,2026-03-10,dota2-bb4-yes-2026-03-10,BetBoom Team,BetBoom Team,BetBoom Team,2:0 横扫,否（无赛前价存档）
DOTA,PGL Wallachia Group Stage,2026-03-10,dota2-xtreme-aur1-2026-03-10,Aurora,Xtreme Gaming,Aurora,2:1 打满,否（无赛前价存档）
DOTA,PGL Wallachia Group Stage,2026-03-10,dota2-vg-flc-2026-03-10,Team Falcons,Vici Gaming,Vici Gaming,2:1 打满,否（无赛前价存档）
DOTA,PGL Wallachia Group Stage,2026-03-10,dota2-heroic-navi-2026-03-10,Heroic,Natus Vincere,Heroic,2:1 打满,否（无赛前价存档）
DOTA,PGL Wallachia Group Stage,2026-03-10,dota2-tundra-og-2026-03-10,OG,Tundra Esports,Tundra Esports,2:1 打满,否（无赛前价存档）
DOTA,CCT Group A,2026-03-12,dota2-l1ga-spirit1-2026-03-12,L1ga Team,L1ga Team,L1ga Team,2:0 横扫,否（无赛前价存档）
DOTA,CCT Group B,2026-03-12,dota2-ic-shpili-2026-03-12,Team Shpilit,Inner Circle,Team Shpilit,2:1 打满,否（无赛前价存档）
DOTA,CCT Group B,2026-03-12,dota2-lynx-vpp-2026-03-12,VP.Prodigy,Team Lynx,Team Lynx,2:1 打满,否（无赛前价存档）
DOTA,CCT Group A,2026-03-12,dota2-avl-navij-2026-03-12,AVULUS,AVULUS,AVULUS,2:0 横扫,否（无赛前价存档）
DOTA,PGL Wallachia Group Stage,2026-03-11,dota2-xtreme-vg-2026-03-11,Vici Gaming,Xtreme Gaming,Vici Gaming,2:1 打满,否（无赛前价存档）
DOTA,PGL Wallachia Group Stage,2026-03-11,dota2-navi-bb4-2026-03-11,BetBoom Team,BetBoom Team,BetBoom Team,2:0 横扫,否（无赛前价存档）
DOTA,PGL Wallachia Group Stage,2026-03-11,dota2-pari-tundra-2026-03-11,PARIVISION,Tundra Esports,Tundra Esports,2:1 打满,否（无赛前价存档）
DOTA,EPL World Series Southeast Asia Group Stage,2026-03-12,dota2-glyph-clo-2026-03-12,GLYPH,GLYPH,GLYPH,2:0 横扫,否（无赛前价存档）
DOTA,PGL Wallachia Playoffs,2026-03-12,dota2-heroic-bb4-2026-03-12,BetBoom Team,BetBoom Team,BetBoom Team,2:0 横扫,否（无赛前价存档）
DOTA,PGL Wallachia Playoffs,2026-03-12,dota2-liquid-tundra-2026-03-12,Tundra Esports,Team Liquid,Team Liquid,2:1 打满,否（无赛前价存档）
DOTA,PGL Wallachia Playoffs,2026-03-12,dota2-ts8-vg-2026-03-12,Team Spirit,Team Spirit,Team Spirit,2:0 横扫,否（无赛前价存档）
DOTA,PGL Wallachia Playoffs,2026-03-12,dota2-aur1-ty-2026-03-12,Team Yandex,Aurora,Team Yandex,2:1 打满,否（无赛前价存档）
DOTA,EPL World Series Southeast Asia Group Stage,2026-03-13,dota2-ess-glyph-2026-03-13,GLYPH,GLYPH,GLYPH,2:0 横扫,否（无赛前价存档）
DOTA,EPL World Series Southeast Asia Group Stage,2026-03-13,dota2-clo-cloudd-2026-03-13,Cloud Dawning,Cloud Dawning,Cloud Dawning,2:0 横扫,否（无赛前价存档）
DOTA,PGL Wallachia Playoffs,2026-03-13,dota2-heroic-vg-2026-03-13,Heroic,Vici Gaming,Heroic,2:1 打满,否（无赛前价存档）
DOTA,PGL Wallachia Playoffs,2026-03-13,dota2-bb4-ts8-2026-03-13,BetBoom Team,Team Spirit,BetBoom Team,2:1 打满,否（无赛前价存档）
DOTA,CCT Group A,2026-03-13,dota2-l1ga-avl-2026-03-13,L1ga Team,L1ga Team,L1ga Team,2:0 横扫,否（无赛前价存档）
DOTA,CCT Group A,2026-03-13,dota2-spirit1-navij-2026-03-13,NAVI Junior,NAVI Junior,NAVI Junior,2:0 横扫,否（无赛前价存档）
DOTA,PGL Wallachia Playoffs,2026-03-13,dota2-ty-liquid-2026-03-13,Team Yandex,Team Yandex,Team Yandex,2:0 横扫,否（无赛前价存档）
DOTA,PGL Wallachia Playoffs,2026-03-13,dota2-aur1-tundra-2026-03-13,Aurora,Tundra Esports,Tundra Esports,2:1 打满,否（无赛前价存档）
DOTA,CCT Group B,2026-03-13,dota2-shpili-lynx-2026-03-13,Team Lynx,Team Lynx,Team Lynx,2:0 横扫,否（无赛前价存档）
DOTA,CCT Group B,2026-03-13,dota2-ic-vpp-2026-03-13,VP.Prodigy,Inner Circle,Inner Circle,2:1 打满,否（无赛前价存档）
DOTA,PGL Wallachia Playoffs,2026-03-14,dota2-heroic-liquid-2026-03-14,Team Liquid,Team Liquid,Team Liquid,2:0 横扫,否（无赛前价存档）
DOTA,PGL Wallachia Playoffs,2026-03-14,dota2-tundra-ts8-2026-03-14,Team Spirit,Team Spirit,Team Spirit,2:0 横扫,否（无赛前价存档）
DOTA,PGL Wallachia Playoffs,2026-03-14,dota2-bb4-ty-2026-03-14,Team Yandex,Team Yandex,Team Yandex,2:0 横扫,否（无赛前价存档）
DOTA,CCT Group A,2026-03-14,dota2-navij-avl-2026-03-14,AVULUS,NAVI Junior,AVULUS,2:1 打满,否（无赛前价存档）
DOTA,CCT Group B,2026-03-14,dota2-ic-shpili-2026-03-14,Team Shpilit,Team Shpilit,Team Shpilit,2:0 横扫,否（无赛前价存档）
DOTA,EPL World Series Southeast Asia Group Stage,2026-03-14,dota2-glyph-cloudd-2026-03-14,GLYPH,GLYPH,GLYPH,2:0 横扫,否（无赛前价存档）
DOTA,PGL Wallachia Playoffs,2026-03-14,dota2-liquid-ts8-2026-03-14,Team Liquid,Team Spirit,Team Liquid,2:1 打满,否（无赛前价存档）
DOTA,CCT Playoffs,2026-03-16,dota2-1win-lynx-2026-03-16,1win,1win,1win,2:0 横扫,否（无赛前价存档）
DOTA,CCT Playoffs,2026-03-16,dota2-pr1-shpili-2026-03-16,Power Rangers,Power Rangers,Power Rangers,2:0 横扫,否（无赛前价存档）
DOTA,CCT Playoffs,2026-03-16,dota2-pi-l1ga-2026-03-16,L1ga Team,L1ga Team,L1ga Team,2:0 横扫,否（无赛前价存档）
DOTA,CCT Playoffs,2026-03-16,dota2-pain-avl-2026-03-16,paiN Gaming,paiN Gaming,paiN Gaming,2:0 横扫,否（无赛前价存档）
DOTA,PGL Wallachia Playoffs,2026-03-15,dota2-bb4-liquid-2026-03-15,Team Liquid,BetBoom Team,Team Liquid,2:1 打满,否（无赛前价存档）
DOTA,EPL World Series Southeast Asia Group Stage,2026-03-15,dota2-ess-cloudd-2026-03-15,Cloud Dawning,Cloud Dawning,Cloud Dawning,2:0 横扫,否（无赛前价存档）
DOTA,EPL World Series Southeast Asia Group Stage,2026-03-15,dota2-ess-ivo-2026-03-15,Team Essence,Team Essence,Team Essence,2:0 横扫,否（无赛前价存档）
DOTA,European Pro League Group A,2026-03-16,dota2-z10-navij-2026-03-16,Zero Tenacity,Zero Tenacity,Zero Tenacity,2:0 横扫,否（无赛前价存档）
DOTA,European Pro League Group A,2026-03-16,dota2-astini-lynx-2026-03-16,Astini+5,Team Lynx,Team Lynx,2:1 打满,否（无赛前价存档）
DOTA,European Pro League Group B,2026-03-16,dota2-ill-re-2026-03-16,Rune Eaters,Rune Eaters,Rune Eaters,2:0 横扫,否（无赛前价存档）
DOTA,PREMIER SERIES Play-In Group B,2026-03-16,dota2-spirit1-z10-2026-03-16,Zero Tenacity,Zero Tenacity,Zero Tenacity,2:0 横扫,否（无赛前价存档）
DOTA,PREMIER SERIES Play-In Group A,2026-03-16,dota2-vpp-re-2026-03-16,Rune Eaters,Rune Eaters,Rune Eaters,2:0 横扫,否（无赛前价存档）
DOTA,PREMIER SERIES Play-In Group B,2026-03-16,dota2-l1ga-nemiga-2026-03-16,L1ga Team,Nemiga Gaming,Nemiga Gaming,2:1 打满,否（无赛前价存档）
DOTA,PREMIER SERIES Play-In Group A,2026-03-16,dota2-pr1-yes-2026-03-16,Yellow Submarine,Power Rangers,Yellow Submarine,2:1 打满,否（无赛前价存档）
DOTA,EPL World Series Southeast Asia Group Stage,2026-03-16,dota2-clo-ivo-2026-03-16,Ivory,Ivory,Ivory,2:0 横扫,否（无赛前价存档）
DOTA,European Pro League Group B,2026-03-16,dota2-wb-dgs-2026-03-16,DOGSENT,Winter Bear,DOGSENT,2:1 打满,否（无赛前价存档）
DOTA,EPL World Series Southeast Asia Group Stage,2026-03-16,dota2-iac-glyph-2026-03-16,GLYPH,GLYPH,GLYPH,2:0 横扫,否（无赛前价存档）
DOTA,Tennisi Stampede Champions Group Stage,2026-03-16,dota2-spirit1-enjoyb-2026-03-16,Spirit Academy,enjoy boys,Spirit Academy,2:1 打满,否（无赛前价存档）
DOTA,CCT Playoffs,2026-03-17,dota2-lynx-shpili-2026-03-17,Team Lynx,Team Lynx,Team Lynx,2:0 横扫,否（无赛前价存档）
DOTA,CCT Playoffs,2026-03-17,dota2-1win-pr1-2026-03-17,1win,Power Rangers,1win,2:1 打满,否（无赛前价存档）
DOTA,European Pro League Group B,2026-03-17,dota2-ill-lvlup1-2026-03-17,Ilbirs eSports,Level UP,Ilbirs eSports,2:1 打满,否（无赛前价存档）
DOTA,European Pro League Group A,2026-03-17,dota2-lixoes-vpp-2026-03-17,VP.Prodigy,LiXO eSports,VP.Prodigy,2:1 打满,否（无赛前价存档）
DOTA,European Pro League Group A,2026-03-17,dota2-lynx-z10-2026-03-17,Team Lynx,Zero Tenacity,Team Lynx,2:1 打满,否（无赛前价存档）
DOTA,Tennisi Stampede Champions Group Stage,2026-03-17,dota2-ill-pandor-2026-03-17,Ilbirs eSports,Ilbirs eSports,Ilbirs eSports,2:0 横扫,否（无赛前价存档）
DOTA,European Pro League Group A,2026-03-17,dota2-navij-astini-2026-03-17,Astini+5,Astini+5,Astini+5,2:0 横扫,否（无赛前价存档）
DOTA,PREMIER SERIES Play-In Group A,2026-03-17,dota2-pr1-shpili-2026-03-17,Power Rangers,Power Rangers,Power Rangers,2:0 横扫,否（无赛前价存档）
DOTA,PREMIER SERIES Play-In Group A,2026-03-17,dota2-pr1-re-2026-03-17,Power Rangers,Power Rangers,Power Rangers,2:0 横扫,否（无赛前价存档）
DOTA,PREMIER SERIES Play-In Group B,2026-03-17,dota2-astini-l1ga-2026-03-17,L1ga Team,L1ga Team,L1ga Team,2:0 横扫,否（无赛前价存档）
DOTA,PREMIER SERIES Play-In Group B,2026-03-17,dota2-spirit1-pi-2026-03-17, Pipsqueak+4, Pipsqueak+4, Pipsqueak+4,2:0 横扫,否（无赛前价存档）
DOTA,CCT Playoffs,2026-03-17,dota2-l1ga-pain-2026-03-17,L1ga Team,paiN Gaming,paiN Gaming,2:1 打满,否（无赛前价存档）
DOTA,EPL World Series Southeast Asia Group Stage,2026-03-17,dota2-cloudd-ivo-2026-03-17,Ivory,Cloud Dawning,Ivory,2:1 打满,否（无赛前价存档）
DOTA,CCT Playoffs,2026-03-17,dota2-pi-avl-2026-03-17,AVULUS,AVULUS,AVULUS,2:0 横扫,否（无赛前价存档）
DOTA,EPL World Series Southeast Asia Group Stage,2026-03-17,dota2-iac-yg-2026-03-17,InterActive Philippines,Yangon Galacticos,InterActive Philippines,2:1 打满,否（无赛前价存档）
DOTA,European Pro League Group B,2026-03-17,dota2-wb-lvlup1-2026-03-17,Level UP,Level UP,Level UP,2:0 横扫,否（无赛前价存档）
DOTA,European Pro League Group A,2026-03-17,dota2-vpp-navij-2026-03-17,VP.Prodigy,VP.Prodigy,VP.Prodigy,2:0 横扫,否（无赛前价存档）
DOTA,European Pro League Group B,2026-03-18,dota2-lvlup1-nemiga-2026-03-18,Level UP,Nemiga Gaming,Nemiga Gaming,2:1 打满,否（无赛前价存档）
DOTA,European Pro League Group B,2026-03-18,dota2-re-wb-2026-03-18,Rune Eaters,Winter Bear,Rune Eaters,2:1 打满,否（无赛前价存档）
DOTA,EPL World Series Southeast Asia Group Stage,2026-03-18,dota2-yg-cloudd-2026-03-18,Yangon Galacticos,Yangon Galacticos,Yangon Galacticos,2:0 横扫,否（无赛前价存档）
DOTA,European Pro League Group B,2026-03-18,dota2-ill-dgs-2026-03-18,DOGSENT,Ilbirs eSports,Ilbirs eSports,2:1 打满,否（无赛前价存档）
DOTA,PREMIER SERIES Play-In Group B,2026-03-18,dota2-astini-z10-2026-03-18,Zero Tenacity,Astini+5,Astini+5,2:1 打满,否（无赛前价存档）
DOTA,PREMIER SERIES Play-In Group A,2026-03-18,dota2-avl-shpili-2026-03-18,Team Shpilit,AVULUS,Team Shpilit,2:1 打满,否（无赛前价存档）
DOTA,PREMIER SERIES Play-In Group B,2026-03-18,dota2-z10-nemiga-2026-03-18,Zero Tenacity,Zero Tenacity,Zero Tenacity,2:0 横扫,否（无赛前价存档）
DOTA,CCT Playoffs,2026-03-18,dota2-avl-pr1-2026-03-18,Power Rangers,Power Rangers,Power Rangers,2:0 横扫,否（无赛前价存档）
DOTA,PREMIER SERIES Play-In Group A,2026-03-18,dota2-yes-shpili-2026-03-18,Yellow Submarine,Yellow Submarine,Yellow Submarine,2:0 横扫,否（无赛前价存档）
DOTA,CCT Playoffs,2026-03-18,dota2-lynx-l1ga-2026-03-18,L1ga Team,L1ga Team,L1ga Team,2:0 横扫,否（无赛前价存档）
DOTA,CCT Playoffs,2026-03-18,dota2-1win-pain-2026-03-18,1win,1win,1win,2:0 横扫,否（无赛前价存档）
DOTA,European Pro League Group B,2026-03-19,dota2-nemiga-dgs-2026-03-19,Nemiga Gaming,Nemiga Gaming,Nemiga Gaming,2:0 横扫,否（无赛前价存档）
DOTA,European Pro League Group A,2026-03-19,dota2-lynx-navij-2026-03-19,Team Lynx,Team Lynx,Team Lynx,2:0 横扫,否（无赛前价存档）
DOTA,Tennisi Stampede Champions Group Stage,2026-03-18,dota2-enjoyb-pandor-2026-03-18,enjoy boys,enjoy boys,enjoy boys,2:0 横扫,否（无赛前价存档）
DOTA,CCT Playoffs,2026-03-19,dota2-l1ga-pr1-2026-03-19,L1ga Team,Power Rangers,L1ga Team,2:1 打满,否（无赛前价存档）
DOTA,PREMIER SERIES Play-In Group A,2026-03-19,dota2-avl-vpp-2026-03-19,VP.Prodigy,VP.Prodigy,VP.Prodigy,2:0 横扫,否（无赛前价存档）
DOTA,PREMIER SERIES Play-In Group B,2026-03-19,dota2-pi-nemiga-2026-03-19, Pipsqueak+4, Pipsqueak+4, Pipsqueak+4,2:0 横扫,否（无赛前价存档）
DOTA,PREMIER SERIES Play-In Group B,2026-03-19,dota2-z10-pi-2026-03-19,Zero Tenacity,Zero Tenacity,Zero Tenacity,2:0 横扫,否（无赛前价存档）
DOTA,PREMIER SERIES Play-In Group A,2026-03-19,dota2-re-shpili-2026-03-19,Rune Eaters,Rune Eaters,Rune Eaters,2:0 横扫,否（无赛前价存档）
DOTA,Tennisi Stampede Champions Group Stage,2026-03-19,dota2-spirit1-ill-2026-03-19,Ilbirs eSports,Ilbirs eSports,Ilbirs eSports,2:0 横扫,否（无赛前价存档）
DOTA,Tennisi Stampede Champions Group Stage,2026-03-19,dota2-lixoes-re-2026-03-19,Rune Eaters,Rune Eaters,Rune Eaters,2:0 横扫,否（无赛前价存档）
DOTA,EPL World Series Southeast Asia Group Stage,2026-03-19,dota2-glyph-ivo-2026-03-19,GLYPH,Ivory,GLYPH,2:1 打满,否（无赛前价存档）
DOTA,EPL World Series Southeast Asia Group Stage,2026-03-19,dota2-ess-iac-2026-03-19,Team Essence,InterActive Philippines,InterActive Philippines,2:1 打满,否（无赛前价存档）
DOTA,European Pro League Group A,2026-03-19,dota2-vpp-z10-2026-03-19,Zero Tenacity,VP.Prodigy,VP.Prodigy,2:1 打满,否（无赛前价存档）
DOTA,CCT Playoffs,2026-03-19,dota2-pain-l1ga-2026-03-19,paiN Gaming,paiN Gaming,paiN Gaming,2:0 横扫,否（无赛前价存档）
DOTA,PREMIER SERIES Play-In Group A,2026-03-20,dota2-vpp-shpili-2026-03-20,VP.Prodigy,VP.Prodigy,VP.Prodigy,2:0 横扫,否（无赛前价存档）
DOTA,PREMIER SERIES Play-In Group B,2026-03-20,dota2-l1ga-z10-2026-03-20,L1ga Team,Zero Tenacity,L1ga Team,2:1 打满,否（无赛前价存档）
DOTA,PREMIER SERIES Play-In Group B,2026-03-20,dota2-l1ga-spirit1-2026-03-20,L1ga Team,L1ga Team,L1ga Team,2:0 横扫,否（无赛前价存档）
DOTA,PREMIER SERIES Play-In Group A,2026-03-20,dota2-vpp-pr1-2026-03-20,VP.Prodigy,VP.Prodigy,VP.Prodigy,2:0 横扫,否（无赛前价存档）
DOTA,PREMIER SERIES Play-In Group B,2026-03-20,dota2-astini-pi-2026-03-20, Pipsqueak+4,Astini+5, Pipsqueak+4,2:1 打满,否（无赛前价存档）
DOTA,PREMIER SERIES Play-In Group A,2026-03-20,dota2-pr1-avl-2026-03-20,AVULUS,Power Rangers,Power Rangers,2:1 打满,否（无赛前价存档）
DOTA,PREMIER SERIES Play-In Group A,2026-03-20,dota2-avl-yes-2026-03-20,Yellow Submarine,AVULUS,Yellow Submarine,2:1 打满,否（无赛前价存档）
DOTA,PREMIER SERIES Play-In Group B,2026-03-20,dota2-astini-nemiga-2026-03-20,Astini+5,Astini+5,Astini+5,2:0 横扫,否（无赛前价存档）
DOTA,European Pro League Group B,2026-03-20,dota2-nemiga-ill-2026-03-20,Nemiga Gaming,Nemiga Gaming,Nemiga Gaming,2:0 横扫,否（无赛前价存档）
DOTA,European Pro League Group A,2026-03-20,dota2-astini-lixoes-2026-03-20,Astini+5,LiXO eSports,Astini+5,2:1 打满,否（无赛前价存档）
DOTA,European Pro League Group B,2026-03-20,dota2-dgs-re-2026-03-20,Rune Eaters,Rune Eaters,Rune Eaters,2:0 横扫,否（无赛前价存档）
DOTA,EPL World Series Southeast Asia Group Stage,2026-03-20,dota2-iac-cloudd-2026-03-20,InterActive Philippines,InterActive Philippines,InterActive Philippines,2:0 横扫,否（无赛前价存档）
DOTA,EPL World Series Southeast Asia Group Stage,2026-03-20,dota2-clo-ess-2026-03-20,Cloud Rising,Cloud Rising,Cloud Rising,2:0 横扫,否（无赛前价存档）
DOTA,Tennisi Stampede Champions Group Stage,2026-03-20,dota2-peak-spirit1-2026-03-20,Spirit Academy,Peak,Spirit Academy,2:1 打满,否（无赛前价存档）
DOTA,Tennisi Stampede Champions Group Stage,2026-03-20,dota2-enjoyb-lixoes-2026-03-20,enjoy boys,enjoy boys,enjoy boys,2:0 横扫,否（无赛前价存档）
DOTA,European Pro League Group B,2026-03-20,dota2-ill-wb-2026-03-20,Winter Bear,Winter Bear,Winter Bear,2:0 横扫,否（无赛前价存档）
DOTA,PREMIER SERIES Play-In Group B,2026-03-21,dota2-l1ga-pi-2026-03-21,L1ga Team,L1ga Team,L1ga Team,2:0 横扫,否（无赛前价存档）
DOTA,PREMIER SERIES Play-In Group A,2026-03-21,dota2-avl-re-2026-03-21,AVULUS,Rune Eaters,Rune Eaters,2:1 打满,否（无赛前价存档）
DOTA,PREMIER SERIES Play-In Group A,2026-03-21,dota2-yes-re-2026-03-21,Rune Eaters,Yellow Submarine,Yellow Submarine,2:1 打满,否（无赛前价存档）
DOTA,PREMIER SERIES Play-In Group B,2026-03-21,dota2-spirit1-nemiga-2026-03-21,Nemiga Gaming,Nemiga Gaming,Nemiga Gaming,2:0 横扫,否（无赛前价存档）
DOTA,PREMIER SERIES Play-In Group B,2026-03-21,dota2-astini-spirit1-2026-03-21,Astini+5,Spirit Academy,Spirit Academy,2:1 打满,否（无赛前价存档）
DOTA,PREMIER SERIES Play-In Group A,2026-03-21,dota2-vpp-yes-2026-03-21,Yellow Submarine,Yellow Submarine,Yellow Submarine,2:0 横扫,否（无赛前价存档）
DOTA,European Pro League Group B,2026-03-21,dota2-wb-nemiga-2026-03-21,Nemiga Gaming,Nemiga Gaming,Nemiga Gaming,2:0 横扫,否（无赛前价存档）
DOTA,European Pro League Group B,2026-03-21,dota2-re-lvlup1-2026-03-21,Level UP,Rune Eaters,Rune Eaters,2:1 打满,否（无赛前价存档）
DOTA,European Pro League Group A,2026-03-21,dota2-lixoes-lynx-2026-03-21,Team Lynx,Team Lynx,Team Lynx,2:0 横扫,否（无赛前价存档）
DOTA,EPL World Series Southeast Asia Group Stage,2026-03-21,dota2-ess-yg-2026-03-21,Yangon Galacticos,Team Essence,Team Essence,2:1 打满,否（无赛前价存档）
DOTA,EPL World Series Southeast Asia Group Stage,2026-03-21,dota2-yg-glyph-2026-03-21,Yangon Galacticos,GLYPH,GLYPH,2:1 打满,否（无赛前价存档）
DOTA,European Pro League Group B,2026-03-22,dota2-re-nemiga-2026-03-22,Rune Eaters,Rune Eaters,Rune Eaters,2:0 横扫,否（无赛前价存档）
DOTA,European Pro League Group A,2026-03-22,dota2-z10-lixoes-2026-03-22,Zero Tenacity,Zero Tenacity,Zero Tenacity,2:0 横扫,否（无赛前价存档）
DOTA,Tennisi Stampede Champions Playoffs,2026-03-23,dota2-re-spirit1-2026-03-23,Rune Eaters,Rune Eaters,Rune Eaters,2:0 横扫,否（无赛前价存档）
DOTA,EPL World Series Southeast Asia Playoffs,2026-03-23,dota2-yg-iac-2026-03-23,InterActive Philippines,Yangon Galacticos,Yangon Galacticos,2:1 打满,否（无赛前价存档）
DOTA,European Pro League Playoffs,2026-03-23,dota2-z10-lvlup1-2026-03-23,Zero Tenacity,Zero Tenacity,Zero Tenacity,2:0 横扫,否（无赛前价存档）
DOTA,European Pro League Playoffs,2026-03-23,dota2-vpp-wb-2026-03-23,Winter Bear,VP.Prodigy,VP.Prodigy,2:1 打满,否（无赛前价存档）
DOTA,European Pro League Playoffs,2026-03-23,dota2-re-lixoes-2026-03-23,Rune Eaters,Rune Eaters,Rune Eaters,2:0 横扫,否（无赛前价存档）
DOTA,European Pro League Playoffs,2026-03-23,dota2-nemiga-lynx-2026-03-23,Team Lynx,Team Lynx,Team Lynx,2:0 横扫,否（无赛前价存档）
DOTA,EPL World Series Southeast Asia Playoffs,2026-03-24,dota2-iac-cloudd-2026-03-24,InterActive Philippines,InterActive Philippines,InterActive Philippines,2:0 横扫,否（无赛前价存档）
DOTA,EPL World Series Southeast Asia Playoffs,2026-03-25,dota2-glyph-yg-2026-03-25,GLYPH,GLYPH,GLYPH,2:0 横扫,否（无赛前价存档）
DOTA,Tennisi Stampede Champions Playoffs,2026-03-24,dota2-ill-enjoyb-2026-03-24,Ilbirs eSports,enjoy boys,enjoy boys,2:1 打满,否（无赛前价存档）
DOTA,European Pro League Playoffs,2026-03-24,dota2-vpp-z10-2026-03-24,Zero Tenacity,Zero Tenacity,Zero Tenacity,2:0 横扫,否（无赛前价存档）
DOTA,European Pro League Playoffs,2026-03-24,dota2-lynx-re-2026-03-24,Rune Eaters,Team Lynx,Team Lynx,2:1 打满,否（无赛前价存档）
DOTA,European Pro League Playoffs,2026-03-25,dota2-nemiga-lixoes-2026-03-25,Nemiga Gaming,Nemiga Gaming,Nemiga Gaming,2:0 横扫,否（无赛前价存档）
DOTA,EPL World Series Southeast Asia Playoffs,2026-03-25,dota2-iac-ivo-2026-03-25,Ivory,InterActive Philippines,Ivory,2:1 打满,否（无赛前价存档）
DOTA,European Pro League Playoffs,2026-03-25,dota2-wb-lvlup1-2026-03-25,Level UP,Winter Bear,Winter Bear,2:1 打满,否（无赛前价存档）
DOTA,EPL World Series Southeast Asia Playoffs,2026-03-26,dota2-yg-ivo-2026-03-26,Ivory,Yangon Galacticos,Ivory,2:1 打满,否（无赛前价存档）
DOTA,ESL One Birmingham Playoffs,2026-03-26,dota2-aur1-tundra-2026-03-26,Tundra Esports,Aurora,Tundra Esports,2:1 打满,否（无赛前价存档）
DOTA,Tennisi Stampede Champions Playoffs,2026-03-26,dota2-re-enjoyb-2026-03-26,Rune Eaters,Rune Eaters,Rune Eaters,2:0 横扫,否（无赛前价存档）
DOTA,ESL One Birmingham Playoffs,2026-03-26,dota2-ty-ts8-2026-03-26,Team Yandex,Team Spirit,Team Yandex,2:1 打满,否（无赛前价存档）
DOTA,European Pro League Playoffs,2026-03-25,dota2-re-wb-2026-03-25,Rune Eaters,Winter Bear,Winter Bear,2:1 打满,否（无赛前价存档）
DOTA,ESL One Birmingham Playoffs,2026-03-27,dota2-flc-pari-2026-03-27,PARIVISION,PARIVISION,PARIVISION,2:0 横扫,否（无赛前价存档）
DOTA,ESL One Birmingham Playoffs,2026-03-27,dota2-mouz-xtreme-2026-03-27,MOUZ,Xtreme Gaming,Xtreme Gaming,2:1 打满,否（无赛前价存档）
DOTA,European Pro League Playoffs,2026-03-26,dota2-z10-lynx-2026-03-26,Team Lynx,Zero Tenacity,Team Lynx,2:1 打满,否（无赛前价存档）
DOTA,European Pro League Playoffs,2026-03-26,dota2-vpp-nemiga-2026-03-26,Nemiga Gaming,Nemiga Gaming,Nemiga Gaming,2:0 横扫,否（无赛前价存档）
DOTA,European Pro League Playoffs,2026-03-26,dota2-wb-nemiga-2026-03-26,Nemiga Gaming,Nemiga Gaming,Nemiga Gaming,2:0 横扫,否（无赛前价存档）
DOTA,ESL One Birmingham Playoffs,2026-03-28,dota2-ty-tundra-2026-03-28,Tundra Esports,Tundra Esports,Tundra Esports,2:0 横扫,否（无赛前价存档）
DOTA,European Pro League Playoffs,2026-03-27,dota2-z10-nemiga-2026-03-27,Nemiga Gaming,Zero Tenacity,Zero Tenacity,2:1 打满,否（无赛前价存档）
DOTA,PREMIER SERIES Play-In Group A,2026-03-30,dota2-pr1-vpp-2026-03-30,Power Rangers,Power Rangers,Power Rangers,2:0 横扫,否（无赛前价存档）
DOTA,PREMIER SERIES Play-In Group A,2026-03-30,dota2-pr1-re-2026-03-30,Power Rangers,Power Rangers,Power Rangers,2:0 横扫,否（无赛前价存档）
DOTA,PREMIER SERIES Play-In Group A,2026-03-30,dota2-vpp-re-2026-03-30,VP.Prodigy,Rune Eaters,VP.Prodigy,2:1 打满,否（无赛前价存档）
DOTA,ESL One Birmingham Playoffs,2026-03-27,dota2-ts8-xtreme-2026-03-27,Team Spirit,Xtreme Gaming,Xtreme Gaming,2:1 打满,否（无赛前价存档）
DOTA,ESL One Birmingham Playoffs,2026-03-28,dota2-aur1-pari-2026-03-28,PARIVISION,PARIVISION,PARIVISION,2:0 横扫,否（无赛前价存档）
DOTA,ESL One Birmingham Playoffs,2026-03-28,dota2-xtreme-pari-2026-03-28,PARIVISION,Xtreme Gaming,Xtreme Gaming,2:1 打满,否（无赛前价存档）
DOTA,ESL One Birmingham Playoffs,2026-03-29,dota2-ty-xtreme-2026-03-29,Team Yandex,Xtreme Gaming,Team Yandex,2:1 打满,否（无赛前价存档）
DOTA,PREMIER SERIES Group A,2026-04-01,dota2-1win-yes-2026-04-01,Yellow Submarine,Yellow Submarine,Yellow Submarine,2:0 横扫,否（无赛前价存档）
DOTA,BLAST Slam China Closed Qualifier Playoffs,2026-04-01,dota2-vg-cloudd-2026-04-01,Vici Gaming,Vici Gaming,Vici Gaming,2:0 横扫,否（无赛前价存档）
DOTA,BLAST Slam China Closed Qualifier Playoffs,2026-04-02,dota2-yb1-ngnb-2026-04-02,Yakult Brothers,Yakult Brothers,Yakult Brothers,2:0 横扫,否（无赛前价存档）
DOTA,BLAST Slam Southeast Asia Closed Qualifier Playoffs,2026-04-02,dota2-glyph-kukuys1-2026-04-02,KukuysV3,GLYPH,GLYPH,2:1 打满,否（无赛前价存档）
DOTA,BLAST Slam Europe Closed Qualifier Playoffs,2026-04-02,dota2-mouz-1win-2026-04-02,1win,1win,1win,2:0 横扫,否（无赛前价存档）
DOTA,BLAST Slam Europe Closed Qualifier Playoffs,2026-04-02,dota2-navi-l1ga-2026-04-02,Natus Vincere,L1ga Team,Natus Vincere,2:1 打满,否（无赛前价存档）
DOTA,BLAST Slam China Closed Qualifier Playoffs,2026-04-02,dota2-xtreme-clo-2026-04-02,Xtreme Gaming,Xtreme Gaming,Xtreme Gaming,2:0 横扫,否（无赛前价存档）
DOTA,BLAST Slam Southeast Asia Closed Qualifier Playoffs,2026-04-02,dota2-nem-playti-2026-04-02,Team Nemesis,Team Nemesis,Team Nemesis,2:0 横扫,否（无赛前价存档）
DOTA,BLAST Slam Southeast Asia Closed Qualifier Playoffs,2026-04-02,dota2-xctn-ivo-2026-04-02,Execration,Execration,Execration,2:0 横扫,否（无赛前价存档）
DOTA,PREMIER SERIES Group A,2026-04-04,dota2-1win-vpp-2026-04-04,VP.Prodigy,1win,1win,2:1 打满,否（无赛前价存档）
DOTA,PREMIER SERIES Group B,2026-04-04,dota2-vp-pr1-2026-04-04,Virtus.pro,Virtus.pro,Virtus.pro,2:0 横扫,否（无赛前价存档）
DOTA,PREMIER SERIES Group A,2026-04-04,dota2-yes-z10-2026-04-04,Yellow Submarine,Yellow Submarine,Yellow Submarine,2:0 横扫,否（无赛前价存档）
DOTA,PREMIER SERIES Group A,2026-04-04,dota2-gl-z10-2026-04-04,GamerLegion,GamerLegion,GamerLegion,2:0 横扫,否（无赛前价存档）
DOTA,PREMIER SERIES Group B,2026-04-04,dota2-ngx-pi-2026-04-04,Nigma Galaxy, Pipsqueak+4, Pipsqueak+4,2:1 打满,否（无赛前价存档）
DOTA,BLAST Slam Europe Closed Qualifier Playoffs,2026-04-02,dota2-pari-vp-2026-04-02,PARIVISION,PARIVISION,PARIVISION,2:0 横扫,否（无赛前价存档）
DOTA,BLAST Slam Europe Closed Qualifier Playoffs,2026-04-02,dota2-aur1-lynx-2026-04-02,Aurora,Team Lynx,Aurora,2:1 打满,否（无赛前价存档）
DOTA,BLAST Slam China Closed Qualifier Playoffs,2026-04-02,dota2-roar-mideng-2026-04-02,Mideng Dreamer,Roar Gaming,Roar Gaming,2:1 打满,否（无赛前价存档）
DOTA,BLAST Slam Southeast Asia Closed Qualifier Playoffs,2026-04-02,dota2-rnx-xctn-2026-04-02,REKONIX,REKONIX,REKONIX,2:0 横扫,否（无赛前价存档）
DOTA,European Pro League Group A,2026-04-02,dota2-ill-navij-2026-04-02,Ilbirs eSports,NAVI Junior,NAVI Junior,2:1 打满,否（无赛前价存档）
DOTA,BLAST Slam China Closed Qualifier Playoffs,2026-04-03,dota2-vg-yb1-2026-04-03,Vici Gaming,Yakult Brothers,Yakult Brothers,2:1 打满,否（无赛前价存档）
DOTA,European Pro League Group B,2026-04-02,dota2-modus-re-2026-04-02,Rune Eaters,Rune Eaters,Rune Eaters,2:0 横扫,否（无赛前价存档）
DOTA,BLAST Slam China Closed Qualifier Playoffs,2026-04-03,dota2-xtreme-roar-2026-04-03,Xtreme Gaming,Xtreme Gaming,Xtreme Gaming,2:0 横扫,否（无赛前价存档）
DOTA,European Pro League Group B,2026-04-02,dota2-ave-spirit1-2026-04-02,Spirit Academy,Spirit Academy,Spirit Academy,2:0 横扫,否（无赛前价存档）
DOTA,BLAST Slam Southeast Asia Closed Qualifier Playoffs,2026-04-03,dota2-nem-glyph-2026-04-03,GLYPH,Team Nemesis,GLYPH,2:1 打满,否（无赛前价存档）
DOTA,BLAST Slam Europe Closed Qualifier Playoffs,2026-04-03,dota2-aur1-1win-2026-04-03,Aurora,1win,Aurora,2:1 打满,否（无赛前价存档）
DOTA,European Pro League Group A,2026-04-03,dota2-lynx-ill-2026-04-03,Ilbirs eSports,Team Lynx,Team Lynx,2:1 打满,否（无赛前价存档）
DOTA,European Pro League Group A,2026-04-03,dota2-lynx-nemiga-2026-04-03,Team Lynx,Nemiga Gaming,Team Lynx,2:1 打满,否（无赛前价存档）
DOTA,European Pro League Group B,2026-04-03,dota2-re-vpp-2026-04-03,Rune Eaters,Rune Eaters,Rune Eaters,2:0 横扫,否（无赛前价存档）
DOTA,BLAST Slam Europe Closed Qualifier Playoffs,2026-04-03,dota2-pari-navi-2026-04-03,PARIVISION,PARIVISION,PARIVISION,2:0 横扫,否（无赛前价存档）
DOTA,European Pro League Group B,2026-04-03,dota2-ave-modus-2026-04-03,ALIS VENTORUS,MODUS,MODUS,2:1 打满,否（无赛前价存档）
DOTA,BLAST Slam Southeast Asia Closed Qualifier Playoffs,2026-04-03,dota2-rnx-glyph-2026-04-03,GLYPH,GLYPH,GLYPH,2:0 横扫,否（无赛前价存档）
DOTA,BLAST Slam China Closed Qualifier Playoffs,2026-04-03,dota2-xtreme-yb1-2026-04-03,Xtreme Gaming,Xtreme Gaming,Xtreme Gaming,2:0 横扫,否（无赛前价存档）
DOTA,EPL World Series Southeast Asia Group Stage,2026-04-04,dota2-ess-satan-2026-04-04,Satan666,Satan666,Satan666,2:0 横扫,否（无赛前价存档）
DOTA,European Pro League Group B,2026-04-04,dota2-spirit1-vpp-2026-04-04,Spirit Academy,Spirit Academy,Spirit Academy,2:0 横扫,否（无赛前价存档）
DOTA,European Pro League Group A,2026-04-04,dota2-nemiga-ill-2026-04-04,Nemiga Gaming,Nemiga Gaming,Nemiga Gaming,2:0 横扫,否（无赛前价存档）
DOTA,European Pro League Group B,2026-04-04,dota2-re-ave-2026-04-04,ALIS VENTORUS,Rune Eaters,Rune Eaters,2:1 打满,否（无赛前价存档）
DOTA,European Pro League Group A,2026-04-04,dota2-yes-navij-2026-04-04,Yellow Submarine,Yellow Submarine,Yellow Submarine,2:0 横扫,否（无赛前价存档）
DOTA,EPL World Series Southeast Asia Group Stage,2026-04-04,dota2-ivo-ess-2026-04-04,Ivory,Ivory,Ivory,2:0 横扫,否（无赛前价存档）
DOTA,PREMIER SERIES Group A,2026-04-05,dota2-yes-vpp-2026-04-05,Yellow Submarine,Yellow Submarine,Yellow Submarine,2:0 横扫,否（无赛前价存档）
DOTA,PREMIER SERIES Group B,2026-04-05,dota2-l1ga-pr1-2026-04-05,L1ga Team,L1ga Team,L1ga Team,2:0 横扫,否（无赛前价存档）
DOTA,PREMIER SERIES Group B,2026-04-05,dota2-vp-pi-2026-04-05, Pipsqueak+4,Virtus.pro,Virtus.pro,2:1 打满,否（无赛前价存档）
DOTA,PREMIER SERIES Group B,2026-04-05,dota2-ngx-pr1-2026-04-05,Power Rangers,Nigma Galaxy,Nigma Galaxy,2:1 打满,否（无赛前价存档）
DOTA,PREMIER SERIES Group B,2026-04-05,dota2-vp-l1ga-2026-04-05,L1ga Team,Virtus.pro,L1ga Team,2:1 打满,否（无赛前价存档）
DOTA,European Pro League Group B,2026-04-05,dota2-spirit1-modus-2026-04-05,MODUS,MODUS,MODUS,2:0 横扫,否（无赛前价存档）
DOTA,European Pro League Group A,2026-04-05,dota2-balu-lynx-2026-04-05,Team Lynx,Team Lynx,Team Lynx,2:0 横扫,否（无赛前价存档）
DOTA,European Pro League Group A,2026-04-05,dota2-nemiga-navij-2026-04-05,Nemiga Gaming,Nemiga Gaming,Nemiga Gaming,2:0 横扫,否（无赛前价存档）
DOTA,European Pro League Group A,2026-04-05,dota2-yes-ill-2026-04-05,Yellow Submarine,Yellow Submarine,Yellow Submarine,2:0 横扫,否（无赛前价存档）
DOTA,PREMIER SERIES Group A,2026-04-06,dota2-gl-vpp-2026-04-06,VP.Prodigy,GamerLegion,GamerLegion,2:1 打满,否（无赛前价存档）
DOTA,PREMIER SERIES Group B,2026-04-06,dota2-l1ga-pi-2026-04-06,L1ga Team, Pipsqueak+4,L1ga Team,2:1 打满,否（无赛前价存档）
DOTA,PREMIER SERIES Group A,2026-04-06,dota2-1win-z10-2026-04-06,Zero Tenacity,1win,Zero Tenacity,2:1 打满,否（无赛前价存档）
DOTA,PREMIER SERIES Group B,2026-04-06,dota2-vp-ngx-2026-04-06,Nigma Galaxy,Nigma Galaxy,Nigma Galaxy,2:0 横扫,否（无赛前价存档）
DOTA,PREMIER SERIES Group A,2026-04-06,dota2-gl-yes-2026-04-06,GamerLegion,GamerLegion,GamerLegion,2:0 横扫,否（无赛前价存档）
DOTA,European Pro League Group B,2026-04-06,dota2-vpp-ave-2026-04-06,ALIS VENTORUS,VP.Prodigy,VP.Prodigy,2:1 打满,否（无赛前价存档）
DOTA,European Pro League Group B,2026-04-06,dota2-modus-ic-2026-04-06,Inner Circle,Inner Circle,Inner Circle,2:0 横扫,否（无赛前价存档）
DOTA,European Pro League Group A,2026-04-06,dota2-navij-lynx-2026-04-06,Team Lynx,Team Lynx,Team Lynx,2:0 横扫,否（无赛前价存档）
DOTA,European Pro League Group B,2026-04-06,dota2-re-ic-2026-04-06,Inner Circle,Rune Eaters,Inner Circle,2:1 打满,否（无赛前价存档）
DOTA,EPL World Series Southeast Asia Group Stage,2026-04-06,dota2-iac-ess-2026-04-06,InterActive Philippines,InterActive Philippines,InterActive Philippines,2:0 横扫,否（无赛前价存档）
DOTA,EPL World Series Southeast Asia Group Stage,2026-04-05,dota2-cloudd-ivo-2026-04-05,Ivory,Cloud Dawning,Ivory,2:1 打满,否（无赛前价存档）
DOTA,PREMIER SERIES Group A,2026-04-07,dota2-gl-1win-2026-04-07,GamerLegion,1win,GamerLegion,2:1 打满,否（无赛前价存档）
DOTA,PREMIER SERIES Group B,2026-04-07,dota2-ngx-l1ga-2026-04-07,Nigma Galaxy,Nigma Galaxy,Nigma Galaxy,2:0 横扫,否（无赛前价存档）
DOTA,PREMIER SERIES Group B,2026-04-07,dota2-pi-pr1-2026-04-07,Power Rangers,Power Rangers,Power Rangers,2:0 横扫,否（无赛前价存档）
DOTA,PREMIER SERIES Group A,2026-04-07,dota2-vpp-z10-2026-04-07,Zero Tenacity,Zero Tenacity,Zero Tenacity,2:0 横扫,否（无赛前价存档）
DOTA,EPL World Series Southeast Asia Group Stage,2026-04-06,dota2-satan-cloudd-2026-04-06,Satan666,Satan666,Satan666,2:0 横扫,否（无赛前价存档）
DOTA,European Pro League Group B,2026-04-07,dota2-spirit1-ic-2026-04-07,Inner Circle,Inner Circle,Inner Circle,2:0 横扫,否（无赛前价存档）
DOTA,European Pro League Group A,2026-04-07,dota2-ill-balu-2026-04-07,Ilbirs eSports,Ilbirs eSports,Ilbirs eSports,2:0 横扫,否（无赛前价存档）
DOTA,European Pro League Group A,2026-04-07,dota2-nemiga-yes-2026-04-07,Yellow Submarine,Nemiga Gaming,Yellow Submarine,2:1 打满,否（无赛前价存档）
DOTA,European Pro League Group B,2026-04-07,dota2-vpp-modus-2026-04-07,MODUS,MODUS,MODUS,2:0 横扫,否（无赛前价存档）
DOTA,EPL World Series Southeast Asia Group Stage,2026-04-07,dota2-iac-ivo-2026-04-07,InterActive Philippines,InterActive Philippines,InterActive Philippines,2:0 横扫,否（无赛前价存档）
DOTA,PREMIER SERIES Playoffs,2026-04-08,dota2-pari-gl-2026-04-08,PARIVISION,PARIVISION,PARIVISION,2:0 横扫,否（无赛前价存档）
DOTA,PREMIER SERIES Playoffs,2026-04-08,dota2-mouz-heroic-2026-04-08,MOUZ,MOUZ,MOUZ,2:0 横扫,否（无赛前价存档）
DOTA,PREMIER SERIES Group Stage Decider,2026-04-07,dota2-yes-l1ga-2026-04-07,Yellow Submarine,L1ga Team,L1ga Team,2:1 打满,否（无赛前价存档）
DOTA,PREMIER SERIES Playoffs,2026-04-08,dota2-ts8-ngx-2026-04-08,Team Spirit,Nigma Galaxy,Nigma Galaxy,2:1 打满,否（无赛前价存档）
DOTA,PREMIER SERIES Playoffs,2026-04-08,dota2-liquid-l1ga-2026-04-08,L1ga Team,Team Liquid,L1ga Team,2:1 打满,否（无赛前价存档）
DOTA,European Pro League Group A,2026-04-09,dota2-lynx-yes-2026-04-09,Yellow Submarine,Yellow Submarine,Yellow Submarine,2:0 横扫,否（无赛前价存档）
DOTA,European Pro League Group B,2026-04-09,dota2-vpp-ic-2026-04-09,Inner Circle,Inner Circle,Inner Circle,2:0 横扫,否（无赛前价存档）
DOTA,European Pro League Group A,2026-04-09,dota2-navij-balu-2026-04-09,BALU,NAVI Junior,NAVI Junior,2:1 打满,否（无赛前价存档）
DOTA,PREMIER SERIES Playoffs,2026-04-09,dota2-pari-ngx-2026-04-09,PARIVISION,PARIVISION,PARIVISION,2:0 横扫,否（无赛前价存档）
DOTA,PREMIER SERIES Playoffs,2026-04-09,dota2-gl-ts8-2026-04-09,GamerLegion,Team Spirit,GamerLegion,2:1 打满,否（无赛前价存档）
DOTA,DreamLeague Southeast Asia Open Qualifier 1 Playoffs,2026-04-09,dota2-playti-nem-2026-04-09,Team Nemesis,Team Nemesis,Team Nemesis,2:0 横扫,否（无赛前价存档）
DOTA,EPL World Series Southeast Asia Group Stage,2026-04-09,dota2-iac-satan-2026-04-09,Satan666,InterActive Philippines,InterActive Philippines,2:1 打满,否（无赛前价存档）
DOTA,PREMIER SERIES Playoffs,2026-04-09,dota2-liquid-heroic-2026-04-09,Team Liquid,Team Liquid,Team Liquid,2:0 横扫,否（无赛前价存档）
DOTA,PREMIER SERIES Playoffs,2026-04-09,dota2-l1ga-mouz-2026-04-09,L1ga Team,MOUZ,MOUZ,2:1 打满,否（无赛前价存档）
DOTA,DreamLeague Eastern Europe Open Qualifier 1 Playoffs,2026-04-09,dota2-shiza-nemiga-2026-04-09,Nemiga Gaming,Nemiga Gaming,Nemiga Gaming,2:0 横扫,否（无赛前价存档）
DOTA,DreamLeague Western Europe Open Qualifier 1 Playoffs,2026-04-09,dota2-lynx-balu-2026-04-09,Team Lynx,Team Lynx,Team Lynx,2:0 横扫,否（无赛前价存档）
DOTA,PREMIER SERIES Playoffs,2026-04-10,dota2-ngx-liquid-2026-04-10,Nigma Galaxy,Team Liquid,Nigma Galaxy,2:1 打满,否（无赛前价存档）
DOTA,PREMIER SERIES Playoffs,2026-04-10,dota2-pari-mouz-2026-04-10,PARIVISION,PARIVISION,PARIVISION,2:0 横扫,否（无赛前价存档）
DOTA,PREMIER SERIES Playoffs,2026-04-10,dota2-l1ga-gl-2026-04-10,GamerLegion,L1ga Team,GamerLegion,2:1 打满,否（无赛前价存档）
DOTA,EPL World Series Southeast Asia Group Stage,2026-04-11,dota2-winter-satan-2026-04-11,WinteR SquadronS,Satan666,WinteR SquadronS,2:1 打满,否（无赛前价存档）
DOTA,European Pro League Group A,2026-04-11,dota2-balu-yes-2026-04-11,Yellow Submarine,Yellow Submarine,Yellow Submarine,2:0 横扫,否（无赛前价存档）
DOTA,DreamLeague Southeast Asia Open Qualifier 2 Playoffs,2026-04-11,dota2-glyph-playti-2026-04-11,GLYPH,PlayTime,GLYPH,2:1 打满,否（无赛前价存档）
DOTA,PREMIER SERIES Playoffs,2026-04-10,dota2-gl-ngx-2026-04-10,GamerLegion,Nigma Galaxy,Nigma Galaxy,2:1 打满,否（无赛前价存档）
DOTA,PREMIER SERIES Playoffs,2026-04-11,dota2-mouz-ngx-2026-04-11,Nigma Galaxy,Nigma Galaxy,Nigma Galaxy,2:0 横扫,否（无赛前价存档）
DOTA,DreamLeague Eastern Europe Open Qualifier 2 Playoffs,2026-04-11,dota2-cb3-enjoyb-2026-04-11,Cheeki_Breeki,Cheeki_Breeki,Cheeki_Breeki,2:0 横扫,否（无赛前价存档）
DOTA,DreamLeague Western Europe Open Qualifier 2 Playoffs,2026-04-11,dota2-ave-lev1-2026-04-11,ALIS VENTORUS,ALIS VENTORUS,ALIS VENTORUS,2:0 横扫,否（无赛前价存档）
DOTA,DreamLeague Western Europe Closed Qualifier Playoffs,2026-04-12,dota2-navi-ngx-2026-04-12,Natus Vincere,Natus Vincere,Natus Vincere,2:0 横扫,否（无赛前价存档）
DOTA,DreamLeague Western Europe Closed Qualifier Playoffs,2026-04-12,dota2-liquid-ave-2026-04-12,Team Liquid,Team Liquid,Team Liquid,2:0 横扫,否（无赛前价存档）
DOTA,DreamLeague Western Europe Closed Qualifier Playoffs,2026-04-12,dota2-mouz-lynx-2026-04-12,Team Lynx,MOUZ,MOUZ,2:1 打满,否（无赛前价存档）
DOTA,DreamLeague Western Europe Closed Qualifier Playoffs,2026-04-12,dota2-vp-z10-2026-04-12,Virtus.pro,Virtus.pro,Virtus.pro,2:0 横扫,否（无赛前价存档）
DOTA,DreamLeague Eastern Europe Closed Qualifier Playoffs,2026-04-12,dota2-pr-nemiga-2026-04-12,Nemiga Gaming,Nemiga Gaming,Nemiga Gaming,2:0 横扫,否（无赛前价存档）
DOTA,DreamLeague Eastern Europe Closed Qualifier Playoffs,2026-04-12,dota2-l1ga-re-2026-04-12,Rune Eaters,L1ga Team,L1ga Team,2:1 打满,否（无赛前价存档）
DOTA,DreamLeague Eastern Europe Closed Qualifier Playoffs,2026-04-12,dota2-1win-modus-2026-04-12,1win,1win,1win,2:0 横扫,否（无赛前价存档）
DOTA,DreamLeague Southeast Asia Closed Qualifier Playoffs,2026-04-12,dota2-og-glyph-2026-04-12,OG,OG,OG,2:0 横扫,否（无赛前价存档）
DOTA,DreamLeague Southeast Asia Closed Qualifier Playoffs,2026-04-12,dota2-ivo-yg-2026-04-12,Ivory,Ivory,Ivory,2:0 横扫,否（无赛前价存档）
DOTA,DreamLeague Southeast Asia Closed Qualifier Playoffs,2026-04-12,dota2-xctn-carst-2026-04-12,Carstensz,Execration,Carstensz,2:1 打满,否（无赛前价存档）
DOTA,DreamLeague Southeast Asia Closed Qualifier Playoffs,2026-04-12,dota2-rnx-nem-2026-04-12,Team Nemesis,Team Nemesis,Team Nemesis,2:0 横扫,否（无赛前价存档）
DOTA,DreamLeague China Closed Qualifier Playoffs,2026-04-12,dota2-yb1-cloudd-2026-04-12,Cloud Dawning,Cloud Dawning,Cloud Dawning,2:0 横扫,否（无赛前价存档）
DOTA,DreamLeague China Closed Qualifier Playoffs,2026-04-12,dota2-roar-mideng-2026-04-12,Mideng Dreamer,Mideng Dreamer,Mideng Dreamer,2:0 横扫,否（无赛前价存档）
DOTA,DreamLeague China Closed Qualifier Playoffs,2026-04-12,dota2-tr7-clo-2026-04-12,Team Resilience,Team Resilience,Team Resilience,2:0 横扫,否（无赛前价存档）
DOTA,DreamLeague China Closed Qualifier Playoffs,2026-04-12,dota2-cloudd-tr7-2026-04-12,Team Resilience,Team Resilience,Team Resilience,2:0 横扫,否（无赛前价存档）
DOTA,DreamLeague China Closed Qualifier Playoffs,2026-04-13,dota2-yb1-clo-2026-04-13,Yakult Brothers,Cloud Rising,Yakult Brothers,2:1 打满,否（无赛前价存档）
DOTA,DreamLeague Southeast Asia Closed Qualifier Playoffs,2026-04-12,dota2-og-ivo-2026-04-12,Ivory,Ivory,Ivory,2:0 横扫,否（无赛前价存档）
DOTA,DreamLeague Eastern Europe Closed Qualifier Playoffs,2026-04-12,dota2-bb4-cb3-2026-04-12,Cheeki_Breeki,BetBoom Team,Cheeki_Breeki,2:1 打满,否（无赛前价存档）
DOTA,DreamLeague China Closed Qualifier Playoffs,2026-04-12,dota2-mideng-vg-2026-04-12,Vici Gaming,Vici Gaming,Vici Gaming,2:0 横扫,否（无赛前价存档）
DOTA,DreamLeague Southeast Asia Closed Qualifier Playoffs,2026-04-12,dota2-nem-carst-2026-04-12,Team Nemesis,Team Nemesis,Team Nemesis,2:0 横扫,否（无赛前价存档）
DOTA,DreamLeague Southeast Asia Closed Qualifier Playoffs,2026-04-13,dota2-glyph-yg-2026-04-13,GLYPH,GLYPH,GLYPH,2:0 横扫,否（无赛前价存档）
DOTA,DreamLeague Southeast Asia Closed Qualifier Playoffs,2026-04-13,dota2-rnx-xctn-2026-04-13,REKONIX,REKONIX,REKONIX,2:0 横扫,否（无赛前价存档）
DOTA,DreamLeague Western Europe Closed Qualifier Playoffs,2026-04-12,dota2-liquid-navi-2026-04-12,Natus Vincere,Team Liquid,Natus Vincere,2:1 打满,否（无赛前价存档）
DOTA,DreamLeague Western Europe Closed Qualifier Playoffs,2026-04-13,dota2-ave-ngx-2026-04-13,ALIS VENTORUS,Nigma Galaxy,ALIS VENTORUS,2:1 打满,否（无赛前价存档）
DOTA,DreamLeague Eastern Europe Closed Qualifier Playoffs,2026-04-12,dota2-l1ga-cb3-2026-04-12,L1ga Team,Cheeki_Breeki,L1ga Team,2:1 打满,否（无赛前价存档）
DOTA,DreamLeague Eastern Europe Closed Qualifier Playoffs,2026-04-13,dota2-re-bb4-2026-04-13,BetBoom Team,BetBoom Team,BetBoom Team,2:0 横扫,否（无赛前价存档）
DOTA,DreamLeague Eastern Europe Closed Qualifier Playoffs,2026-04-12,dota2-nemiga-1win-2026-04-12,Nemiga Gaming,1win,Nemiga Gaming,2:1 打满,否（无赛前价存档）
DOTA,EPL World Series Southeast Asia Group Stage,2026-04-13,dota2-ess-winter-2026-04-13,WinteR SquadronS,Team Essence,WinteR SquadronS,2:1 打满,否（无赛前价存档）
DOTA,DreamLeague Eastern Europe Closed Qualifier Playoffs,2026-04-13,dota2-pr-modus-2026-04-13,MODUS,Power Rangers,Power Rangers,2:1 打满,否（无赛前价存档）
DOTA,DreamLeague Southeast Asia Closed Qualifier Playoffs,2026-04-13,dota2-ivo-nem-2026-04-13,Team Nemesis,Ivory,Ivory,2:1 打满,否（无赛前价存档）
DOTA,DreamLeague Western Europe Closed Qualifier Playoffs,2026-04-13,dota2-z10-lynx-2026-04-13,Team Lynx,Zero Tenacity,Team Lynx,2:1 打满,否（无赛前价存档）
DOTA,DreamLeague Western Europe Closed Qualifier Playoffs,2026-04-13,dota2-vp-mouz-2026-04-13,Virtus.pro,MOUZ,Virtus.pro,2:1 打满,否（无赛前价存档）
DOTA,DreamLeague China Closed Qualifier Playoffs,2026-04-13,dota2-vg-tr7-2026-04-13,Vici Gaming,Vici Gaming,Vici Gaming,2:0 横扫,否（无赛前价存档）
DOTA,DreamLeague Eastern Europe Closed Qualifier Playoffs,2026-04-13,dota2-l1ga-nemiga-2026-04-13,L1ga Team,L1ga Team,L1ga Team,2:0 横扫,否（无赛前价存档）
DOTA,DreamLeague China Closed Qualifier Playoffs,2026-04-13,dota2-roar-tgoali-2026-04-13,The goal of all life is death,Roar Gaming,Roar Gaming,2:1 打满,否（无赛前价存档）
DOTA,European Pro League Playoffs,2026-04-13,dota2-lynx-modus-2026-04-13,MODUS,Team Lynx,Team Lynx,2:1 打满,否（无赛前价存档）
DOTA,European Pro League Playoffs,2026-04-13,dota2-yes-spirit1-2026-04-13,Yellow Submarine,Yellow Submarine,Yellow Submarine,2:0 横扫,否（无赛前价存档）
DOTA,European Pro League Playoffs,2026-04-13,dota2-ill-ic-2026-04-13,Ilbirs eSports,Inner Circle,Inner Circle,2:1 打满,否（无赛前价存档）
DOTA,European Pro League Playoffs,2026-04-13,dota2-nemiga-re-2026-04-13,Nemiga Gaming,Nemiga Gaming,Nemiga Gaming,2:0 横扫,否（无赛前价存档）
DOTA,DreamLeague Southeast Asia Closed Qualifier Playoffs,2026-04-13,dota2-carst-glyph-2026-04-13,Carstensz,GLYPH,GLYPH,2:1 打满,否（无赛前价存档）
DOTA,DreamLeague Southeast Asia Closed Qualifier Playoffs,2026-04-13,dota2-og-rnx-2026-04-13,REKONIX,REKONIX,REKONIX,2:0 横扫,否（无赛前价存档）
DOTA,DreamLeague China Closed Qualifier Playoffs,2026-04-13,dota2-mideng-yb1-2026-04-13,Mideng Dreamer,Mideng Dreamer,Mideng Dreamer,2:0 横扫,否（无赛前价存档）
DOTA,DreamLeague Eastern Europe Closed Qualifier Playoffs,2026-04-13,dota2-1win-bb4-2026-04-13,BetBoom Team,BetBoom Team,BetBoom Team,2:0 横扫,否（无赛前价存档）
DOTA,DreamLeague Southeast Asia Closed Qualifier Playoffs,2026-04-13,dota2-glyph-rnx-2026-04-13,GLYPH,REKONIX,REKONIX,2:1 打满,否（无赛前价存档）
DOTA,DreamLeague Eastern Europe Closed Qualifier Playoffs,2026-04-13,dota2-cb3-pr-2026-04-13,Power Rangers,Power Rangers,Power Rangers,2:0 横扫,否（无赛前价存档）
DOTA,DreamLeague Eastern Europe Closed Qualifier Playoffs,2026-04-13,dota2-pr-bb4-2026-04-13,BetBoom Team,BetBoom Team,BetBoom Team,2:0 横扫,否（无赛前价存档）
DOTA,DreamLeague South America Closed Qualifier Playoffs,2026-04-13,dota2-eb-cha-2026-04-13,Estar Backs,Estar Backs,Estar Backs,2:0 横扫,否（无赛前价存档）
DOTA,DreamLeague South America Closed Qualifier Playoffs,2026-04-13,dota2-sar1-heroic-2026-04-13,Heroic,South America Rejects,Heroic,2:1 打满,否（无赛前价存档）
DOTA,DreamLeague Southeast Asia Closed Qualifier Playoffs,2026-04-14,dota2-nem-rnx-2026-04-14,REKONIX,Team Nemesis,REKONIX,2:1 打满,否（无赛前价存档）
DOTA,DreamLeague Western Europe Closed Qualifier Playoffs,2026-04-14,dota2-liquid-lynx-2026-04-14,Team Liquid,Team Liquid,Team Liquid,2:0 横扫,否（无赛前价存档）
DOTA,EPL World Series Southeast Asia Group Stage,2026-04-13,dota2-winter-cloudd-2026-04-13,WinteR SquadronS,Cloud Dawning,Cloud Dawning,2:1 打满,否（无赛前价存档）
DOTA,EPL World Series Southeast Asia Group Stage,2026-04-14,dota2-winter-ivo-2026-04-14,Ivory,Ivory,Ivory,2:0 横扫,否（无赛前价存档）
DOTA,DreamLeague South America Closed Qualifier Playoffs,2026-04-13,dota2-btcgam-eb-2026-04-13,BTC Gaming,Estar Backs,BTC Gaming,2:1 打满,否（无赛前价存档）
DOTA,DreamLeague Eastern Europe Closed Qualifier Playoffs,2026-04-14,dota2-nemiga-bb4-2026-04-14,Nemiga Gaming,BetBoom Team,BetBoom Team,2:1 打满,否（无赛前价存档）
DOTA,DreamLeague Western Europe Closed Qualifier Playoffs,2026-04-14,dota2-mouz-ave-2026-04-14,MOUZ,MOUZ,MOUZ,2:0 横扫,否（无赛前价存档）
DOTA,DreamLeague China Closed Qualifier Playoffs,2026-04-14,dota2-tr7-roar-2026-04-14,Roar Gaming,Roar Gaming,Roar Gaming,2:0 横扫,否（无赛前价存档）
DOTA,DreamLeague Western Europe Closed Qualifier Playoffs,2026-04-14,dota2-liquid-mouz-2026-04-14,MOUZ,Team Liquid,Team Liquid,2:1 打满,否（无赛前价存档）
DOTA,European Pro League Playoffs,2026-04-15,dota2-nemiga-ic-2026-04-15,Nemiga Gaming,Inner Circle,Nemiga Gaming,2:1 打满,否（无赛前价存档）
DOTA,European Pro League Playoffs,2026-04-15,dota2-yes-lynx-2026-04-15,Team Lynx,Team Lynx,Team Lynx,2:0 横扫,否（无赛前价存档）
DOTA,European Pro League Playoffs,2026-04-15,dota2-ill-re-2026-04-15,Ilbirs eSports,Ilbirs eSports,Ilbirs eSports,2:0 横扫,否（无赛前价存档）
DOTA,European Pro League Playoffs,2026-04-16,dota2-spirit1-modus-2026-04-16,MODUS,MODUS,MODUS,2:0 横扫,否（无赛前价存档）
DOTA,European Pro League Playoffs,2026-04-16,dota2-lynx-nemiga-2026-04-16,Team Lynx,Team Lynx,Team Lynx,2:0 横扫,否（无赛前价存档）
DOTA,European Pro League Playoffs,2026-04-16,dota2-yes-ill-2026-04-16,Ilbirs eSports,Yellow Submarine,Ilbirs eSports,2:1 打满,否（无赛前价存档）
DOTA,PGL Wallachia Group Stage,2026-04-18,dota2-xtreme-navi-2026-04-18,Xtreme Gaming,Xtreme Gaming,Xtreme Gaming,2:0 横扫,否（无赛前价存档）
DOTA,PGL Wallachia Group Stage,2026-04-18,dota2-ts8-vg-2026-04-18,Vici Gaming,Team Spirit,Team Spirit,2:1 打满,否（无赛前价存档）
DOTA,PGL Wallachia Group Stage,2026-04-18,dota2-liquid-gl-2026-04-18,Team Liquid,GamerLegion,Team Liquid,2:1 打满,否（无赛前价存档）
DOTA,PGL Wallachia Group Stage,2026-04-18,dota2-aur1-sar1-2026-04-18,Aurora,South America Rejects,Aurora,2:1 打满,否（无赛前价存档）
DOTA,PGL Wallachia Group Stage,2026-04-18,dota2-bb4-vp-2026-04-18,BetBoom Team,BetBoom Team,BetBoom Team,2:0 横扫,否（无赛前价存档）
DOTA,PGL Wallachia Group Stage,2026-04-18,dota2-pari-mouz-2026-04-18,PARIVISION,PARIVISION,PARIVISION,2:0 横扫,否（无赛前价存档）
DOTA,PGL Wallachia Group Stage,2026-04-18,dota2-ty-flc-2026-04-18,Team Falcons,Team Falcons,Team Falcons,2:0 横扫,否（无赛前价存档）
DOTA,PGL Wallachia Group Stage,2026-04-18,dota2-tundra-heroic-2026-04-18,Heroic,Tundra Esports,Heroic,2:1 打满,否（无赛前价存档）
DOTA,European Pro League Playoffs,2026-04-17,dota2-ic-modus-2026-04-17,MODUS,Inner Circle,Inner Circle,2:1 打满,否（无赛前价存档）
DOTA,European Pro League Playoffs,2026-04-17,dota2-ic-ill-2026-04-17,Ilbirs eSports,Ilbirs eSports,Ilbirs eSports,2:0 横扫,否（无赛前价存档）
DOTA,EPL World Series Southeast Asia Group Stage,2026-04-17,dota2-iac-winter-2026-04-17,InterActive Philippines,InterActive Philippines,InterActive Philippines,2:0 横扫,否（无赛前价存档）
DOTA,European Pro League Playoffs,2026-04-18,dota2-nemiga-ill-2026-04-18,Nemiga Gaming,Nemiga Gaming,Nemiga Gaming,2:0 横扫,否（无赛前价存档）
DOTA,PGL Wallachia Group Stage,2026-04-19,dota2-xtreme-aur1-2026-04-19,Xtreme Gaming,Aurora,Aurora,2:1 打满,否（无赛前价存档）
DOTA,PGL Wallachia Group Stage,2026-04-19,dota2-liquid-bb4-2026-04-19,BetBoom Team,BetBoom Team,BetBoom Team,2:0 横扫,否（无赛前价存档）
DOTA,PGL Wallachia Group Stage,2026-04-19,dota2-ty-sar1-2026-04-19,South America Rejects,South America Rejects,South America Rejects,2:0 横扫,否（无赛前价存档）
DOTA,DreamLeague Division 2 Group A,2026-04-19,dota2-modus-ivo-2026-04-19,Ivory,MODUS,MODUS,2:1 打满,否（无赛前价存档）
DOTA,DreamLeague Division 2 Group B,2026-04-19,dota2-l1ga-eb-2026-04-19,L1ga Team,L1ga Team,L1ga Team,2:0 横扫,否（无赛前价存档）
DOTA,PGL Wallachia Group Stage,2026-04-19,dota2-vg-navi-2026-04-19,Natus Vincere,Vici Gaming,Vici Gaming,2:1 打满,否（无赛前价存档）
DOTA,DreamLeague Division 2 Group A,2026-04-19,dota2-roar-ngx-2026-04-19,Nigma Galaxy,Nigma Galaxy,Nigma Galaxy,2:0 横扫,否（无赛前价存档）
DOTA,PGL Wallachia Group Stage,2026-04-19,dota2-mouz-gl-2026-04-19,GamerLegion,GamerLegion,GamerLegion,2:0 横扫,否（无赛前价存档）
DOTA,DreamLeague Division 2 Group A,2026-04-19,dota2-nemiga-ngx-2026-04-19,Nigma Galaxy,Nigma Galaxy,Nigma Galaxy,2:0 横扫,否（无赛前价存档）
DOTA,PGL Wallachia Group Stage,2026-04-19,dota2-ts8-flc-2026-04-19,Team Spirit,Team Falcons,Team Falcons,2:1 打满,否（无赛前价存档）
DOTA,PGL Wallachia Group Stage,2026-04-19,dota2-tundra-vp-2026-04-19,Virtus.pro,Tundra Esports,Virtus.pro,2:1 打满,否（无赛前价存档）
DOTA,DreamLeague Division 2 Group A,2026-04-19,dota2-lynx-1win-2026-04-19,Team Lynx,1win,1win,2:1 打满,否（无赛前价存档）
DOTA,DreamLeague Division 2 Group A,2026-04-19,dota2-1win-ivo-2026-04-19,1win,1win,1win,2:0 横扫,否（无赛前价存档）
DOTA,DreamLeague Division 2 Group B,2026-04-19,dota2-z10-eb-2026-04-19,Zero Tenacity,Estar Backs,Zero Tenacity,2:1 打满,否（无赛前价存档）
DOTA,PGL Wallachia Group Stage,2026-04-19,dota2-pari-heroic-2026-04-19,PARIVISION,PARIVISION,PARIVISION,2:0 横扫,否（无赛前价存档）
DOTA,DreamLeague Division 2 Group A,2026-04-19,dota2-re-roar-2026-04-19,Rune Eaters,Rune Eaters,Rune Eaters,2:0 横扫,否（无赛前价存档）
DOTA,DreamLeague Division 2 Group B,2026-04-19,dota2-ave-pr1-2026-04-19,Power Rangers,Power Rangers,Power Rangers,2:0 横扫,否（无赛前价存档）
DOTA,DreamLeague Division 2 Group B,2026-04-19,dota2-sar1-z10-2026-04-19,South America Rejects,South America Rejects,South America Rejects,2:0 横扫,否（无赛前价存档）
DOTA,DreamLeague Division 2 Group A,2026-04-20,dota2-lynx-ivo-2026-04-20,Team Lynx,Team Lynx,Team Lynx,2:0 横扫,否（无赛前价存档）
DOTA,DreamLeague Division 2 Group B,2026-04-20,dota2-sar1-eb-2026-04-20,South America Rejects,South America Rejects,South America Rejects,2:0 横扫,否（无赛前价存档）
DOTA,DreamLeague Division 2 Group B,2026-04-20,dota2-ave-z10-2026-04-20,ALIS VENTORUS,ALIS VENTORUS,ALIS VENTORUS,2:0 横扫,否（无赛前价存档）
DOTA,DreamLeague Division 2 Group A,2026-04-20,dota2-ngx-1win-2026-04-20,Nigma Galaxy,Nigma Galaxy,Nigma Galaxy,2:0 横扫,否（无赛前价存档）
DOTA,DreamLeague Division 2 Group B,2026-04-20,dota2-z10-pr1-2026-04-20,Zero Tenacity,Power Rangers,Zero Tenacity,2:1 打满,否（无赛前价存档）
DOTA,DreamLeague Division 2 Group A,2026-04-20,dota2-nemiga-1win-2026-04-20,Nemiga Gaming,Nemiga Gaming,Nemiga Gaming,2:0 横扫,否（无赛前价存档）
DOTA,DreamLeague Division 2 Group A,2026-04-20,dota2-re-ngx-2026-04-20,Nigma Galaxy,Nigma Galaxy,Nigma Galaxy,2:0 横扫,否（无赛前价存档）
DOTA,PGL Wallachia Group Stage,2026-04-20,dota2-liquid-vg-2026-04-20,Vici Gaming,Team Liquid,Team Liquid,2:1 打满,否（无赛前价存档）
DOTA,PGL Wallachia Group Stage,2026-04-20,dota2-ty-navi-2026-04-20,Team Yandex,Natus Vincere,Natus Vincere,2:1 打满,否（无赛前价存档）
DOTA,PGL Wallachia Group Stage,2026-04-20,dota2-bb4-flc-2026-04-20,Team Falcons,BetBoom Team,BetBoom Team,2:1 打满,否（无赛前价存档）
DOTA,PGL Wallachia Group Stage,2026-04-20,dota2-xtreme-sar1-2026-04-20,South America Rejects,Xtreme Gaming,South America Rejects,2:1 打满,否（无赛前价存档）
DOTA,PGL Wallachia Group Stage,2026-04-20,dota2-heroic-vp-2026-04-20,Heroic,Heroic,Heroic,2:0 横扫,否（无赛前价存档）
DOTA,PGL Wallachia Group Stage,2026-04-20,dota2-mouz-tundra-2026-04-20,MOUZ,Tundra Esports,MOUZ,2:1 打满,否（无赛前价存档）
DOTA,PGL Wallachia Group Stage,2026-04-20,dota2-aur1-pari-2026-04-20,Aurora,PARIVISION,Aurora,2:1 打满,否（无赛前价存档）
DOTA,PGL Wallachia Group Stage,2026-04-20,dota2-ts8-gl-2026-04-20,GamerLegion,GamerLegion,GamerLegion,2:0 横扫,否（无赛前价存档）
DOTA,DreamLeague Division 2 Group B,2026-04-20,dota2-cb3-pr1-2026-04-20,Power Rangers,Cheeki_Breeki,Power Rangers,2:1 打满,否（无赛前价存档）
DOTA,EPL World Series Southeast Asia Playoffs,2026-04-20,dota2-iac-satan-2026-04-20,Satan666,InterActive Philippines,InterActive Philippines,2:1 打满,否（无赛前价存档）
DOTA,DreamLeague Division 2 Group A,2026-04-20,dota2-roar-ivo-2026-04-20,Roar Gaming,Roar Gaming,Roar Gaming,2:0 横扫,否（无赛前价存档）
DOTA,EPL World Series Southeast Asia Playoffs,2026-04-20,dota2-ivo-winter-2026-04-20,Ivory,Ivory,Ivory,2:0 横扫,否（无赛前价存档）
DOTA,DreamLeague Division 2 Group A,2026-04-21,dota2-roar-nemiga-2026-04-21,Nemiga Gaming,Nemiga Gaming,Nemiga Gaming,2:0 横扫,否（无赛前价存档）
DOTA,DreamLeague Division 2 Group A,2026-04-21,dota2-1win-modus-2026-04-21,MODUS,1win,1win,2:1 打满,否（无赛前价存档）
DOTA,DreamLeague Division 2 Group A,2026-04-21,dota2-ivo-re-2026-04-21,Rune Eaters,Rune Eaters,Rune Eaters,2:0 横扫,否（无赛前价存档）
DOTA,DreamLeague Division 2 Group A,2026-04-21,dota2-ngx-lynx-2026-04-21,Nigma Galaxy,Nigma Galaxy,Nigma Galaxy,2:0 横扫,否（无赛前价存档）
DOTA,DreamLeague Division 2 Group B,2026-04-21,dota2-z10-l1ga-2026-04-21,Zero Tenacity,Zero Tenacity,Zero Tenacity,2:0 横扫,否（无赛前价存档）
DOTA,DreamLeague Division 2 Group A,2026-04-21,dota2-re-nemiga-2026-04-21,Nemiga Gaming,Rune Eaters,Rune Eaters,2:1 打满,否（无赛前价存档）
DOTA,DreamLeague Division 2 Group A,2026-04-21,dota2-modus-lynx-2026-04-21,MODUS,MODUS,MODUS,2:0 横扫,否（无赛前价存档）
DOTA,DreamLeague Division 2 Group B,2026-04-21,dota2-pr1-sar1-2026-04-21,South America Rejects,South America Rejects,South America Rejects,2:0 横扫,否（无赛前价存档）
DOTA,DreamLeague Division 2 Group B,2026-04-21,dota2-ave-cb3-2026-04-21,Cheeki_Breeki,Cheeki_Breeki,Cheeki_Breeki,2:0 横扫,否（无赛前价存档）
DOTA,DreamLeague Division 2 Group B,2026-04-21,dota2-sar1-l1ga-2026-04-21,L1ga Team,South America Rejects,South America Rejects,2:1 打满,否（无赛前价存档）
DOTA,DreamLeague Division 2 Group B,2026-04-21,dota2-eb-cb3-2026-04-21,Cheeki_Breeki,Cheeki_Breeki,Cheeki_Breeki,2:0 横扫,否（无赛前价存档）
DOTA,EPL World Series Southeast Asia Playoffs,2026-04-21,dota2-satan-cloudd-2026-04-21,Satan666,Satan666,Satan666,2:0 横扫,否（无赛前价存档）
DOTA,PGL Wallachia Group Stage,2026-04-21,dota2-liquid-heroic-2026-04-21,Team Liquid,Team Liquid,Team Liquid,2:0 横扫,否（无赛前价存档）
DOTA,PGL Wallachia Group Stage,2026-04-21,dota2-flc-gl-2026-04-21,Team Falcons,Team Falcons,Team Falcons,2:0 横扫,否（无赛前价存档）
DOTA,PGL Wallachia Group Stage,2026-04-21,dota2-xtreme-vg-2026-04-21,Xtreme Gaming,Xtreme Gaming,Xtreme Gaming,2:0 横扫,否（无赛前价存档）
DOTA,PGL Wallachia Group Stage,2026-04-21,dota2-pari-sar1-2026-04-21,South America Rejects,PARIVISION,PARIVISION,2:1 打满,否（无赛前价存档）
DOTA,PGL Wallachia Group Stage,2026-04-21,dota2-vp-mouz-2026-04-21,Virtus.pro,MOUZ,MOUZ,2:1 打满,否（无赛前价存档）
DOTA,PGL Wallachia Group Stage,2026-04-21,dota2-ts8-navi-2026-04-21,Natus Vincere,Team Spirit,Team Spirit,2:1 打满,否（无赛前价存档）
DOTA,EPL World Series Southeast Asia Playoffs,2026-04-21,dota2-satan-ivo-2026-04-21,Ivory,Satan666,Ivory,2:1 打满,否（无赛前价存档）
DOTA,DreamLeague Division 2 Group A,2026-04-22,dota2-ivo-nemiga-2026-04-22,Nemiga Gaming,Nemiga Gaming,Nemiga Gaming,2:0 横扫,否（无赛前价存档）
DOTA,DreamLeague Division 2 Group A,2026-04-22,dota2-re-modus-2026-04-22,MODUS,Rune Eaters,Rune Eaters,2:1 打满,否（无赛前价存档）
DOTA,DreamLeague Division 2 Group A,2026-04-22,dota2-roar-lynx-2026-04-22,Team Lynx,Team Lynx,Team Lynx,2:0 横扫,否（无赛前价存档）
DOTA,DreamLeague Division 2 Group A,2026-04-22,dota2-ngx-modus-2026-04-22,Nigma Galaxy,Nigma Galaxy,Nigma Galaxy,2:0 横扫,否（无赛前价存档）
DOTA,DreamLeague Division 2 Group A,2026-04-22,dota2-1win-re-2026-04-22,1win,1win,1win,2:0 横扫,否（无赛前价存档）
DOTA,DreamLeague Division 2 Group B,2026-04-22,dota2-cb3-l1ga-2026-04-22,Cheeki_Breeki,Cheeki_Breeki,Cheeki_Breeki,2:0 横扫,否（无赛前价存档）
DOTA,DreamLeague Division 2 Group B,2026-04-22,dota2-sar1-ave-2026-04-22,ALIS VENTORUS,ALIS VENTORUS,ALIS VENTORUS,2:0 横扫,否（无赛前价存档）
DOTA,DreamLeague Division 2 Group B,2026-04-22,dota2-eb-ave-2026-04-22,ALIS VENTORUS,Estar Backs,Estar Backs,2:1 打满,否（无赛前价存档）
DOTA,DreamLeague Division 2 Group B,2026-04-22,dota2-z10-cb3-2026-04-22,Zero Tenacity,Zero Tenacity,Zero Tenacity,2:0 横扫,否（无赛前价存档）
DOTA,DreamLeague Division 2 Group A,2026-04-22,dota2-lynx-nemiga-2026-04-22,Nemiga Gaming,Team Lynx,Nemiga Gaming,2:1 打满,否（无赛前价存档）
DOTA,DreamLeague Division 2 Group B,2026-04-22,dota2-pr1-l1ga-2026-04-22,L1ga Team,Power Rangers,Power Rangers,2:1 打满,否（无赛前价存档）
DOTA,PGL Wallachia Group Stage,2026-04-22,dota2-gl-heroic-2026-04-22,Heroic,Heroic,Heroic,2:0 横扫,否（无赛前价存档）
DOTA,PGL Wallachia Group Stage,2026-04-22,dota2-sar1-mouz-2026-04-22,South America Rejects,MOUZ,South America Rejects,2:1 打满,否（无赛前价存档）
DOTA,PGL Wallachia Group Stage,2026-04-22,dota2-xtreme-ts8-2026-04-22,Team Spirit,Team Spirit,Team Spirit,2:0 横扫,否（无赛前价存档）
DOTA,EPL World Series Southeast Asia Playoffs,2026-04-22,dota2-iac-carst-2026-04-22,Carstensz,InterActive Philippines,Carstensz,2:1 打满,否（无赛前价存档）
DOTA,PGL Wallachia Playoffs,2026-04-23,dota2-aur1-heroic-2026-04-23,Aurora,Aurora,Aurora,2:0 横扫,否（无赛前价存档）
DOTA,PGL Wallachia Playoffs,2026-04-23,dota2-bb4-ts8-2026-04-23,BetBoom Team,BetBoom Team,BetBoom Team,2:0 横扫,否（无赛前价存档）
DOTA,PGL Wallachia Playoffs,2026-04-23,dota2-liquid-flc-2026-04-23,Team Liquid,Team Liquid,Team Liquid,2:0 横扫,否（无赛前价存档）
DOTA,PGL Wallachia Playoffs,2026-04-23,dota2-pari-sar1-2026-04-23,South America Rejects,PARIVISION,PARIVISION,2:1 打满,否（无赛前价存档）
DOTA,DreamLeague Division 2 Group A,2026-04-23,dota2-modus-nemiga-2026-04-23,Nemiga Gaming,MODUS,Nemiga Gaming,2:1 打满,否（无赛前价存档）
DOTA,DreamLeague Division 2 Group A,2026-04-23,dota2-re-lynx-2026-04-23,Rune Eaters,Rune Eaters,Rune Eaters,2:0 横扫,否（无赛前价存档）
DOTA,DreamLeague Division 2 Group B,2026-04-23,dota2-ave-l1ga-2026-04-23,L1ga Team,L1ga Team,L1ga Team,2:0 横扫,否（无赛前价存档）
DOTA,DreamLeague Division 2 Group B,2026-04-23,dota2-eb-pr1-2026-04-23,Power Rangers,Power Rangers,Power Rangers,2:0 横扫,否（无赛前价存档）
DOTA,DreamLeague Division 2 Group B,2026-04-23,dota2-sar1-cb3-2026-04-23,Cheeki_Breeki,South America Rejects,South America Rejects,2:1 打满,否（无赛前价存档）
DOTA,DreamLeague Division 2 Group A,2026-04-23,dota2-roar-1win-2026-04-23,1win,Roar Gaming,1win,2:1 打满,否（无赛前价存档）
DOTA,PGL Wallachia Playoffs,2026-04-24,dota2-pari-aur1-2026-04-24,PARIVISION,Aurora,Aurora,2:1 打满,否（无赛前价存档）
DOTA,PGL Wallachia Playoffs,2026-04-24,dota2-sar1-heroic-2026-04-24,South America Rejects,Heroic,South America Rejects,2:1 打满,否（无赛前价存档）
DOTA,DreamLeague Division 2 Playoffs,2026-04-24,dota2-ngx-cb3-2026-04-24,Nigma Galaxy,Nigma Galaxy,Nigma Galaxy,2:0 横扫,否（无赛前价存档）
DOTA,DreamLeague Division 2 Playoffs,2026-04-24,dota2-z10-nemiga-2026-04-24,Zero Tenacity,Nemiga Gaming,Zero Tenacity,2:1 打满,否（无赛前价存档）
DOTA,DreamLeague Division 2 Playoffs,2026-04-24,dota2-re-pr1-2026-04-24,Rune Eaters,Power Rangers,Power Rangers,2:1 打满,否（无赛前价存档）
DOTA,DreamLeague Division 2 Playoffs,2026-04-25,dota2-sar1-1win-2026-04-25,1win,South America Rejects,1win,2:1 打满,否（无赛前价存档）
DOTA,PGL Wallachia Playoffs,2026-04-24,dota2-flc-ts8-2026-04-24,Team Falcons,Team Falcons,Team Falcons,2:0 横扫,否（无赛前价存档）
DOTA,PGL Wallachia Playoffs,2026-04-24,dota2-liquid-bb4-2026-04-24,Team Liquid,BetBoom Team,BetBoom Team,2:1 打满,否（无赛前价存档）
DOTA,DreamLeague Division 2 Playoffs,2026-04-25,dota2-cb3-modus-2026-04-25,MODUS,Cheeki_Breeki,Cheeki_Breeki,2:1 打满,否（无赛前价存档）
DOTA,PGL Wallachia Playoffs,2026-04-25,dota2-pari-flc-2026-04-25,Team Falcons,Team Falcons,Team Falcons,2:0 横扫,否（无赛前价存档）
DOTA,DreamLeague Division 2 Playoffs,2026-04-26,dota2-re-lynx-2026-04-26,Rune Eaters,Team Lynx,Team Lynx,2:1 打满,否（无赛前价存档）
DOTA,DreamLeague Division 2 Playoffs,2026-04-26,dota2-sar1-ave-2026-04-26,South America Rejects,South America Rejects,South America Rejects,2:0 横扫,否（无赛前价存档）
DOTA,DreamLeague Division 2 Playoffs,2026-04-27,dota2-1win-pr1-2026-04-27,1win,Power Rangers,1win,2:1 打满,否（无赛前价存档）
DOTA,PGL Wallachia Playoffs,2026-04-25,dota2-liquid-sar1-2026-04-25,Team Liquid,Team Liquid,Team Liquid,2:0 横扫,否（无赛前价存档）
DOTA,PGL Wallachia Playoffs,2026-04-25,dota2-aur1-bb4-2026-04-25,BetBoom Team,Aurora,BetBoom Team,2:1 打满,否（无赛前价存档）
DOTA,PGL Wallachia Playoffs,2026-04-25,dota2-liquid-flc-2026-04-25,Team Falcons,Team Liquid,Team Falcons,2:1 打满,否（无赛前价存档）
DOTA,DreamLeague Division 2 Playoffs,2026-04-25,dota2-nemiga-l1ga-2026-04-25,Nemiga Gaming,L1ga Team,L1ga Team,2:1 打满,否（无赛前价存档）
DOTA,DreamLeague Division 2 Playoffs,2026-04-26,dota2-ngx-z10-2026-04-26,Nigma Galaxy,Nigma Galaxy,Nigma Galaxy,2:0 横扫,否（无赛前价存档）
DOTA,PGL Wallachia Playoffs,2026-04-26,dota2-aur1-flc-2026-04-26,Aurora,Aurora,Aurora,2:0 横扫,否（无赛前价存档）
DOTA,DreamLeague Division 2 Playoffs,2026-04-27,dota2-cb3-l1ga-2026-04-27,L1ga Team,L1ga Team,L1ga Team,2:0 横扫,否（无赛前价存档）
DOTA,DreamLeague Division 2 Playoffs,2026-04-28,dota2-lynx-sar1-2026-04-28,Team Lynx,South America Rejects,South America Rejects,2:1 打满,否（无赛前价存档）
DOTA,DreamLeague Division 2 Playoffs,2026-04-29,dota2-ngx-1win-2026-04-29,Nigma Galaxy,Nigma Galaxy,Nigma Galaxy,2:0 横扫,否（无赛前价存档）
DOTA,DreamLeague Division 2 Playoffs,2026-04-28,dota2-pr1-l1ga-2026-04-28,L1ga Team,Power Rangers,Power Rangers,2:1 打满,否（无赛前价存档）
DOTA,DreamLeague Division 2 Playoffs,2026-04-29,dota2-z10-sar1-2026-04-29,South America Rejects,South America Rejects,South America Rejects,2:0 横扫,否（无赛前价存档）
DOTA,European Pro League Group A,2026-04-29,dota2-ave-pr1-2026-04-29,ALIS VENTORUS,Power Rangers,Power Rangers,2:1 打满,否（无赛前价存档）
DOTA,European Pro League Group A,2026-04-29,dota2-enjoyb-re-2026-04-29,Rune Eaters,enjoy boys,Rune Eaters,2:1 打满,否（无赛前价存档）
DOTA,European Pro League Group A,2026-04-29,dota2-ic-stels-2026-04-29,Inner Circle,Inner Circle,Inner Circle,2:0 横扫,否（无赛前价存档）
DOTA,1win Essence Group B,2026-05-03,dota2-l1ga-rnx-2026-05-03,REKONIX,REKONIX,REKONIX,2:0 横扫,否（无赛前价存档）
DOTA,1win Essence Group B,2026-05-02,dota2-z10-l1ga-2026-05-02,L1ga Team,L1ga Team,L1ga Team,2:0 横扫,否（无赛前价存档）
DOTA,1win Essence Group A,2026-05-03,dota2-mouz-yes-2026-05-03,Yellow Submarine,MOUZ,Yellow Submarine,2:1 打满,否（无赛前价存档）
DOTA,1win Essence Group A,2026-05-02,dota2-nemiga-1win-2026-05-02,1win,1win,1win,2:0 横扫,否（无赛前价存档）
DOTA,1win Essence Group B,2026-05-02,dota2-ngx-rnx-2026-05-02,Nigma Galaxy,Nigma Galaxy,Nigma Galaxy,2:0 横扫,否（无赛前价存档）
DOTA,1win Essence Group A,2026-05-02,dota2-yes-sar1-2026-05-02,South America Rejects,Yellow Submarine,Yellow Submarine,2:1 打满,否（无赛前价存档）
DOTA,1win Essence Group A,2026-05-03,dota2-nemiga-sar1-2026-05-03,South America Rejects,South America Rejects,South America Rejects,2:0 横扫,否（无赛前价存档）
DOTA,1win Essence Group B,2026-05-03,dota2-ngx-z10-2026-05-03,Nigma Galaxy,Nigma Galaxy,Nigma Galaxy,2:0 横扫,否（无赛前价存档）
DOTA,European Pro League Group A,2026-04-30,dota2-ic-ave-2026-04-30,Inner Circle,Inner Circle,Inner Circle,2:0 横扫,否（无赛前价存档）
DOTA,European Pro League Group B,2026-04-30,dota2-dgs-modus-2026-04-30,DOGSENT,MODUS,MODUS,2:1 打满,否（无赛前价存档）
DOTA,European Pro League Group A,2026-04-30,dota2-enjoyb-pr1-2026-04-30,enjoy boys,Power Rangers,enjoy boys,2:1 打满,否（无赛前价存档）
DOTA,DreamLeague Division 2 Playoffs,2026-04-30,dota2-pr1-sar1-2026-04-30,South America Rejects,South America Rejects,South America Rejects,2:0 横扫,否（无赛前价存档）
DOTA,DreamLeague Division 2 Playoffs,2026-04-30,dota2-1win-sar1-2026-04-30,South America Rejects,South America Rejects,South America Rejects,2:0 横扫,否（无赛前价存档）
DOTA,European Pro League Group B,2026-05-01,dota2-modus-ill-2026-05-01,Ilbirs eSports,MODUS,MODUS,2:1 打满,否（无赛前价存档）
DOTA,European Pro League Group A,2026-05-01,dota2-enjoyb-ic-2026-05-01,Inner Circle,Inner Circle,Inner Circle,2:0 横扫,否（无赛前价存档）
DOTA,European Pro League Group A,2026-05-01,dota2-re-stels-2026-05-01,Rune Eaters,Rune Eaters,Rune Eaters,2:0 横扫,否（无赛前价存档）
DOTA,ACL X ESL Challenger China Playoffs,2026-05-01,dota2-roar-mideng-2026-05-01,Roar Gaming,Mideng Dreamer,Roar Gaming,2:1 打满,否（无赛前价存档）
DOTA,ACL X ESL Challenger China Playoffs,2026-05-01,dota2-xtreme-yb1-2026-05-01,Xtreme Gaming,Xtreme Gaming,Xtreme Gaming,2:0 横扫,否（无赛前价存档）
DOTA,ACL X ESL Challenger China Playoffs,2026-05-01,dota2-vg-tr7-2026-05-01,Team Resilience,Team Resilience,Team Resilience,2:0 横扫,否（无赛前价存档）
DOTA,ACL X ESL Challenger China Playoffs,2026-05-01,dota2-cloudd-ref-2026-05-01,Cloud Dawning,Cloud Dawning,Cloud Dawning,2:0 横扫,否（无赛前价存档）
DOTA,ACL X ESL Challenger China Playoffs,2026-05-02,dota2-yb1-cloudd-2026-05-02,Yakult Brothers,Yakult Brothers,Yakult Brothers,2:0 横扫,否（无赛前价存档）
DOTA,ACL X ESL Challenger China Playoffs,2026-05-02,dota2-xtreme-tr7-2026-05-02,Team Resilience,Team Resilience,Team Resilience,2:0 横扫,否（无赛前价存档）
DOTA,European Pro League Group B,2026-05-02,dota2-modus-aim-2026-05-02,MODUS,Aim Possible,Aim Possible,2:1 打满,否（无赛前价存档）
DOTA,European Pro League Group B,2026-05-02,dota2-ill-dgs-2026-05-02,Ilbirs eSports,Ilbirs eSports,Ilbirs eSports,2:0 横扫,否（无赛前价存档）
DOTA,ACL X ESL Challenger China Playoffs,2026-05-02,dota2-vg-roar-2026-05-02,Vici Gaming,Vici Gaming,Vici Gaming,2:0 横扫,否（无赛前价存档）
DOTA,ACL X ESL Challenger China Playoffs,2026-05-02,dota2-vg-yb1-2026-05-02,Vici Gaming,Yakult Brothers,Vici Gaming,2:1 打满,否（无赛前价存档）
DOTA,ACL X ESL Challenger China Playoffs,2026-05-03,dota2-xtreme-vg-2026-05-03,Xtreme Gaming,Vici Gaming,Vici Gaming,2:1 打满,否（无赛前价存档）
DOTA,European Pro League Group A,2026-05-03,dota2-ic-pr1-2026-05-03,Inner Circle,Power Rangers,Power Rangers,2:1 打满,否（无赛前价存档）
DOTA,European Pro League Group A,2026-05-03,dota2-enjoyb-stels-2026-05-03,enjoy boys,Team Stels,Team Stels,2:1 打满,否（无赛前价存档）
DOTA,1win Essence Group B,2026-05-04,dota2-z10-rnx-2026-05-04,Zero Tenacity,REKONIX,Zero Tenacity,2:1 打满,否（无赛前价存档）
DOTA,1win Essence Group A,2026-05-04,dota2-nemiga-mouz-2026-05-04,MOUZ,MOUZ,MOUZ,2:0 横扫,否（无赛前价存档）
DOTA,1win Essence Group A,2026-05-04,dota2-1win-playti-2026-05-04,1win,PlayTime,PlayTime,2:1 打满,否（无赛前价存档）
DOTA,1win Essence Group B,2026-05-04,dota2-nem-ngx-2026-05-04,Nigma Galaxy,Nigma Galaxy,Nigma Galaxy,2:0 横扫,否（无赛前价存档）
DOTA,European Pro League Group B,2026-05-03,dota2-aim-nem-2026-05-03,Aim Possible,Aim Possible,Aim Possible,2:0 横扫,否（无赛前价存档）
DOTA,European Pro League Group B,2026-05-04,dota2-ill-nem-2026-05-04,Team Nemesis,Ilbirs eSports,Team Nemesis,2:1 打满,否（无赛前价存档）
DOTA,European Pro League Group A,2026-05-04,dota2-re-pr1-2026-05-04,Power Rangers,Power Rangers,Power Rangers,2:0 横扫,否（无赛前价存档）
DOTA,EPL World Series Southeast Asia Group Stage,2026-05-04,dota2-satan-carst-2026-05-04,Carstensz,Carstensz,Carstensz,2:0 横扫,否（无赛前价存档）
DOTA,1win Essence Group B,2026-05-05,dota2-nem-rnx-2026-05-05,Team Nemesis,REKONIX,REKONIX,2:1 打满,否（无赛前价存档）
DOTA,1win Essence Group B,2026-05-05,dota2-nem-l1ga-2026-05-05,Team Nemesis,L1ga Team,L1ga Team,2:1 打满,否（无赛前价存档）
DOTA,1win Essence Group A,2026-05-05,dota2-yes-nemiga-2026-05-05,Yellow Submarine,Nemiga Gaming,Yellow Submarine,2:1 打满,否（无赛前价存档）
DOTA,1win Essence Group A,2026-05-05,dota2-mouz-1win-2026-05-05,1win,1win,1win,2:0 横扫,否（无赛前价存档）
DOTA,EPL World Series Southeast Asia Group Stage,2026-05-05,dota2-grind-glyph-2026-05-05,Grind Back,GLYPH,Grind Back,2:1 打满,否（无赛前价存档）
DOTA,EPL World Series Southeast Asia Group Stage,2026-05-04,dota2-iac-carst-2026-05-04,Carstensz,Carstensz,Carstensz,2:0 横扫,否（无赛前价存档）
DOTA,European Pro League Group B,2026-05-05,dota2-ill-lynx-2026-05-05,Team Lynx,Team Lynx,Team Lynx,2:0 横扫,否（无赛前价存档）
DOTA,EPL World Series Southeast Asia Group Stage,2026-05-05,dota2-winter-5sm-2026-05-05,WinteR SquadronS,WinteR SquadronS,WinteR SquadronS,2:0 横扫,否（无赛前价存档）
DOTA,1win Essence Group A,2026-05-06,dota2-mouz-playti-2026-05-06,MOUZ,PlayTime,PlayTime,2:1 打满,否（无赛前价存档）
DOTA,1win Essence Group B,2026-05-06,dota2-l1ga-ngx-2026-05-06,Nigma Galaxy,Nigma Galaxy,Nigma Galaxy,2:0 横扫,否（无赛前价存档）
DOTA,1win Essence Group B,2026-05-06,dota2-nem-z10-2026-05-06,Team Nemesis,Zero Tenacity,Team Nemesis,2:1 打满,否（无赛前价存档）
DOTA,1win Essence Group A,2026-05-06,dota2-yes-1win-2026-05-06,Yellow Submarine,Yellow Submarine,Yellow Submarine,2:0 横扫,否（无赛前价存档）
DOTA,European Pro League Group B,2026-05-05,dota2-aim-lynx-2026-05-05,Aim Possible,Aim Possible,Aim Possible,2:0 横扫,否（无赛前价存档）
DOTA,EPL World Series Southeast Asia Group Stage,2026-05-06,dota2-glyph-5sm-2026-05-06,GLYPH,GLYPH,GLYPH,2:0 横扫,否（无赛前价存档）
DOTA,EPL World Series Southeast Asia Group Stage,2026-05-06,dota2-dfam-grind-2026-05-06,Grind Back,D family,Grind Back,2:1 打满,否（无赛前价存档）
DOTA,EPL World Series Southeast Asia Group Stage,2026-05-05,dota2-5sm-iac-2026-05-05,InterActive Philippines,InterActive Philippines,InterActive Philippines,2:0 横扫,否（无赛前价存档）
DOTA,EPL World Series Southeast Asia Group Stage,2026-05-06,dota2-5sm-dfam-2026-05-06,D family,D family,D family,2:0 横扫,否（无赛前价存档）
DOTA,EPL World Series Southeast Asia Group Stage,2026-05-07,dota2-glyph-carst-2026-05-07,GLYPH,GLYPH,GLYPH,2:0 横扫,否（无赛前价存档）
DOTA,European Pro League Group B,2026-05-07,dota2-ill-tm6-2026-05-07,Two Move,Two Move,Two Move,2:0 横扫,否（无赛前价存档）
DOTA,EPL World Series Southeast Asia Group Stage,2026-05-07,dota2-satan-grind-2026-05-07,Grind Back,Grind Back,Grind Back,2:0 横扫,否（无赛前价存档）
DOTA,European Pro League Group B,2026-05-07,dota2-lynx-modus-2026-05-07,MODUS,MODUS,MODUS,2:0 横扫,否（无赛前价存档）
DOTA,1win Essence Decider Stage,2026-05-07,dota2-1win-nem-2026-05-07,Team Nemesis,1win,1win,2:1 打满,否（无赛前价存档）
DOTA,1win Essence Decider Stage,2026-05-07,dota2-l1ga-mouz-2026-05-07,L1ga Team,MOUZ,L1ga Team,2:1 打满,否（无赛前价存档）
DOTA,1win Essence Playoffs,2026-05-08,dota2-yes-rnx-2026-05-08,REKONIX,REKONIX,REKONIX,2:0 横扫,否（无赛前价存档）
DOTA,1win Essence Playoffs,2026-05-08,dota2-ngx-playti-2026-05-08,PlayTime,PlayTime,PlayTime,2:0 横扫,否（无赛前价存档）
DOTA,1win Essence Playoffs,2026-05-08,dota2-tundra-1win-2026-05-08,1win,Tundra Esports,1win,2:1 打满,否（无赛前价存档）
DOTA,European Pro League Playoffs,2026-05-08,dota2-re-modus-2026-05-08,Rune Eaters,Rune Eaters,Rune Eaters,2:0 横扫,否（无赛前价存档）
DOTA,European Pro League Playoffs,2026-05-08,dota2-ic-nem-2026-05-08,Inner Circle,Inner Circle,Inner Circle,2:0 横扫,否（无赛前价存档）
DOTA,EPL World Series Southeast Asia Group Stage,2026-05-08,dota2-grind-winter-2026-05-08,Grind Back,WinteR SquadronS,Grind Back,2:1 打满,否（无赛前价存档）
DOTA,European Pro League Playoffs,2026-05-08,dota2-pr1-lynx-2026-05-08,Power Rangers,Team Lynx,Team Lynx,2:1 打满,否（无赛前价存档）
DOTA,European Pro League Playoffs,2026-05-08,dota2-enjoyb-tm6-2026-05-08,enjoy boys,Two Move,Two Move,2:1 打满,否（无赛前价存档）
DOTA,EPL World Series Southeast Asia Group Stage,2026-05-08,dota2-satan-glyph-2026-05-08,GLYPH,GLYPH,GLYPH,2:0 横扫,否（无赛前价存档）
DOTA,1win Essence Playoffs,2026-05-08,dota2-pari-l1ga-2026-05-08,PARIVISION,PARIVISION,PARIVISION,2:0 横扫,否（无赛前价存档）
DOTA,EPL World Series Southeast Asia Group Stage,2026-05-07,dota2-glyph-iac-2026-05-07,GLYPH,GLYPH,GLYPH,2:0 横扫,否（无赛前价存档）
DOTA,1win Essence Playoffs,2026-05-09,dota2-rnx-1win-2026-05-09,1win,1win,1win,2:0 横扫,否（无赛前价存档）
DOTA,1win Essence Playoffs,2026-05-09,dota2-yes-tundra-2026-05-09,Yellow Submarine,Yellow Submarine,Yellow Submarine,2:0 横扫,否（无赛前价存档）
DOTA,1win Essence Playoffs,2026-05-09,dota2-ngx-l1ga-2026-05-09,Nigma Galaxy,Nigma Galaxy,Nigma Galaxy,2:0 横扫,否（无赛前价存档）
DOTA,1win Essence Playoffs,2026-05-09,dota2-playti-pari-2026-05-09,PARIVISION,PlayTime,PARIVISION,2:1 打满,否（无赛前价存档）
DOTA,European Pro League Playoffs,2026-05-09,dota2-ic-lynx-2026-05-09,Inner Circle,Team Lynx,Team Lynx,2:1 打满,否（无赛前价存档）
DOTA,EPL World Series Southeast Asia Group Stage,2026-05-09,dota2-grind-5sm-2026-05-09,Grind Back,Grind Back,Grind Back,2:0 横扫,否（无赛前价存档）
DOTA,European Pro League Playoffs,2026-05-09,dota2-nem-pr1-2026-05-09,Power Rangers,Power Rangers,Power Rangers,2:0 横扫,否（无赛前价存档）
DOTA,1win Essence Playoffs,2026-05-10,dota2-rnx-ngx-2026-05-10,Nigma Galaxy,Nigma Galaxy,Nigma Galaxy,2:0 横扫,否（无赛前价存档）
DOTA,1win Essence Playoffs,2026-05-10,dota2-1win-pari-2026-05-10,PARIVISION,PARIVISION,PARIVISION,2:0 横扫,否（无赛前价存档）
DOTA,EPL World Series Southeast Asia Group Stage,2026-05-09,dota2-5sm-satan-2026-05-09,Satan666,Satan666,Satan666,2:0 横扫,否（无赛前价存档）
DOTA,1win Essence Playoffs,2026-05-10,dota2-playti-yes-2026-05-10,PlayTime,Yellow Submarine,PlayTime,2:1 打满,否（无赛前价存档）
DOTA,European Pro League Playoffs,2026-05-10,dota2-re-tm6-2026-05-10,Two Move,Two Move,Two Move,2:0 横扫,否（无赛前价存档）
DOTA,European Pro League Playoffs,2026-05-10,dota2-modus-enjoyb-2026-05-10,MODUS,MODUS,MODUS,2:0 横扫,否（无赛前价存档）
DOTA,EPL World Series Southeast Asia Group Stage,2026-05-10,dota2-winter-glyph-2026-05-10,GLYPH,GLYPH,GLYPH,2:0 横扫,否（无赛前价存档）
DOTA,European Pro League Playoffs,2026-05-10,dota2-modus-ic-2026-05-10,Inner Circle,MODUS,MODUS,2:1 打满,否（无赛前价存档）
DOTA,European Pro League Playoffs,2026-05-10,dota2-re-pr1-2026-05-10,Power Rangers,Power Rangers,Power Rangers,2:0 横扫,否（无赛前价存档）
DOTA,1win Essence Playoffs,2026-05-10,dota2-playti-ngx-2026-05-10,PlayTime,PlayTime,PlayTime,2:0 横扫,否（无赛前价存档）
DOTA,1win Essence Playoffs,2026-05-11,dota2-1win-playti-2026-05-11,1win,1win,1win,2:0 横扫,否（无赛前价存档）
DOTA,EPL World Series Southeast Asia Playoffs,2026-05-11,dota2-grind-carst-2026-05-11,Grind Back,Grind Back,Grind Back,2:0 横扫,否（无赛前价存档）
DOTA,European Pro League Playoffs,2026-05-11,dota2-pr1-modus-2026-05-11,Power Rangers,Power Rangers,Power Rangers,2:0 横扫,否（无赛前价存档）
DOTA,European Pro League Playoffs,2026-05-11,dota2-lynx-tm6-2026-05-11,Two Move,Two Move,Two Move,2:0 横扫,否（无赛前价存档）
DOTA,European Pro League Playoffs,2026-05-11,dota2-lynx-pr1-2026-05-11,Team Lynx,Power Rangers,Power Rangers,2:1 打满,否（无赛前价存档）
DOTA,DreamLeague Group A,2026-05-13,dota2-aur1-liquid-2026-05-13,Aurora,Team Liquid,Team Liquid,2:1 打满,否（无赛前价存档）
DOTA,DreamLeague Group B,2026-05-13,dota2-xtreme-playti-2026-05-13,Xtreme Gaming,Xtreme Gaming,Xtreme Gaming,2:0 横扫,否（无赛前价存档）
DOTA,DreamLeague Group A,2026-05-13,dota2-ts8-vg-2026-05-13,Team Spirit,Team Spirit,Team Spirit,2:0 横扫,否（无赛前价存档）
DOTA,DreamLeague Group A,2026-05-13,dota2-flc-vp-2026-05-13,Virtus.pro,Team Falcons,Team Falcons,2:1 打满,否（无赛前价存档）
DOTA,DreamLeague Group A,2026-05-13,dota2-heroic2-gl-2026-05-13,ex-HEROIC,ex-HEROIC,ex-HEROIC,2:0 横扫,否（无赛前价存档）
DOTA,DreamLeague Group B,2026-05-13,dota2-pari-tundra-2026-05-13,PARIVISION,Tundra Esports,PARIVISION,2:1 打满,否（无赛前价存档）
DOTA,DreamLeague Group A,2026-05-13,dota2-ts8-liquid-2026-05-13,Team Spirit,Team Liquid,Team Spirit,2:1 打满,否（无赛前价存档）
DOTA,DreamLeague Group A,2026-05-13,dota2-gl-vg-2026-05-13,Vici Gaming,Vici Gaming,Vici Gaming,2:0 横扫,否（无赛前价存档）
DOTA,DreamLeague Group B,2026-05-13,dota2-navi-ngx-2026-05-13,Natus Vincere,Natus Vincere,Natus Vincere,2:0 横扫,否（无赛前价存档）
DOTA,DreamLeague Group B,2026-05-13,dota2-bb4-rnx-2026-05-13,BetBoom Team,BetBoom Team,BetBoom Team,2:0 横扫,否（无赛前价存档）
DOTA,DreamLeague Group A,2026-05-13,dota2-aur1-flc-2026-05-13,Team Falcons,Team Falcons,Team Falcons,2:0 横扫,否（无赛前价存档）
DOTA,DreamLeague Group A,2026-05-13,dota2-heroic2-vp-2026-05-13,Virtus.pro,Virtus.pro,Virtus.pro,2:0 横扫,否（无赛前价存档）
DOTA,DreamLeague Group B,2026-05-14,dota2-ngx-playti-2026-05-14,PlayTime,PlayTime,PlayTime,2:0 横扫,否（无赛前价存档）
DOTA,DreamLeague Group B,2026-05-14,dota2-pari-bb4-2026-05-14,PARIVISION,BetBoom Team,PARIVISION,2:1 打满,否（无赛前价存档）
DOTA,DreamLeague Group B,2026-05-14,dota2-navi-rnx-2026-05-14,REKONIX,Natus Vincere,Natus Vincere,2:1 打满,否（无赛前价存档）
DOTA,DreamLeague Group B,2026-05-14,dota2-navi-bb4-2026-05-14,Natus Vincere,Natus Vincere,Natus Vincere,2:0 横扫,否（无赛前价存档）
DOTA,DreamLeague Group B,2026-05-14,dota2-xtreme-tundra-2026-05-14,Xtreme Gaming,Xtreme Gaming,Xtreme Gaming,2:0 横扫,否（无赛前价存档）
DOTA,DreamLeague Group A,2026-05-14,dota2-heroic2-flc-2026-05-14,Team Falcons,Team Falcons,Team Falcons,2:0 横扫,否（无赛前价存档）
DOTA,DreamLeague Group B,2026-05-14,dota2-ngx-tundra-2026-05-14,Tundra Esports,Nigma Galaxy,Tundra Esports,2:1 打满,否（无赛前价存档）
DOTA,DreamLeague Group B,2026-05-14,dota2-pari-xtreme-2026-05-14,Xtreme Gaming,PARIVISION,PARIVISION,2:1 打满,否（无赛前价存档）
DOTA,DreamLeague Group A,2026-05-14,dota2-vg-vp-2026-05-14,Virtus.pro,Virtus.pro,Virtus.pro,2:0 横扫,否（无赛前价存档）
DOTA,DreamLeague Group A,2026-05-14,dota2-aur1-ts8-2026-05-14,Team Spirit,Team Spirit,Team Spirit,2:0 横扫,否（无赛前价存档）
DOTA,DreamLeague Group A,2026-05-14,dota2-gl-liquid-2026-05-14,Team Liquid,Team Liquid,Team Liquid,2:0 横扫,否（无赛前价存档）
DOTA,DreamLeague Group B,2026-05-14,dota2-playti-rnx-2026-05-14,PlayTime,PlayTime,PlayTime,2:0 横扫,否（无赛前价存档）
DOTA,EPL World Series Southeast Asia Playoffs,2026-05-13,dota2-glyph-grind-2026-05-13,Grind Back,GLYPH,Grind Back,2:1 打满,否（无赛前价存档）
DOTA,DreamLeague Group A,2026-05-15,dota2-aur1-heroic2-2026-05-15,Aurora,Aurora,Aurora,2:0 横扫,否（无赛前价存档）
DOTA,DreamLeague Group A,2026-05-15,dota2-liquid-flc-2026-05-15,Team Falcons,Team Falcons,Team Falcons,2:0 横扫,否（无赛前价存档）
DOTA,DreamLeague Group B,2026-05-15,dota2-playti-bb4-2026-05-15,PlayTime,BetBoom Team,BetBoom Team,2:1 打满,否（无赛前价存档）
DOTA,DreamLeague Group A,2026-05-15,dota2-vg-heroic2-2026-05-15,Vici Gaming,Vici Gaming,Vici Gaming,2:0 横扫,否（无赛前价存档）
DOTA,DreamLeague Group B,2026-05-15,dota2-ngx-xtreme-2026-05-15,Nigma Galaxy,Nigma Galaxy,Nigma Galaxy,2:0 横扫,否（无赛前价存档）
DOTA,DreamLeague Group A,2026-05-15,dota2-aur1-gl-2026-05-15,Aurora,Aurora,Aurora,2:0 横扫,否（无赛前价存档）
DOTA,DreamLeague Group A,2026-05-15,dota2-vp-ts8-2026-05-15,Team Spirit,Team Spirit,Team Spirit,2:0 横扫,否（无赛前价存档）
DOTA,DreamLeague Group A,2026-05-15,dota2-gl-ts8-2026-05-15,Team Spirit,Team Spirit,Team Spirit,2:0 横扫,否（无赛前价存档）
DOTA,DreamLeague Group A,2026-05-15,dota2-vp-liquid-2026-05-15,Team Liquid,Team Liquid,Team Liquid,2:0 横扫,否（无赛前价存档）
DOTA,DreamLeague Group B,2026-05-15,dota2-rnx-tundra-2026-05-15,REKONIX,REKONIX,REKONIX,2:0 横扫,否（无赛前价存档）
DOTA,DreamLeague Group A,2026-05-15,dota2-vg-flc-2026-05-15,Team Falcons,Team Falcons,Team Falcons,2:0 横扫,否（无赛前价存档）
DOTA,DreamLeague Group B,2026-05-15,dota2-pari-navi-2026-05-15,PARIVISION,PARIVISION,PARIVISION,2:0 横扫,否（无赛前价存档）
DOTA,DreamLeague Group B,2026-05-16,dota2-tundra-bb4-2026-05-16,Tundra Esports,BetBoom Team,Tundra Esports,2:1 打满,否（无赛前价存档）
DOTA,DreamLeague Group B,2026-05-16,dota2-pari-ngx-2026-05-16,PARIVISION,PARIVISION,PARIVISION,2:0 横扫,否（无赛前价存档）
DOTA,DreamLeague Group B,2026-05-16,dota2-playti-navi-2026-05-16,Natus Vincere,Natus Vincere,Natus Vincere,2:0 横扫,否（无赛前价存档）
DOTA,DreamLeague Group B,2026-05-16,dota2-rnx-xtreme-2026-05-16,Xtreme Gaming,Xtreme Gaming,Xtreme Gaming,2:0 横扫,否（无赛前价存档）
DOTA,DreamLeague Group A,2026-05-16,dota2-flc-ts8-2026-05-16,Team Spirit,Team Falcons,Team Falcons,2:1 打满,否（无赛前价存档）
DOTA,DreamLeague Group A,2026-05-16,dota2-vp-gl-2026-05-16,Virtus.pro,GamerLegion,GamerLegion,2:1 打满,否（无赛前价存档）
DOTA,DreamLeague Group A,2026-05-16,dota2-liquid-heroic2-2026-05-16,Team Liquid,Team Liquid,Team Liquid,2:0 横扫,否（无赛前价存档）
DOTA,DreamLeague Group A,2026-05-16,dota2-aur1-vg-2026-05-16,Aurora,Vici Gaming,Aurora,2:1 打满,否（无赛前价存档）
DOTA,DreamLeague Group B,2026-05-16,dota2-bb4-xtreme-2026-05-16,BetBoom Team,BetBoom Team,BetBoom Team,2:0 横扫,否（无赛前价存档）
DOTA,DreamLeague Group B,2026-05-16,dota2-tundra-navi-2026-05-16,Natus Vincere,Tundra Esports,Natus Vincere,2:1 打满,否（无赛前价存档）
DOTA,DreamLeague Group B,2026-05-16,dota2-pari-playti-2026-05-16,PlayTime,PARIVISION,PlayTime,2:1 打满,否（无赛前价存档）
DOTA,DreamLeague Group B,2026-05-16,dota2-rnx-ngx-2026-05-16,Nigma Galaxy,Nigma Galaxy,Nigma Galaxy,2:0 横扫,否（无赛前价存档）
DOTA,DreamLeague Group A,2026-05-17,dota2-ts8-heroic2-2026-05-17,Team Spirit,Team Spirit,Team Spirit,2:0 横扫,否（无赛前价存档）
DOTA,DreamLeague Group A,2026-05-17,dota2-liquid-vg-2026-05-17,Vici Gaming,Team Liquid,Team Liquid,2:1 打满,否（无赛前价存档）
DOTA,DreamLeague Group A,2026-05-17,dota2-aur1-vp-2026-05-17,Aurora,Virtus.pro,Aurora,2:1 打满,否（无赛前价存档）
DOTA,DreamLeague Group B,2026-05-17,dota2-xtreme-navi-2026-05-17,Natus Vincere,Natus Vincere,Natus Vincere,2:0 横扫,否（无赛前价存档）
DOTA,DreamLeague Group B,2026-05-17,dota2-bb4-ngx-2026-05-17,BetBoom Team,BetBoom Team,BetBoom Team,2:0 横扫,否（无赛前价存档）
DOTA,DreamLeague Group B,2026-05-17,dota2-tundra-playti-2026-05-17,PlayTime,Tundra Esports,Tundra Esports,2:1 打满,否（无赛前价存档）
DOTA,DreamLeague Group B,2026-05-17,dota2-pari-rnx-2026-05-17,PARIVISION,REKONIX,PARIVISION,2:1 打满,否（无赛前价存档）
DOTA,DreamLeague Group A,2026-05-17,dota2-flc-gl-2026-05-17,GamerLegion,Team Falcons,Team Falcons,2:1 打满,否（无赛前价存档）
DOTA,DreamLeague Playoffs,2026-05-19,dota2-ts8-bb4-2026-05-19,Team Spirit,Team Spirit,Team Spirit,2:0 横扫,否（无赛前价存档）
DOTA,DreamLeague Playoffs,2026-05-19,dota2-navi-aur1-2026-05-19,Natus Vincere,Aurora,Aurora,2:1 打满,否（无赛前价存档）
DOTA,DreamLeague Playoffs,2026-05-19,dota2-pari-liquid-2026-05-19,PARIVISION,Team Liquid,PARIVISION,2:1 打满,否（无赛前价存档）
DOTA,BetBoom Streamers Battle Group A,2026-05-18,dota2-ns2-st1-2026-05-18,Stray Team,Team NS,Stray Team,2:1 打满,否（无赛前价存档）
DOTA,BetBoom Streamers Battle Group B,2026-05-18,dota2-tt1-miposh-2026-05-18,Miposhka Team,Miposhka Team,Miposhka Team,2:0 横扫,否（无赛前价存档）
DOTA,BetBoom Streamers Battle Group B,2026-05-18,dota2-tt1-bot-2026-05-18,by Owl Team,by Owl Team,by Owl Team,2:0 横扫,否（无赛前价存档）
DOTA,DreamLeague Playoffs,2026-05-19,dota2-flc-tundra-2026-05-19,Team Falcons,Team Falcons,Team Falcons,2:0 横扫,否（无赛前价存档）
DOTA,BetBoom Streamers Battle Group B,2026-05-19,dota2-tt1-st-2026-05-19,Travoman Team,SoloTeam,SoloTeam,2:1 打满,否（无赛前价存档）
DOTA,BetBoom Streamers Battle Group A,2026-05-19,dota2-ns2-nix-2026-05-19,Nix Team,Team NS,Nix Team,2:1 打满,否（无赛前价存档）
DOTA,BetBoom Streamers Battle Group B,2026-05-19,dota2-st-bot-2026-05-19,by Owl Team,by Owl Team,by Owl Team,2:0 横扫,否（无赛前价存档）
DOTA,BetBoom Streamers Battle Group B,2026-05-19,dota2-miposh-bot-2026-05-19,Miposhka Team,by Owl Team,Miposhka Team,2:1 打满,否（无赛前价存档）
DOTA,DreamLeague Playoffs,2026-05-20,dota2-tundra-vp-2026-05-20,Virtus.pro,Tundra Esports,Tundra Esports,2:1 打满,否（无赛前价存档）
DOTA,DreamLeague Playoffs,2026-05-20,dota2-bb4-vg-2026-05-20,BetBoom Team,Vici Gaming,BetBoom Team,2:1 打满,否（无赛前价存档）
DOTA,DreamLeague Playoffs,2026-05-20,dota2-liquid-xtreme-2026-05-20,Xtreme Gaming,Team Liquid,Xtreme Gaming,2:1 打满,否（无赛前价存档）
DOTA,DreamLeague Playoffs,2026-05-21,dota2-navi-playti-2026-05-21,Natus Vincere,PlayTime,PlayTime,2:1 打满,否（无赛前价存档）
DOTA,DreamLeague Playoffs,2026-05-21,dota2-flc-pari-2026-05-21,Team Falcons,PARIVISION,PARIVISION,2:1 打满,否（无赛前价存档）
DOTA,DreamLeague Playoffs,2026-05-21,dota2-ts8-aur1-2026-05-21,Team Spirit,Aurora,Team Spirit,2:1 打满,否（无赛前价存档）
DOTA,BetBoom Streamers Battle Group A,2026-05-20,dota2-nix-recren-2026-05-20,Recrent Team,Nix Team,Recrent Team,2:1 打满,否（无赛前价存档）
DOTA,BetBoom Streamers Battle Group B,2026-05-21,dota2-miposh-st-2026-05-21,SoloTeam,SoloTeam,SoloTeam,2:0 横扫,否（无赛前价存档）
DOTA,BetBoom Streamers Battle Group A,2026-05-21,dota2-nix-st1-2026-05-21,Stray Team,Nix Team,Nix Team,2:1 打满,否（无赛前价存档）
DOTA,BetBoom Streamers Battle Group A,2026-05-21,dota2-st1-recren-2026-05-21,Recrent Team,Stray Team,Recrent Team,2:1 打满,否（无赛前价存档）
DOTA,DreamLeague Playoffs,2026-05-22,dota2-tundra-xtreme-2026-05-22,Tundra Esports,Xtreme Gaming,Tundra Esports,2:1 打满,否（无赛前价存档）
DOTA,DreamLeague Playoffs,2026-05-22,dota2-bb4-playti-2026-05-22,BetBoom Team,PlayTime,PlayTime,2:1 打满,否（无赛前价存档）
DOTA,DreamLeague Playoffs,2026-05-23,dota2-pari-ts8-2026-05-23,Team Spirit,PARIVISION,PARIVISION,2:1 打满,否（无赛前价存档）
DOTA,BetBoom Streamers Battle Playoffs,2026-05-22,dota2-st1-st-2026-05-22,SoloTeam,Stray Team,SoloTeam,2:1 打满,否（无赛前价存档）
DOTA,BetBoom Streamers Battle Playoffs,2026-05-22,dota2-miposh-nix-2026-05-22,Nix Team,Miposhka Team,Miposhka Team,2:1 打满,否（无赛前价存档）
DOTA,BetBoom Streamers Battle Playoffs,2026-05-22,dota2-bot-miposh-2026-05-22,Miposhka Team,by Owl Team,by Owl Team,2:1 打满,否（无赛前价存档）
DOTA,DreamLeague Playoffs,2026-05-22,dota2-aur1-tundra-2026-05-22,Aurora,Aurora,Aurora,2:0 横扫,否（无赛前价存档）
DOTA,DreamLeague Playoffs,2026-05-23,dota2-flc-playti-2026-05-23,Team Falcons,Team Falcons,Team Falcons,2:0 横扫,否（无赛前价存档）
DOTA,BetBoom Streamers Battle Playoffs,2026-05-23,dota2-st-nix-2026-05-23,SoloTeam,SoloTeam,SoloTeam,2:0 横扫,否（无赛前价存档）
DOTA,BetBoom Streamers Battle Playoffs,2026-05-23,dota2-st1-miposh-2026-05-23,Stray Team,Stray Team,Stray Team,2:0 横扫,否（无赛前价存档）
DOTA,BetBoom Streamers Battle Playoffs,2026-05-23,dota2-recren-bot-2026-05-23,Recrent Team,Recrent Team,Recrent Team,2:0 横扫,否（无赛前价存档）
DOTA,DreamLeague Playoffs,2026-05-23,dota2-aur1-flc-2026-05-23,Aurora,Aurora,Aurora,2:0 横扫,否（无赛前价存档）
DOTA,BetBoom Streamers Battle Playoffs,2026-05-23,dota2-st1-st-2026-05-23,Stray Team,SoloTeam,SoloTeam,2:1 打满,否（无赛前价存档）
DOTA,DreamLeague Playoffs,2026-05-24,dota2-ts8-aur1-2026-05-24,Aurora,Aurora,Aurora,2:0 横扫,否（无赛前价存档）
DOTA,BetBoom Streamers Battle Playoffs,2026-05-24,dota2-bot-st-2026-05-24,by Owl Team,SoloTeam,SoloTeam,2:1 打满,否（无赛前价存档）
DOTA,Winline Star Series Group A,2026-05-26,dota2-ramzes-stariy-2026-05-26,Stariy Bog Club,Ramzes Club,Stariy Bog Club,2:1 打满,否（无赛前价存档）
DOTA,Winline Star Series Group B,2026-05-26,dota2-strayc-rostik-2026-05-26,Stray Club,Stray Club,Stray Club,2:0 横扫,否（无赛前价存档）
DOTA,Winline Star Series Group A,2026-05-26,dota2-byowlc-tpabom-2026-05-26,TPaBoMaH Club,TPaBoMaH Club,TPaBoMaH Club,2:0 横扫,否（无赛前价存档）
DOTA,Winline Star Series Group B,2026-05-27,dota2-daxakc-voodoo-2026-05-27,VooDooSh Club,Daxak Club,VooDooSh Club,2:1 打满,否（无赛前价存档）
DOTA,Winline Star Series Group A,2026-05-27,dota2-nsclub-byowlc-2026-05-27,by Owl Club,by Owl Club,by Owl Club,2:0 横扫,否（无赛前价存档）
DOTA,Winline Star Series Group A,2026-05-28,dota2-stariy-tpabom-2026-05-28,TPaBoMaH Club,TPaBoMaH Club,TPaBoMaH Club,2:0 横扫,否（无赛前价存档）
DOTA,Winline Star Series Group A,2026-05-28,dota2-nsclub-ramzes-2026-05-28,Ramzes Club,NS Club,Ramzes Club,2:1 打满,否（无赛前价存档）
DOTA,Winline Star Series Group A,2026-05-29,dota2-ramzes-tpabom-2026-05-29,Ramzes Club,Ramzes Club,Ramzes Club,2:0 横扫,否（无赛前价存档）
DOTA,Winline Star Series Group B,2026-05-29,dota2-strayc-voodoo-2026-05-29,Stray Club,VooDooSh Club,VooDooSh Club,2:1 打满,否（无赛前价存档）
DOTA,Esports World Cup Western Europe Open Qualifier Playoffs,2026-05-30,dota2-unknow-f9team-2026-05-30,F9 Team,F9 Team,F9 Team,2:0 横扫,否（无赛前价存档）
DOTA,Esports World Cup Eastern Europe Open Qualifier Playoffs,2026-05-30,dota2-g-nemiga-2026-05-30,Team G,Team G,Team G,2:0 横扫,否（无赛前价存档）
DOTA,Esports World Cup Eastern Europe Open Qualifier Playoffs,2026-05-30,dota2-yes-tm6-2026-05-30,Yellow Submarine,Two Move,Two Move,2:1 打满,否（无赛前价存档）
DOTA,Esports World Cup Western Europe Open Qualifier Playoffs,2026-05-30,dota2-balu-fla-2026-05-30,Flame Team,Flame Team,Flame Team,2:0 横扫,否（无赛前价存档）
DOTA,Esports World Cup Southeast Asia Open Qualifier Playoffs,2026-05-30,dota2-yg-mental-2026-05-30,Mentality Monster,Mentality Monster,Mentality Monster,2:0 横扫,否（无赛前价存档）
DOTA,BLAST Slam Last Chance Qualifier,2026-05-30,dota2-ts8-og-2026-05-30,Team Spirit,Team Spirit,Team Spirit,2:0 横扫,否（无赛前价存档）
DOTA,BLAST Slam Last Chance Qualifier,2026-05-30,dota2-aur1-tundra-2026-05-30,Tundra Esports,Aurora,Aurora,2:1 打满,否（无赛前价存档）
DOTA,Esports World Cup South America Open Qualifier Playoffs,2026-05-30,dota2-amaru-krd-2026-05-30,Amaru Gaming,Amaru Gaming,Amaru Gaming,2:0 横扫,否（无赛前价存档）
DOTA,Esports World Cup South America Open Qualifier Playoffs,2026-05-30,dota2-nem-newgro-2026-05-30,Team Nemesis,Team Nemesis,Team Nemesis,2:0 横扫,否（无赛前价存档）
DOTA,Esports World Cup South America Open Qualifier Playoffs,2026-05-30,dota2-giordo-tdk-2026-05-30,TeamDk,TeamDk,TeamDk,2:0 横扫,否（无赛前价存档）
DOTA,Winline Star Series Group B,2026-05-30,dota2-strayc-daxakc-2026-05-30,Daxak Club,Stray Club,Daxak Club,2:1 打满,否（无赛前价存档）
DOTA,Winline Star Series Group A,2026-05-30,dota2-nsclub-stariy-2026-05-30,NS Club,Stariy Bog Club,NS Club,2:1 打满,否（无赛前价存档）
DOTA,Esports World Cup North America Open Qualifier 1 Playoffs,2026-05-30,dota2-ts-blackc-2026-05-30,Team Slayers,Team Slayers,Team Slayers,2:0 横扫,否（无赛前价存档）
DOTA,BLAST Slam Last Chance Qualifier,2026-05-30,dota2-ts8-ty-2026-05-30,Team Yandex,Team Yandex,Team Yandex,2:0 横扫,否（无赛前价存档）
DOTA,BLAST Slam Last Chance Qualifier,2026-05-30,dota2-liquid-aur1-2026-05-30,Aurora,Aurora,Aurora,2:0 横扫,否（无赛前价存档）
DOTA,Esports World Cup Western Europe Closed Qualifier Playoffs,2026-05-31,dota2-lgd-balu-2026-05-31,LGD Gaming,LGD Gaming,LGD Gaming,2:0 横扫,否（无赛前价存档）
DOTA,Esports World Cup Western Europe Closed Qualifier Playoffs,2026-05-31,dota2-z10-f9team-2026-05-31,Zero Tenacity,Zero Tenacity,Zero Tenacity,2:0 横扫,否（无赛前价存档）
DOTA,Esports World Cup Western Europe Closed Qualifier Playoffs,2026-05-31,dota2-navi-fla-2026-05-31,Flame Team,Natus Vincere,Natus Vincere,2:1 打满,否（无赛前价存档）
DOTA,Esports World Cup Western Europe Closed Qualifier Playoffs,2026-05-31,dota2-lynx-pipsqu-2026-05-31,ex-Pipsqueak+4,ex-Pipsqueak+4,ex-Pipsqueak+4,2:0 横扫,否（无赛前价存档）
DOTA,Winline Star Series Group B,2026-05-31,dota2-rostik-daxakc-2026-05-31,Rostikfacekid Club,Rostikfacekid Club,Rostikfacekid Club,2:0 横扫,否（无赛前价存档）
DOTA,Winline Star Series Group A,2026-05-31,dota2-nsclub-tpabom-2026-05-31,TPaBoMaH Club,TPaBoMaH Club,TPaBoMaH Club,2:0 横扫,否（无赛前价存档）
DOTA,Winline Star Series Group B,2026-05-31,dota2-rostik1-voodoo-2026-05-31,Rostik999 Club,Rostik999 Club,Rostik999 Club,2:0 横扫,否（无赛前价存档）
DOTA,Winline Star Series Group B,2026-05-31,dota2-rostik1-rostik-2026-05-31,Rostikfacekid Club,Rostik999 Club,Rostikfacekid Club,2:1 打满,否（无赛前价存档）
DOTA,Esports World Cup Western Europe Closed Qualifier Playoffs,2026-05-31,dota2-lgd-pi-2026-05-31,LGD Gaming,LGD Gaming,LGD Gaming,2:0 横扫,否（无赛前价存档）
DOTA,Esports World Cup Western Europe Closed Qualifier Playoffs,2026-06-01,dota2-balu-lynx-2026-06-01,Team Lynx,Team Lynx,Team Lynx,2:0 横扫,否（无赛前价存档）
DOTA,Esports World Cup Western Europe Closed Qualifier Playoffs,2026-05-31,dota2-z10-navi-2026-05-31,Natus Vincere,Natus Vincere,Natus Vincere,2:0 横扫,否（无赛前价存档）
DOTA,Esports World Cup Western Europe Closed Qualifier Playoffs,2026-06-01,dota2-f9team-fla-2026-06-01,Flame Team,Flame Team,Flame Team,2:0 横扫,否（无赛前价存档）
DOTA,Esports World Cup Western Europe Closed Qualifier Playoffs,2026-06-02,dota2-lgd-navi-2026-06-02,LGD Gaming,Natus Vincere,LGD Gaming,2:1 打满,否（无赛前价存档）
DOTA,Winline Star Series Group A,2026-06-01,dota2-byowlc-ramzes-2026-06-01,by Owl Club,Ramzes Club,Ramzes Club,2:1 打满,否（无赛前价存档）
DOTA,Winline Star Series Group B,2026-06-01,dota2-rostik-voodoo-2026-06-01,Rostikfacekid Club,Rostikfacekid Club,Rostikfacekid Club,2:0 横扫,否（无赛前价存档）
DOTA,Esports World Cup Eastern Europe Closed Qualifier Playoffs,2026-06-01,dota2-enjoy-tm6-2026-06-01,Two Move,Two Move,Two Move,2:0 横扫,否（无赛前价存档）
DOTA,Esports World Cup Eastern Europe Closed Qualifier Playoffs,2026-06-01,dota2-re-modus-2026-06-01,MODUS,MODUS,MODUS,2:0 横扫,否（无赛前价存档）
DOTA,Esports World Cup Eastern Europe Closed Qualifier Playoffs,2026-06-01,dota2-l1ga-ic-2026-06-01,L1ga Team,L1ga Team,L1ga Team,2:0 横扫,否（无赛前价存档）
DOTA,Esports World Cup Eastern Europe Closed Qualifier Playoffs,2026-06-01,dota2-poorra-g-2026-06-01,Team G,Poor Rangers,Poor Rangers,2:1 打满,否（无赛前价存档）
DOTA,Esports World Cup South America Closed Qualifier Playoffs,2026-06-01,dota2-cha-amaru-2026-06-01,Amaru Gaming,Chandogs,Chandogs,2:1 打满,否（无赛前价存档）
DOTA,Esports World Cup South America Closed Qualifier Playoffs,2026-06-01,dota2-eb-tdk-2026-06-01,Estar Backs,TeamDk,Estar Backs,2:1 打满,否（无赛前价存档）
DOTA,Esports World Cup Western Europe Closed Qualifier Playoffs,2026-06-01,dota2-pi-fla-2026-06-01, Pipsqueak+4, Pipsqueak+4, Pipsqueak+4,2:0 横扫,否（无赛前价存档）
DOTA,Esports World Cup Western Europe Closed Qualifier Playoffs,2026-06-01,dota2-z10-lynx-2026-06-01,Zero Tenacity,Team Lynx,Team Lynx,2:1 打满,否（无赛前价存档）
DOTA,Esports World Cup Eastern Europe Closed Qualifier Playoffs,2026-06-01,dota2-enjoy-re-2026-06-01,Rune Eaters,Enjoy,Enjoy,2:1 打满,否（无赛前价存档）
DOTA,Esports World Cup Eastern Europe Closed Qualifier Playoffs,2026-06-02,dota2-tm6-modus-2026-06-02,Two Move,Two Move,Two Move,2:0 横扫,否（无赛前价存档）
DOTA,Esports World Cup Eastern Europe Closed Qualifier Playoffs,2026-06-01,dota2-ic-g-2026-06-01,Inner Circle,Inner Circle,Inner Circle,2:0 横扫,否（无赛前价存档）
DOTA,Esports World Cup Western Europe Closed Qualifier Playoffs,2026-06-01,dota2-pi-lynx-2026-06-01, Pipsqueak+4, Pipsqueak+4, Pipsqueak+4,2:0 横扫,否（无赛前价存档）
DOTA,Esports World Cup Eastern Europe Closed Qualifier Playoffs,2026-06-02,dota2-l1ga-poorra-2026-06-02,Poor Rangers,Poor Rangers,Poor Rangers,2:0 横扫,否（无赛前价存档）
DOTA,Esports World Cup South America Closed Qualifier Playoffs,2026-06-02,dota2-tdk-amaru-2026-06-02,Amaru Gaming,Amaru Gaming,Amaru Gaming,2:0 横扫,否（无赛前价存档）
DOTA,Esports World Cup MESWA Closed Qualifier Playoffs,2026-06-02,dota2-ngx-ko-2026-06-02,Nigma Galaxy,Nigma Galaxy,Nigma Galaxy,2:0 横扫,否（无赛前价存档）
DOTA,Winline Star Series Group A,2026-06-02,dota2-nsclub-stariy-2026-06-02,NS Club,Stariy Bog Club,Stariy Bog Club,2:1 打满,否（无赛前价存档）
DOTA,Esports World Cup MESWA Closed Qualifier Playoffs,2026-06-02,dota2-ngx-sifr-2026-06-02,Nigma Galaxy,Nigma Galaxy,Nigma Galaxy,2:0 横扫,否（无赛前价存档）
DOTA,Esports World Cup MESWA Closed Qualifier Playoffs,2026-06-02,dota2-ko-ag5-2026-06-02,KO,KO,KO,2:0 横扫,否（无赛前价存档）
DOTA,Esports World Cup Western Europe Closed Qualifier Playoffs,2026-06-02,dota2-pi-navi-2026-06-02, Pipsqueak+4,Natus Vincere, Pipsqueak+4,2:1 打满,否（无赛前价存档）
DOTA,BLAST Slam Playoffs,2026-06-04,dota2-flc-liquid-2026-06-04,Team Falcons,Team Falcons,Team Falcons,2:0 横扫,否（无赛前价存档）
DOTA,BLAST Slam Playoffs,2026-06-04,dota2-aur1-ty-2026-06-04,Team Yandex,Team Yandex,Team Yandex,2:0 横扫,否（无赛前价存档）
DOTA,Esports World Cup Southeast Asia Closed Qualifier Playoffs,2026-06-03,dota2-glyph-carst-2026-06-03,Carstensz,GLYPH,GLYPH,2:1 打满,否（无赛前价存档）
DOTA,Esports World Cup Southeast Asia Closed Qualifier Playoffs,2026-06-03,dota2-rnx-grind-2026-06-03,REKONIX,REKONIX,REKONIX,2:0 横扫,否（无赛前价存档）
DOTA,Esports World Cup Eastern Europe Closed Qualifier Playoffs,2026-06-03,dota2-enjoy-l1ga-2026-06-03,L1ga Team,Enjoy,L1ga Team,2:1 打满,否（无赛前价存档）
DOTA,Esports World Cup Eastern Europe Closed Qualifier Playoffs,2026-06-03,dota2-ic-modus-2026-06-03,Inner Circle,MODUS,Inner Circle,2:1 打满,否（无赛前价存档）
DOTA,Esports World Cup South America Closed Qualifier Playoffs,2026-06-02,dota2-nem-amaru-2026-06-02,Team Nemesis,Team Nemesis,Team Nemesis,2:0 横扫,否（无赛前价存档）
DOTA,Esports World Cup South America Closed Qualifier Playoffs,2026-06-02,dota2-eb-hkr-2026-06-02,Estar Backs,Hokori,Estar Backs,2:1 打满,否（无赛前价存档）
DOTA,Esports World Cup South America Closed Qualifier Playoffs,2026-06-02,dota2-redhot-nem-2026-06-02,Team Nemesis,Team Nemesis,Team Nemesis,2:0 横扫,否（无赛前价存档）
DOTA,Esports World Cup Southeast Asia Closed Qualifier Playoffs,2026-06-03,dota2-dfam-xctn-2026-06-03,Execration,Execration,Execration,2:0 横扫,否（无赛前价存档）
DOTA,Winline Star Series Playoffs,2026-06-03,dota2-byowlc-voodoo-2026-06-03,VooDooSh Club,by Owl Club,VooDooSh Club,2:1 打满,否（无赛前价存档）
DOTA,Winline Star Series Playoffs,2026-06-03,dota2-rostik1-stariy-2026-06-03,Stariy Bog Club,Rostik999 Club,Rostik999 Club,2:1 打满,否（无赛前价存档）
DOTA,Winline Star Series Playoffs,2026-06-04,dota2-ramzes-daxakc-2026-06-04,Ramzes Club,Ramzes Club,Ramzes Club,2:0 横扫,否（无赛前价存档）
DOTA,Winline Star Series Playoffs,2026-06-04,dota2-rostik-tpabom-2026-06-04,TPaBoMaH Club,TPaBoMaH Club,TPaBoMaH Club,2:0 横扫,否（无赛前价存档）
DOTA,Esports World Cup South America Closed Qualifier Playoffs,2026-06-03,dota2-hkr-nem-2026-06-03,Team Nemesis,Team Nemesis,Team Nemesis,2:0 横扫,否（无赛前价存档）
DOTA,Esports World Cup Southeast Asia Closed Qualifier Playoffs,2026-06-03,dota2-rnx-glyph-2026-06-03,GLYPH,REKONIX,GLYPH,2:1 打满,否（无赛前价存档）
DOTA,Esports World Cup Southeast Asia Closed Qualifier Playoffs,2026-06-04,dota2-grind-carst-2026-06-04,Grind Back,Carstensz,Carstensz,2:1 打满,否（无赛前价存档）
DOTA,Esports World Cup Southeast Asia Closed Qualifier Playoffs,2026-06-03,dota2-xctn-db2-2026-06-03,Execration,Execration,Execration,2:0 横扫,否（无赛前价存档）
DOTA,Esports World Cup Southeast Asia Closed Qualifier Playoffs,2026-06-04,dota2-glyph-xctn-2026-06-04,Execration,GLYPH,GLYPH,2:1 打满,否（无赛前价存档）
DOTA,Esports World Cup Southeast Asia Closed Qualifier Playoffs,2026-06-04,dota2-dfam-mental-2026-06-04,Mentality Monster,Mentality Monster,Mentality Monster,2:0 横扫,否（无赛前价存档）
DOTA,Esports World Cup Southeast Asia Closed Qualifier Playoffs,2026-06-04,dota2-rnx-mental-2026-06-04,REKONIX,Mentality Monster,REKONIX,2:1 打满,否（无赛前价存档）
DOTA,Esports World Cup Southeast Asia Closed Qualifier Playoffs,2026-06-04,dota2-carst-rnx-2026-06-04,REKONIX,REKONIX,REKONIX,2:0 横扫,否（无赛前价存档）
DOTA,BLAST Slam Playoffs,2026-06-04,dota2-lgd-ty-2026-06-04,Team Yandex,LGD Gaming,Team Yandex,2:1 打满,否（无赛前价存档）
DOTA,BLAST Slam Playoffs,2026-06-05,dota2-flc-bb4-2026-06-05,BetBoom Team,BetBoom Team,BetBoom Team,2:0 横扫,否（无赛前价存档）
DOTA,Esports World Cup Southeast Asia Closed Qualifier Playoffs,2026-06-05,dota2-xctn-rnx-2026-06-05,REKONIX,REKONIX,REKONIX,2:0 横扫,否（无赛前价存档）
DOTA,BLAST Slam Playoffs,2026-06-05,dota2-lgd-liquid-2026-06-05,LGD Gaming,LGD Gaming,LGD Gaming,2:0 横扫,否（无赛前价存档）
DOTA,Winline Star Series Playoffs,2026-06-05,dota2-daxakc-rostik1-2026-06-05,Rostik999 Club,Rostik999 Club,Rostik999 Club,2:0 横扫,否（无赛前价存档）
DOTA,Winline Star Series Playoffs,2026-06-05,dota2-rostik-voodoo-2026-06-05,VooDooSh Club,Rostikfacekid Club,VooDooSh Club,2:1 打满,否（无赛前价存档）
DOTA,Winline Star Series Playoffs,2026-06-06,dota2-ramzes-tpabom-2026-06-06,TPaBoMaH Club,Ramzes Club,Ramzes Club,2:1 打满,否（无赛前价存档）
DOTA,European Pro League Group A,2026-06-05,dota2-z10-gtime-2026-06-05,Zero Tenacity,Zero Tenacity,Zero Tenacity,2:0 横扫,否（无赛前价存档）
DOTA,BLAST Slam Playoffs,2026-06-05,dota2-flc-aur1-2026-06-05,Team Falcons,Aurora,Aurora,2:1 打满,否（无赛前价存档）
DOTA,BLAST Slam Playoffs,2026-06-06,dota2-ty-bb4-2026-06-06,BetBoom Team,Team Yandex,Team Yandex,2:1 打满,否（无赛前价存档）
DOTA,European Pro League Group B,2026-06-05,dota2-ill-spirit1-2026-06-05,Ilbirs eSports,Spirit Academy,Ilbirs eSports,2:1 打满,否（无赛前价存档）
DOTA,BLAST Slam Playoffs,2026-06-06,dota2-aur1-lgd-2026-06-06,Aurora,LGD Gaming,LGD Gaming,2:1 打满,否（无赛前价存档）
DOTA,European Pro League Group A,2026-06-06,dota2-z10-balu-2026-06-06,Zero Tenacity,Zero Tenacity,Zero Tenacity,2:0 横扫,否（无赛前价存档）
DOTA,European Pro League Group B,2026-06-06,dota2-4iki-ill-2026-06-06,4ikibamboni,4ikibamboni,4ikibamboni,2:0 横扫,否（无赛前价存档）
DOTA,European Pro League Group A,2026-06-06,dota2-hive1-z10-2026-06-06,Zero Tenacity,Zero Tenacity,Zero Tenacity,2:0 横扫,否（无赛前价存档）
DOTA,European Pro League Group A,2026-06-06,dota2-gtime-sb5-2026-06-06,summer bear,summer bear,summer bear,2:0 横扫,否（无赛前价存档）
DOTA,Winline Star Series Playoffs,2026-06-06,dota2-rostik1-voodoo-2026-06-06,VooDooSh Club,VooDooSh Club,VooDooSh Club,2:0 横扫,否（无赛前价存档）
DOTA,Winline Star Series Playoffs,2026-06-07,dota2-voodoo-tpabom-2026-06-07,VooDooSh Club,TPaBoMaH Club,VooDooSh Club,2:1 打满,否（无赛前价存档）
DOTA,BLAST Slam Playoffs,2026-06-07,dota2-bb4-lgd-2026-06-07,LGD Gaming,BetBoom Team,LGD Gaming,2:1 打满,否（无赛前价存档）
DOTA,European Pro League Group A,2026-06-07,dota2-sb5-vpp-2026-06-07,summer bear,VP.Prodigy,VP.Prodigy,2:1 打满,否（无赛前价存档）
DOTA,European Pro League Group A,2026-06-08,dota2-vpp-balu-2026-06-08,VP.Prodigy,VP.Prodigy,VP.Prodigy,2:0 横扫,否（无赛前价存档）
DOTA,European Pro League Group A,2026-06-08,dota2-vpp-z10-2026-06-08,VP.Prodigy,Zero Tenacity,Zero Tenacity,2:1 打满,否（无赛前价存档）
DOTA,European Pro League Group A,2026-06-08,dota2-z10-sb5-2026-06-08,Zero Tenacity,Zero Tenacity,Zero Tenacity,2:0 横扫,否（无赛前价存档）
DOTA,European Pro League Group B,2026-06-08,dota2-4iki-nande4-2026-06-08,Nande+4,4ikibamboni,4ikibamboni,2:1 打满,否（无赛前价存档）
DOTA,European Pro League Group B,2026-06-13,dota2-ill-pr1-2026-06-13,Ilbirs eSports,Power Rangers,Ilbirs eSports,2:1 打满,否（无赛前价存档）
DOTA,European Pro League Group A,2026-06-13,dota2-balu-sb5-2026-06-13,summer bear,BALU,BALU,2:1 打满,否（无赛前价存档）
DOTA,The International Europe Open Qualifier 1 Playoffs,2026-06-10,dota2-re-nemiga-2026-06-10,Rune Eaters,Rune Eaters,Rune Eaters,2:0 横扫,否（无赛前价存档）
DOTA,The International Europe Open Qualifier 1 Playoffs,2026-06-10,dota2-lvlup1-yes-2026-06-10,Yellow Submarine,Level UP,Yellow Submarine,2:1 打满,否（无赛前价存档）
DOTA,The International Europe Open Qualifier 1 Playoffs,2026-06-10,dota2-vpp-modus-2026-06-10,VP.Prodigy,VP.Prodigy,VP.Prodigy,2:0 横扫,否（无赛前价存档）
DOTA,The International Europe Open Qualifier 1 Playoffs,2026-06-10,dota2-l1ga-z10-2026-06-10,L1ga Team,Zero Tenacity,L1ga Team,2:1 打满,否（无赛前价存档）
DOTA,The International Southeast Asia Open Qualifier 1 Playoffs,2026-06-10,dota2-yg-iac-2026-06-10,Yangon Galacticos,Yangon Galacticos,Yangon Galacticos,2:0 横扫,否（无赛前价存档）
DOTA,The International Southeast Asia Open Qualifier 1 Playoffs,2026-06-10,dota2-carst-cincai-2026-06-10,Carstensz,Carstensz,Carstensz,2:0 横扫,否（无赛前价存档）
DOTA,The International Southeast Asia Open Qualifier 1 Playoffs,2026-06-10,dota2-carst-grind-2026-06-10,Carstensz,Grind Back,Carstensz,2:1 打满,否（无赛前价存档）
DOTA,The International North America Open Qualifier 1 Playoffs,2026-06-11,dota2-ggboom-lastch-2026-06-11,GG Boom,GG Boom,GG Boom,2:0 横扫,否（无赛前价存档）
DOTA,The International North America Open Qualifier 1 Playoffs,2026-06-11,dota2-ign-ttg-2026-06-11,Ignite,Ignite,Ignite,2:0 横扫,否（无赛前价存档）
DOTA,The International North America Open Qualifier 1 Playoffs,2026-06-11,dota2-phenom-nalast-2026-06-11,NA Last Hope,Phenomenon,Phenomenon,2:1 打满,否（无赛前价存档）
DOTA,The International North America Open Qualifier 1 Playoffs,2026-06-11,dota2-nawedw-the-2026-06-11,the bug,the bug,the bug,2:0 横扫,否（无赛前价存档）
DOTA,The International Southeast Asia Open Qualifier 2 Playoffs,2026-06-12,dota2-mental-ivo-2026-06-12,Mentality Monster,Ivory,Mentality Monster,2:1 打满,否（无赛前价存档）
DOTA,The International Southeast Asia Open Qualifier 2 Playoffs,2026-06-12,dota2-iac-std-2026-06-12,InterActive Philippines,InterActive Philippines,InterActive Philippines,2:0 横扫,否（无赛前价存档）
DOTA,The International Europe Open Qualifier 2 Playoffs,2026-06-12,dota2-lvlup1-4iki-2026-06-12,Level UP,4ikibamboni,4ikibamboni,2:1 打满,否（无赛前价存档）
DOTA,The International Europe Open Qualifier 2 Playoffs,2026-06-12,dota2-ic-nemiga-2026-06-12,Nemiga Gaming,Inner Circle,Inner Circle,2:1 打满,否（无赛前价存档）
DOTA,The International China Open Qualifier 2 Playoffs,2026-06-11,dota2-cloudd-greytr-2026-06-11,Grey Trac,Grey Trac,Grey Trac,2:0 横扫,否（无赛前价存档）
DOTA,The International China Open Qualifier 2 Playoffs,2026-06-11,dota2-ngnb-gamema-2026-06-11,Game Master,Game Master,Game Master,2:0 横扫,否（无赛前价存档）
DOTA,The International Europe Open Qualifier 2 Playoffs,2026-06-12,dota2-modus-1p2m-2026-06-12,MODUS,MODUS,MODUS,2:0 横扫,否（无赛前价存档）
DOTA,The International China Open Qualifier 2 Playoffs,2026-06-12,dota2-gamema-greytr-2026-06-12,Grey Trac,Game Master,Game Master,2:1 打满,否（无赛前价存档）
DOTA,The International Southeast Asia Open Qualifier 2 Playoffs,2026-06-12,dota2-cincai-pan-2026-06-12,Pandawa Lima,cincai team,cincai team,2:1 打满,否（无赛前价存档）
DOTA,The International South America Open Qualifier 2 Playoffs,2026-06-12,dota2-eb-giordo-2026-06-12,Gior Dota Team,Estar Backs,Estar Backs,2:1 打满,否（无赛前价存档）
DOTA,The International North America Open Qualifier 2 Playoffs,2026-06-12,dota2-cyberd-4ancho-2026-06-12,4 Anchors and Ilmeria,4 Anchors and Ilmeria,4 Anchors and Ilmeria,2:0 横扫,否（无赛前价存档）
DOTA,The International North America Open Qualifier 2 Playoffs,2026-06-12,dota2-ggboom1-ign-2026-06-12,Ignite, GG Boom, GG Boom,2:1 打满,否（无赛前价存档）
DOTA,The International North America Open Qualifier 2 Playoffs,2026-06-12,dota2-5chuds-mitesp-2026-06-12,Mit Esports,Mit Esports,Mit Esports,2:0 横扫,否（无赛前价存档）
DOTA,The International Europe Open Qualifier 2 Playoffs,2026-06-12,dota2-sb5-bald-2026-06-12,Team Bald,Team Bald,Team Bald,2:0 横扫,否（无赛前价存档）
DOTA,The International South America Open Qualifier 2 Playoffs,2026-06-12,dota2-tdk-modose-2026-06-12,TeamDk,TeamDk,TeamDk,2:0 横扫,否（无赛前价存档）
DOTA,EPL World Series Southeast Asia Group Stage,2026-06-13,dota2-carst-ivo-2026-06-13,Carstensz,Carstensz,Carstensz,2:0 横扫,否（无赛前价存档）
DOTA,European Pro League Group B,2026-06-14,dota2-4iki-pr1-2026-06-14,Power Rangers,4ikibamboni,4ikibamboni,2:1 打满,否（无赛前价存档）
DOTA,EPL World Series Southeast Asia Group Stage,2026-06-14,dota2-mental-carst-2026-06-14,Mentality Monster,Carstensz,Mentality Monster,2:1 打满,否（无赛前价存档）
DOTA,The International China Closed Qualifier Playoffs,2026-06-15,dota2-roar-ref-2026-06-15,Team Refuser,Team Refuser,Team Refuser,2:0 横扫,否（无赛前价存档）
DOTA,The International China Closed Qualifier Playoffs,2026-06-15,dota2-yb1-gamema-2026-06-15,Yakult Brothers,Yakult Brothers,Yakult Brothers,2:0 横扫,否（无赛前价存档）
DOTA,The International China Closed Qualifier Playoffs,2026-06-15,dota2-tr7-clo-2026-06-15,Team Resilience,Team Resilience,Team Resilience,2:0 横扫,否（无赛前价存档）
DOTA,The International China Closed Qualifier Playoffs,2026-06-15,dota2-vg-greytr-2026-06-15,Vici Gaming,Vici Gaming,Vici Gaming,2:0 横扫,否（无赛前价存档）
DOTA,European Pro League Group B,2026-06-15,dota2-fla-4iki-2026-06-15,4ikibamboni,Flame Team,Flame Team,2:1 打满,否（无赛前价存档）
DOTA,European Pro League Group A,2026-06-15,dota2-sb5-hive1-2026-06-15,summer bear,summer bear,summer bear,2:0 横扫,否（无赛前价存档）
DOTA,European Pro League Group B,2026-06-15,dota2-pr1-spirit1-2026-06-15,Power Rangers,Power Rangers,Power Rangers,2:0 横扫,否（无赛前价存档）
DOTA,The International South America Closed Qualifier Playoffs,2026-06-15,dota2-lindor-x5-2026-06-15,x5 Gaming,Lindorfitos,Lindorfitos,2:1 打满,否（无赛前价存档）
DOTA,The International South America Closed Qualifier Playoffs,2026-06-15,dota2-hkr-nem-2026-06-15,Team Nemesis,Team Nemesis,Team Nemesis,2:0 横扫,否（无赛前价存档）
DOTA,The International South America Closed Qualifier Playoffs,2026-06-15,dota2-rising-eb-2026-06-15,Estar Backs,Estar Backs,Estar Backs,2:0 横扫,否（无赛前价存档）
DOTA,The International Europe Closed Qualifier Playoffs,2026-06-21,dota2-ts8-vpp-2026-06-21,Team Spirit,Team Spirit,Team Spirit,2:0 横扫,否（无赛前价存档）
DOTA,The International Europe Closed Qualifier Playoffs,2026-06-21,dota2-ngx-re-2026-06-21,Nigma Galaxy,Nigma Galaxy,Nigma Galaxy,2:0 横扫,否（无赛前价存档）
DOTA,The International Europe Closed Qualifier Playoffs,2026-06-21,dota2-enjoy-bald-2026-06-21,Enjoy,Enjoy,Enjoy,2:0 横扫,否（无赛前价存档）
DOTA,The International Europe Closed Qualifier Playoffs,2026-06-21,dota2-navi-modus-2026-06-21,Natus Vincere,Natus Vincere,Natus Vincere,2:0 横扫,否（无赛前价存档）
DOTA,The International Europe Closed Qualifier Playoffs,2026-06-22,dota2-pr1-l1ga-2026-06-22,Power Rangers,L1ga Team,Power Rangers,2:1 打满,否（无赛前价存档）
DOTA,The International Europe Closed Qualifier Playoffs,2026-06-22,dota2-vp-ic-2026-06-22,Inner Circle,Virtus.pro,Virtus.pro,2:1 打满,否（无赛前价存档）
DOTA,The International North America Closed Qualifier Playoffs,2026-06-24,dota2-gl-4ancho-2026-06-24,GamerLegion,GamerLegion,GamerLegion,2:0 横扫,否（无赛前价存档）
DOTA,The International Europe Closed Qualifier Playoffs,2026-06-22,dota2-mouz-yes-2026-06-22,Yellow Submarine,Yellow Submarine,Yellow Submarine,2:0 横扫,否（无赛前价存档）
DOTA,EPL World Series Southeast Asia Group Stage,2026-06-14,dota2-dfam-iac-2026-06-14,D family,InterActive Philippines,InterActive Philippines,2:1 打满,否（无赛前价存档）
DOTA,EPL World Series Southeast Asia Group Stage,2026-06-15,dota2-winter-ivo-2026-06-15,WinteR SquadronS,Ivory,Ivory,2:1 打满,否（无赛前价存档）
DOTA,The International Southeast Asia Closed Qualifier Playoffs,2026-06-19,dota2-yg-iac-2026-06-19,Yangon Galacticos,InterActive Philippines,InterActive Philippines,2:1 打满,否（无赛前价存档）
DOTA,The International Southeast Asia Closed Qualifier Playoffs,2026-06-19,dota2-xctn-carst-2026-06-19,Execration,Execration,Execration,2:0 横扫,否（无赛前价存档）
DOTA,The International Southeast Asia Closed Qualifier Playoffs,2026-06-18,dota2-grind-mental-2026-06-18,Grind Back,Grind Back,Grind Back,2:0 横扫,否（无赛前价存档）
DOTA,EPL World Series Southeast Asia Group Stage,2026-06-15,dota2-dfam-mental-2026-06-15,D family,Mentality Monster,D family,2:1 打满,否（无赛前价存档）
DOTA,The International China Closed Qualifier Playoffs,2026-06-16,dota2-ref-tr7-2026-06-16,Team Resilience,Team Resilience,Team Resilience,2:0 横扫,否（无赛前价存档）
DOTA,The International China Closed Qualifier Playoffs,2026-06-16,dota2-gamema-greytr-2026-06-16,Game Master,Game Master,Game Master,2:0 横扫,否（无赛前价存档）
DOTA,The International China Closed Qualifier Playoffs,2026-06-16,dota2-yb1-vg-2026-06-16,Yakult Brothers,Yakult Brothers,Yakult Brothers,2:0 横扫,否（无赛前价存档）
DOTA,The International China Closed Qualifier Playoffs,2026-06-16,dota2-roar-clo-2026-06-16,Roar Gaming,Cloud Rising,Cloud Rising,2:1 打满,否（无赛前价存档）
DOTA,European Pro League Group B,2026-06-16,dota2-4iki-spirit1-2026-06-16,4ikibamboni,Spirit Academy,Spirit Academy,2:1 打满,否（无赛前价存档）
DOTA,European Pro League Group B,2026-06-16,dota2-fla-spirit1-2026-06-16,Spirit Academy,Spirit Academy,Spirit Academy,2:0 横扫,否（无赛前价存档）
DOTA,The International South America Closed Qualifier Playoffs,2026-06-16,dota2-lgd-lindor-2026-06-16,LGD Gaming,LGD Gaming,LGD Gaming,2:0 横扫,否（无赛前价存档）
DOTA,EPL World Series Southeast Asia Group Stage,2026-06-15,dota2-mental-iac-2026-06-15,Mentality Monster,InterActive Philippines,InterActive Philippines,2:1 打满,否（无赛前价存档）
DOTA,EPL World Series Southeast Asia Group Stage,2026-06-16,dota2-carst-winter-2026-06-16,Carstensz,Carstensz,Carstensz,2:0 横扫,否（无赛前价存档）
DOTA,The International South America Closed Qualifier Playoffs,2026-06-16,dota2-playti-eb-2026-06-16,PlayTime,PlayTime,PlayTime,2:0 横扫,否（无赛前价存档）
DOTA,EPL World Series Southeast Asia Group Stage,2026-06-16,dota2-carst-iac-2026-06-16,Carstensz,Carstensz,Carstensz,2:0 横扫,否（无赛前价存档）
DOTA,EPL World Series Southeast Asia Group Stage,2026-06-17,dota2-iac-ivo-2026-06-17,Ivory,Ivory,Ivory,2:0 横扫,否（无赛前价存档）
DOTA,The International China Closed Qualifier Playoffs,2026-06-17,dota2-ref-gamema-2026-06-17,Team Refuser,Team Refuser,Team Refuser,2:0 横扫,否（无赛前价存档）
DOTA,The International China Closed Qualifier Playoffs,2026-06-17,dota2-vg-clo-2026-06-17,Vici Gaming,Vici Gaming,Vici Gaming,2:0 横扫,否（无赛前价存档）
DOTA,The International China Closed Qualifier Playoffs,2026-06-18,dota2-tr7-yb1-2026-06-18,Team Resilience,Team Resilience,Team Resilience,2:0 横扫,否（无赛前价存档）
DOTA,European Pro League Group B,2026-06-17,dota2-pr1-fla-2026-06-17,Power Rangers,Flame Team,Power Rangers,2:1 打满,否（无赛前价存档）
DOTA,The International South America Closed Qualifier Playoffs,2026-06-17,dota2-nem-playti-2026-06-17,PlayTime,PlayTime,PlayTime,2:0 横扫,否（无赛前价存档）
DOTA,The International South America Closed Qualifier Playoffs,2026-06-17,dota2-amaru-lgd-2026-06-17,LGD Gaming,LGD Gaming,LGD Gaming,2:0 横扫,否（无赛前价存档）
DOTA,The International China Closed Qualifier Playoffs,2026-06-17,dota2-vg-ref-2026-06-17,Vici Gaming,Team Refuser,Vici Gaming,2:1 打满,否（无赛前价存档）
DOTA,European Pro League Playoffs,2026-06-18,dota2-sb5-spirit1-2026-06-18,summer bear,summer bear,summer bear,2:0 横扫,否（无赛前价存档）
DOTA,European Pro League Playoffs,2026-06-18,dota2-hive1-pr1-2026-06-18,Power Rangers,Power Rangers,Power Rangers,2:0 横扫,否（无赛前价存档）
DOTA,European Pro League Playoffs,2026-06-18,dota2-z10-fla-2026-06-18,Flame Team,Flame Team,Flame Team,2:0 横扫,否（无赛前价存档）
DOTA,European Pro League Playoffs,2026-06-18,dota2-vpp-4iki-2026-06-18,4ikibamboni,4ikibamboni,4ikibamboni,2:0 横扫,否（无赛前价存档）
DOTA,The International South America Closed Qualifier Playoffs,2026-06-18,dota2-lgd-playti-2026-06-18,PlayTime,LGD Gaming,LGD Gaming,2:1 打满,否（无赛前价存档）
DOTA,The International South America Closed Qualifier Playoffs,2026-06-18,dota2-amaru-eb-2026-06-18,Amaru Gaming,Estar Backs,Amaru Gaming,2:1 打满,否（无赛前价存档）
DOTA,The International China Closed Qualifier Playoffs,2026-06-18,dota2-yb1-vg-2026-06-18,Yakult Brothers,Vici Gaming,Vici Gaming,2:1 打满,否（无赛前价存档）
DOTA,European Pro League Playoffs,2026-06-19,dota2-vpp-z10-2026-06-19,Zero Tenacity,Zero Tenacity,Zero Tenacity,2:0 横扫,否（无赛前价存档）
DOTA,European Pro League Playoffs,2026-06-19,dota2-4iki-fla-2026-06-19,4ikibamboni,4ikibamboni,4ikibamboni,2:0 横扫,否（无赛前价存档）
DOTA,European Pro League Playoffs,2026-06-19,dota2-sb5-pr1-2026-06-19,summer bear,Power Rangers,Power Rangers,2:1 打满,否（无赛前价存档）
DOTA,European Pro League Playoffs,2026-06-19,dota2-spirit1-hive1-2026-06-19,Spirit Academy,Hive,Hive,2:1 打满,否（无赛前价存档）
DOTA,The International South America Closed Qualifier Playoffs,2026-06-18,dota2-nem-amaru-2026-06-18,Team Nemesis,Amaru Gaming,Amaru Gaming,2:1 打满,否（无赛前价存档）
DOTA,The International South America Closed Qualifier Playoffs,2026-06-19,dota2-playti-amaru-2026-06-19,PlayTime,PlayTime,PlayTime,2:0 横扫,否（无赛前价存档）
DOTA,The International Southeast Asia Closed Qualifier Playoffs,2026-06-20,dota2-og-iac-2026-06-20,OG,OG,OG,2:0 横扫,否（无赛前价存档）
DOTA,The International Southeast Asia Closed Qualifier Playoffs,2026-06-20,dota2-rnx-grind-2026-06-20,REKONIX,REKONIX,REKONIX,2:0 横扫,否（无赛前价存档）
DOTA,The International Southeast Asia Closed Qualifier Playoffs,2026-06-19,dota2-carst-yg-2026-06-19,Yangon Galacticos,Carstensz,Carstensz,2:1 打满,否（无赛前价存档）
DOTA,European Pro League Playoffs,2026-06-20,dota2-4iki-pr1-2026-06-20,Power Rangers,4ikibamboni,Power Rangers,2:1 打满,否（无赛前价存档）
DOTA,European Pro League Playoffs,2026-06-20,dota2-hive1-fla-2026-06-20,Flame Team,Hive,Flame Team,2:1 打满,否（无赛前价存档）
DOTA,European Pro League Playoffs,2026-06-20,dota2-z10-sb5-2026-06-20,summer bear,Zero Tenacity,Zero Tenacity,2:1 打满,否（无赛前价存档）
DOTA,The International Southeast Asia Closed Qualifier Playoffs,2026-06-20,dota2-grind-carst-2026-06-20,Grind Back,Grind Back,Grind Back,2:0 横扫,否（无赛前价存档）
DOTA,The International Southeast Asia Closed Qualifier Playoffs,2026-06-21,dota2-iac-mental-2026-06-21,Mentality Monster,Mentality Monster,Mentality Monster,2:0 横扫,否（无赛前价存档）
DOTA,The International Southeast Asia Closed Qualifier Playoffs,2026-06-21,dota2-glyph-og-2026-06-21,OG,OG,OG,2:0 横扫,否（无赛前价存档）
DOTA,European Pro League Playoffs,2026-06-21,dota2-z10-fla-2026-06-21,Zero Tenacity,Zero Tenacity,Zero Tenacity,2:0 横扫,否（无赛前价存档）
DOTA,The International Southeast Asia Closed Qualifier Playoffs,2026-06-21,dota2-xctn-mental-2026-06-21,Execration,Mentality Monster,Execration,2:1 打满,否（无赛前价存档）
DOTA,The International Southeast Asia Closed Qualifier Playoffs,2026-06-22,dota2-rnx-og-2026-06-22,OG,REKONIX,OG,2:1 打满,否（无赛前价存档）
DOTA,The International Europe Closed Qualifier Playoffs,2026-06-22,dota2-vsn1-4iki-2026-06-22,THE VISION,THE VISION,THE VISION,2:0 横扫,否（无赛前价存档）
DOTA,The International Southeast Asia Closed Qualifier Playoffs,2026-06-22,dota2-glyph-grind-2026-06-22,GLYPH,Grind Back,Grind Back,2:1 打满,否（无赛前价存档）
DOTA,European Pro League Playoffs,2026-06-21,dota2-4iki-z10-2026-06-21,4ikibamboni,4ikibamboni,4ikibamboni,2:0 横扫,否（无赛前价存档）
DOTA,The International Europe Closed Qualifier Playoffs,2026-06-23,dota2-ts8-enjoy-2026-06-23,Team Spirit,Team Spirit,Team Spirit,2:0 横扫,否（无赛前价存档）
DOTA,The International Europe Closed Qualifier Playoffs,2026-06-23,dota2-vpp-bald-2026-06-23,Team Bald,Team Bald,Team Bald,2:0 横扫,否（无赛前价存档）
DOTA,The International Europe Closed Qualifier Playoffs,2026-06-23,dota2-re-modus-2026-06-23,Rune Eaters,MODUS,MODUS,2:1 打满,否（无赛前价存档）
DOTA,The International Europe Closed Qualifier Playoffs,2026-06-23,dota2-ngx-navi-2026-06-23,Nigma Galaxy,Nigma Galaxy,Nigma Galaxy,2:0 横扫,否（无赛前价存档）
DOTA,The International Southeast Asia Closed Qualifier Playoffs,2026-06-22,dota2-xctn-grind-2026-06-22,Grind Back,Grind Back,Grind Back,2:0 横扫,否（无赛前价存档）
DOTA,The International Europe Closed Qualifier Playoffs,2026-06-24,dota2-mouz-ic-2026-06-24,MOUZ,MOUZ,MOUZ,2:0 横扫,否（无赛前价存档）
DOTA,The International Europe Closed Qualifier Playoffs,2026-06-24,dota2-yes-vp-2026-06-24,Yellow Submarine,Virtus.pro,Virtus.pro,2:1 打满,否（无赛前价存档）
DOTA,The International Southeast Asia Closed Qualifier Playoffs,2026-06-23,dota2-rnx-grind-2026-06-23,Grind Back,Grind Back,Grind Back,2:0 横扫,否（无赛前价存档）
DOTA,The International Europe Closed Qualifier Playoffs,2026-06-24,dota2-l1ga-4iki-2026-06-24,4ikibamboni,L1ga Team,L1ga Team,2:1 打满,否（无赛前价存档）
DOTA,The International Europe Closed Qualifier Playoffs,2026-06-24,dota2-pr1-vsn2-2026-06-24,TEAM VISION,TEAM VISION,TEAM VISION,2:0 横扫,否（无赛前价存档）
DOTA,The International Europe Closed Qualifier Playoffs,2026-06-25,dota2-ts8-ngx-2026-06-25,Nigma Galaxy,Team Spirit,Team Spirit,2:1 打满,否（无赛前价存档）
DOTA,The International Europe Closed Qualifier Playoffs,2026-06-26,dota2-navi-mouz-2026-06-26,Natus Vincere,Natus Vincere,Natus Vincere,2:0 横扫,否（无赛前价存档）
DOTA,The International North America Closed Qualifier Playoffs,2026-06-24,dota2-the-ggboom-2026-06-24,the bug,the bug,the bug,2:0 横扫,否（无赛前价存档）
DOTA,The International Europe Closed Qualifier Playoffs,2026-06-26,dota2-enjoy-huliga-2026-06-26,HULIGANI,HULIGANI,HULIGANI,2:0 横扫,否（无赛前价存档）
DOTA,The International Europe Closed Qualifier Playoffs,2026-06-26,dota2-yes-modus-2026-06-26,Yellow Submarine,Yellow Submarine,Yellow Submarine,2:0 横扫,否（无赛前价存档）
DOTA,The International Europe Closed Qualifier Playoffs,2026-06-25,dota2-vp-vsn2-2026-06-25,Virtus.pro,TEAM VISION,TEAM VISION,2:1 打满,否（无赛前价存档）
DOTA,EPL World Series Southeast Asia Playoffs,2026-06-25,dota2-carst-mental-2026-06-25,Carstensz,Carstensz,Carstensz,2:0 横扫,否（无赛前价存档）
DOTA,The International North America Closed Qualifier Playoffs,2026-06-25,dota2-the-gl-2026-06-25,GamerLegion,GamerLegion,GamerLegion,2:0 横扫,否（无赛前价存档）
DOTA,The International North America Closed Qualifier Playoffs,2026-06-25,dota2-ggboom-4ancho-2026-06-25,4 Anchors and Ilmeria,4 Anchors and Ilmeria,4 Anchors and Ilmeria,2:0 横扫,否（无赛前价存档）
DOTA,EPL World Series Southeast Asia Playoffs,2026-06-25,dota2-mental-ivo-2026-06-25,Mentality Monster,Mentality Monster,Mentality Monster,2:0 横扫,否（无赛前价存档）
DOTA,EPL World Series Southeast Asia Playoffs,2026-06-26,dota2-dfam-iac-2026-06-26,D family,InterActive Philippines,D family,2:1 打满,否（无赛前价存档）
DOTA,The International North America Closed Qualifier Playoffs,2026-06-26,dota2-4ancho-the-2026-06-26,4 Anchors and Ilmeria,4 Anchors and Ilmeria,4 Anchors and Ilmeria,2:0 横扫,否（无赛前价存档）
DOTA,The International Europe Closed Qualifier Playoffs,2026-06-27,dota2-navi-huliga-2026-06-27,HULIGANI,Natus Vincere,HULIGANI,2:1 打满,否（无赛前价存档）
DOTA,The International Europe Closed Qualifier Playoffs,2026-06-27,dota2-pr1-yes-2026-06-27,Power Rangers,Yellow Submarine,Yellow Submarine,2:1 打满,否（无赛前价存档）
DOTA,EPL World Series Southeast Asia Playoffs,2026-06-27,dota2-dfam-mental-2026-06-27,Mentality Monster,D family,Mentality Monster,2:1 打满,否（无赛前价存档）
DOTA,The International Europe Closed Qualifier Playoffs,2026-06-28,dota2-vp-huliga-2026-06-28,Virtus.pro,HULIGANI,HULIGANI,2:1 打满,否（无赛前价存档）
DOTA,The International Europe Closed Qualifier Playoffs,2026-06-28,dota2-ngx-yes-2026-06-28,Nigma Galaxy,Yellow Submarine,Nigma Galaxy,2:1 打满,否（无赛前价存档）
DOTA,EPL World Series Southeast Asia Playoffs,2026-06-27,dota2-carst-mental-2026-06-27,Carstensz,Carstensz,Carstensz,2:0 横扫,否（无赛前价存档）
DOTA,European Pro League Group A,2026-06-28,dota2-4iki-nemiga-2026-06-28,4ikibamboni,4ikibamboni,4ikibamboni,2:0 横扫,否（无赛前价存档）
DOTA,European Pro League Group A,2026-06-28,dota2-hive1-spirit1-2026-06-28,Hive,Spirit Academy,Hive,2:1 打满,否（无赛前价存档）
DOTA,European Pro League Group B,2026-06-29,dota2-balu-ill-2026-06-29,Ilbirs eSports,Ilbirs eSports,Ilbirs eSports,2:0 横扫,否（无赛前价存档）
DOTA,European Pro League Group B,2026-06-29,dota2-hab-sb5-2026-06-29,summer bear,Habibis,Habibis,2:1 打满,否（无赛前价存档）
DOTA,European Pro League Group A,2026-06-29,dota2-4iki-aion-2026-06-29,4ikibamboni,4ikibamboni,4ikibamboni,2:0 横扫,否（无赛前价存档）
DOTA,European Pro League Group A,2026-06-29,dota2-nemiga-hive1-2026-06-29,Nemiga Gaming,Nemiga Gaming,Nemiga Gaming,2:0 横扫,否（无赛前价存档）
DOTA,European Pro League Group A,2026-06-29,dota2-spirit1-pckcp-2026-06-29,Spirit Academy,Spirit Academy,Spirit Academy,2:0 横扫,否（无赛前价存档）
DOTA,European Pro League Group B,2026-06-30,dota2-ill-hab-2026-06-30,Ilbirs eSports,Ilbirs eSports,Ilbirs eSports,2:0 横扫,否（无赛前价存档）
DOTA,European Pro League Group B,2026-06-30,dota2-stx-sb5-2026-06-30,Team Syntax,summer bear,Team Syntax,2:1 打满,否（无赛前价存档）
DOTA,European Pro League Group A,2026-07-01,dota2-pckcp-nemiga-2026-07-01,Nemiga Gaming,PuckChamp,PuckChamp,2:1 打满,否（无赛前价存档）
DOTA,European Pro League Group B,2026-07-01,dota2-invisi-sb5-2026-07-01,summer bear,summer bear,summer bear,2:0 横扫,否（无赛前价存档）
DOTA,European Pro League Group B,2026-07-02,dota2-balu-hab-2026-07-02,BALU,BALU,BALU,2:0 横扫,否（无赛前价存档）
DOTA,European Pro League Group A,2026-07-02,dota2-spirit1-rearis-2026-07-02,Spirit Academy,Spirit Academy,Spirit Academy,2:0 横扫,否（无赛前价存档）
DOTA,European Pro League Group A,2026-07-02,dota2-nemiga-aion-2026-07-02,Nemiga Gaming,Team AION,Team AION,2:1 打满,否（无赛前价存档）
DOTA,European Pro League Group A,2026-07-03,dota2-aion-spirit1-2026-07-03,Spirit Academy,Spirit Academy,Spirit Academy,2:0 横扫,否（无赛前价存档）
DOTA,European Pro League Group B,2026-07-03,dota2-stx-hab-2026-07-03,Team Syntax,Team Syntax,Team Syntax,2:0 横扫,否（无赛前价存档）
DOTA,European Pro League Group A,2026-07-03,dota2-hive1-pckcp-2026-07-03,Hive,Hive,Hive,2:0 横扫,否（无赛前价存档）
DOTA,European Pro League Group B,2026-07-03,dota2-balu-invisi-2026-07-03,Invision,BALU,Invision,2:1 打满,否（无赛前价存档）
DOTA,European Pro League Group A,2026-07-04,dota2-aion-pckcp-2026-07-04,PuckChamp,Team AION,PuckChamp,2:1 打满,否（无赛前价存档）
DOTA,European Pro League Group B,2026-07-04,dota2-hab-invisi-2026-07-04,Invision,Invision,Invision,2:0 横扫,否（无赛前价存档）
DOTA,European Pro League Group A,2026-07-04,dota2-hive1-rearis-2026-07-04,RE.Arise,RE.Arise,RE.Arise,2:0 横扫,否（无赛前价存档）
DOTA,European Pro League Group B,2026-07-05,dota2-ill-stx-2026-07-05,Team Syntax,Team Syntax,Team Syntax,2:0 横扫,否（无赛前价存档）
DOTA,European Pro League Group A,2026-07-05,dota2-rearis-pckcp-2026-07-05,RE.Arise,RE.Arise,RE.Arise,2:0 横扫,否（无赛前价存档）
DOTA,European Pro League Group B,2026-07-06,dota2-balu-stx-2026-07-06,Team Syntax,Team Syntax,Team Syntax,2:0 横扫,否（无赛前价存档）
DOTA,European Pro League Group B,2026-07-07,dota2-balu-sb5-2026-07-07,summer bear,BALU,summer bear,2:1 打满,否（无赛前价存档）
DOTA,European Pro League Group A,2026-07-07,dota2-aion-hive1-2026-07-07,Hive,Hive,Hive,2:0 横扫,否（无赛前价存档）
DOTA,European Pro League Playoffs,2026-07-08,dota2-spirit1-sb5-2026-07-08,Spirit Academy,Spirit Academy,Spirit Academy,2:0 横扫,否（无赛前价存档）
DOTA,European Pro League Playoffs,2026-07-08,dota2-ill-hive1-2026-07-08,Ilbirs eSports,Ilbirs eSports,Ilbirs eSports,2:0 横扫,否（无赛前价存档）
DOTA,European Pro League Playoffs,2026-07-08,dota2-stx-nemiga-2026-07-08,Nemiga Gaming,Team Syntax,Nemiga Gaming,2:1 打满,否（无赛前价存档）
DOTA,European Pro League Playoffs,2026-07-08,dota2-rearis-invisi-2026-07-08,RE.Arise,RE.Arise,RE.Arise,2:0 横扫,否（无赛前价存档）
DOTA,European Pro League Playoffs,2026-07-09,dota2-rearis-spirit1-2026-07-09,RE.Arise,Spirit Academy,RE.Arise,2:1 打满,否（无赛前价存档）
DOTA,European Pro League Playoffs,2026-07-09,dota2-hive1-stx-2026-07-09,Team Syntax,Hive,Team Syntax,2:1 打满,否（无赛前价存档）
DOTA,European Pro League Playoffs,2026-07-09,dota2-ill-nemiga-2026-07-09,Nemiga Gaming,Nemiga Gaming,Nemiga Gaming,2:0 横扫,否（无赛前价存档）
DOTA,European Pro League Playoffs,2026-07-10,dota2-spirit1-stx-2026-07-10,Spirit Academy,Spirit Academy,Spirit Academy,2:0 横扫,是
DOTA,European Pro League Playoffs,2026-07-10,dota2-rearis-nemiga-2026-07-10,RE.Arise,Nemiga Gaming,RE.Arise,2:1 打满,是
DOTA,European Pro League Playoffs,2026-07-10,dota2-ill-sb5-2026-07-10,Ilbirs eSports,Ilbirs eSports,Ilbirs eSports,2:0 横扫,是
DOTA,European Pro League Playoffs,2026-07-11,dota2-ill-spirit1-2026-07-11,Spirit Academy,Ilbirs eSports,Spirit Academy,2:1 打满,是
DOTA,Esports World Cup Survival,2026-07-14,dota2-lgd-mouz-2026-07-14,LGD Gaming,LGD Gaming,LGD Gaming,2:0 横扫,是
DOTA,Esports World Cup Survival,2026-07-14,dota2-liquid-xtreme-2026-07-14,Xtreme Gaming,Team Liquid,Team Liquid,2:1 打满,是
DOTA,Esports World Cup Survival,2026-07-14,dota2-re-vp-2026-07-14,Virtus.pro,Rune Eaters,Rune Eaters,2:1 打满,是
DOTA,Esports World Cup Survival,2026-07-15,dota2-aur1-re-2026-07-15,Rune Eaters,Rune Eaters,Rune Eaters,2:0 横扫,是
DOTA,Esports World Cup Survival,2026-07-15,dota2-ts8-liquid-2026-07-15,Team Spirit,Team Liquid,Team Spirit,2:1 打满,是
DOTA,Esports World Cup Survival,2026-07-15,dota2-bb4-lgd-2026-07-15,BetBoom Team,BetBoom Team,BetBoom Team,2:0 横扫,是
DOTA,Esports World Cup Survival,2026-07-15,dota2-1win-vg-2026-07-15,1win,Vici Gaming,Vici Gaming,2:1 打满,是
DOTA,Esports World Cup Playoffs,2026-07-17,dota2-pari-re-2026-07-17,PARIVISION,PARIVISION,PARIVISION,2:0 横扫,是
DOTA,Esports World Cup Playoffs,2026-07-17,dota2-ty-ts8-2026-07-17,Team Yandex,Team Yandex,Team Yandex,2:0 横扫,是
DOTA,Esports World Cup Playoffs,2026-07-16,dota2-ngx-bb4-2026-07-16,BetBoom Team,BetBoom Team,BetBoom Team,2:0 横扫,是
DOTA,Esports World Cup Playoffs,2026-07-16,dota2-flc-vg-2026-07-16,Vici Gaming,Vici Gaming,Vici Gaming,2:0 横扫,是
DOTA,Esports World Cup Playoffs,2026-07-18,dota2-ty-pari-2026-07-18,PARIVISION,Team Yandex,PARIVISION,2:1 打满,是
DOTA,Esports World Cup Playoffs,2026-07-18,dota2-bb4-vg-2026-07-18,BetBoom Team,BetBoom Team,BetBoom Team,2:0 横扫,是
DOTA,Esports World Cup Playoffs,2026-07-19,dota2-vg-ty-2026-07-19,Team Yandex,Team Yandex,Team Yandex,2:0 横扫,是
DOTA,EPL Masters Play-In Group A,2026-07-20,dota2-stx-lynx-2026-07-20,Team Lynx,Team Syntax,Team Syntax,2:1 打满,是
DOTA,EPL Masters Play-In Group A,2026-07-20,dota2-lynx-pckcp-2026-07-20,PuckChamp,PuckChamp,PuckChamp,2:0 横扫,是
DOTA,EPL Masters Play-In Group B,2026-07-20,dota2-z10-nemiga-2026-07-20,Zero Tenacity,Zero Tenacity,Zero Tenacity,2:0 横扫,是
DOTA,EPL Masters Play-In Group A,2026-07-20,dota2-spirit1-jenz-2026-07-20,Team Jenz,Team Jenz,Team Jenz,2:0 横扫,是
DOTA,EPL Masters Play-In Group B,2026-07-20,dota2-lvlup1-ill-2026-07-20,Level UP,Level UP,Level UP,2:0 横扫,是
DOTA,EPL Masters Play-In Group B,2026-07-21,dota2-nemiga-dan-2026-07-21,Nemiga Gaming,Nemiga Gaming,Nemiga Gaming,2:0 横扫,是
DOTA,EPL Masters Play-In Group A,2026-07-21,dota2-pckcp-stx-2026-07-21,PuckChamp,Team Syntax,Team Syntax,2:1 打满,是
DOTA,EPL Masters Play-In Group A,2026-07-21,dota2-jenz-lynx-2026-07-21,Team Jenz,Team Jenz,Team Jenz,2:0 横扫,是
DOTA,EPL Masters Play-In Group A,2026-07-21,dota2-lynx-spirit1-2026-07-21,Team Lynx,Spirit Academy,Spirit Academy,2:1 打满,是
DOTA,EPL Masters Play-In Group B,2026-07-21,dota2-z10-aion-2026-07-21,Zero Tenacity,Zero Tenacity,Zero Tenacity,2:0 横扫,是
DOTA,EPL Masters Play-In Group B,2026-07-22,dota2-nemiga-aion-2026-07-22,Nemiga Gaming,Nemiga Gaming,Nemiga Gaming,2:0 横扫,是
DOTA,EPL Masters Play-In Group B,2026-07-22,dota2-ill-dan-2026-07-22,Ilbirs eSports,Ilbirs eSports,Ilbirs eSports,2:0 横扫,是
DOTA,EPL Masters Play-In Group A,2026-07-22,dota2-stx-spirit1-2026-07-22,Team Syntax,Spirit Academy,Team Syntax,2:1 打满,是
DOTA,EPL Masters Play-In Group A,2026-07-22,dota2-pckcp-jenz-2026-07-22,PuckChamp,Team Jenz,Team Jenz,2:1 打满,是
DOTA,EPL Masters Play-In Group B,2026-07-22,dota2-z10-lvlup1-2026-07-22,Level UP,Zero Tenacity,Level UP,2:1 打满,是
DOTA,EPL Masters Play-In Group B,2026-07-23,dota2-dan-z10-2026-07-23,Zero Tenacity,Dandelions,Zero Tenacity,2:1 打满,是
DOTA,EPL Masters Play-In Group A,2026-07-22,dota2-jenz-stx-2026-07-22,Team Syntax,Team Jenz,Team Syntax,2:1 打满,是
DOTA,EPL Masters Play-In Group B,2026-07-23,dota2-nemiga-ill-2026-07-23,Ilbirs eSports,Nemiga Gaming,Ilbirs eSports,2:1 打满,是
DOTA,EPL Masters Play-In Group B,2026-07-23,dota2-lvlup1-aion-2026-07-23,Level UP,Team AION,Level UP,2:1 打满,是
DOTA,EPL Masters Play-In Group A,2026-07-23,dota2-spirit1-pckcp-2026-07-23,Spirit Academy,PuckChamp,Spirit Academy,2:1 打满,是
DOTA,EPL Masters Play-In Group A,2026-07-23,dota2-jenz-kw1-2026-07-23,KW,Team Jenz,Team Jenz,2:1 打满,是
DOTA,EPL Masters Play-In Group B,2026-07-24,dota2-z10-ill-2026-07-24,Ilbirs eSports,Ilbirs eSports,Ilbirs eSports,2:0 横扫,是
DOTA,EPL Masters Play-In Group B,2026-07-24,dota2-nemiga-lvlup1-2026-07-24,Level UP,Level UP,Level UP,2:0 横扫,是
DOTA,EPL Masters Play-In Group B,2026-07-24,dota2-aion-dan-2026-07-24,Dandelions,Team AION,Team AION,2:1 打满,是
DOTA,EPL Masters Play-In Group A,2026-07-24,dota2-kw1-stx-2026-07-24,KW,KW,KW,2:0 横扫,是
DOTA,EPL Masters Play-In Group A,2026-07-24,dota2-kw1-spirit1-2026-07-24,Spirit Academy,KW,KW,2:1 打满,是
DOTA,EPL Masters Play-In Group B,2026-07-25,dota2-ill-aion-2026-07-25,Ilbirs eSports,Ilbirs eSports,Ilbirs eSports,2:0 横扫,是
DOTA,EPL Masters Play-In Group A,2026-07-25,dota2-kw1-pckcp-2026-07-25,PuckChamp,PuckChamp,PuckChamp,2:0 横扫,是
DOTA,EPL Masters Play-In Group A,2026-07-25,dota2-lynx-kw1-2026-07-25,KW,Team Lynx,Team Lynx,2:1 打满,是
DOTA,Paragon Turbina Playoffs,2026-07-25,dota2-spirit1-yes-2026-07-25,Yellow Submarine,Spirit Academy,Spirit Academy,2:1 打满,是
DOTA,EPL Masters Group A,2026-07-26,dota2-nemiga-ill-2026-07-26,Ilbirs eSports,Nemiga Gaming,Ilbirs eSports,2:1 打满,是
DOTA,EPL Masters Group B,2026-07-26,dota2-kw1-rearis-2026-07-26,RE.Arise,RE.Arise,RE.Arise,2:0 横扫,是
DOTA,EPL Masters Group B,2026-07-26,dota2-rearis-pckcp-2026-07-26,RE.Arise,RE.Arise,RE.Arise,2:0 横扫,是
DOTA,EPL Masters Group A,2026-07-26,dota2-jenz-stx-2026-07-26,Team Syntax,Team Jenz,Team Syntax,2:1 打满,是
DOTA,BetBoom Streamers Battle Group B,2026-07-27,dota2-ybn-dxk-2026-07-27,Daxak Team,Daxak Team,Daxak Team,2:0 横扫,是
DOTA,BetBoom Streamers Battle Group A,2026-07-27,dota2-ns4-rt-2026-07-27,Rostik Team,NS Team,NS Team,2:1 打满,是
DOTA,BetBoom Streamers Battle Group B,2026-07-27,dota2-vds-avi-2026-07-27,VooDooSh Team,avice Team,avice Team,2:1 打满,是
DOTA,BetBoom Streamers Battle Group A,2026-07-28,dota2-ns4-tt1-2026-07-28,Travoman Team,Travoman Team,Travoman Team,2:0 横扫,是
DOTA,BetBoom Streamers Battle Group A,2026-07-28,dota2-st1-rt-2026-07-28,Rostik Team,Stray Team,Stray Team,2:1 打满,是
DOTA,BetBoom Streamers Battle Group B,2026-07-28,dota2-vds-dxk-2026-07-28,VooDooSh Team,Daxak Team,Daxak Team,2:1 打满,是
DOTA,BetBoom Streamers Battle Group B,2026-07-28,dota2-ybn-avi-2026-07-28,avice Team,avice Team,avice Team,2:0 横扫,是
DOTA,BetBoom Streamers Battle Group B,2026-07-29,dota2-ybn-vds-2026-07-29,YBN Team,VooDooSh Team,VooDooSh Team,2:1 打满,是
DOTA,BetBoom Streamers Battle Group A,2026-07-29,dota2-ns4-st1-2026-07-29,Stray Team,Stray Team,Stray Team,2:0 横扫,是
DOTA,BetBoom Streamers Battle Group A,2026-07-29,dota2-rt-tt1-2026-07-29,Rostik Team,Travoman Team,Travoman Team,2:1 打满,是
DOTA,BetBoom Streamers Battle Group A,2026-07-30,dota2-st1-tt1-2026-07-30,Stray Team,Stray Team,Stray Team,2:0 横扫,是
DOTA,BetBoom Streamers Battle Group B,2026-07-30,dota2-avi-dxk-2026-07-30,Daxak Team,Daxak Team,Daxak Team,2:0 横扫,是
DOTA,EPL Masters Group B,2026-07-27,dota2-lvlup1-pckcp-2026-07-27,Level UP,Level UP,Level UP,2:0 横扫,是
DOTA,EPL Masters Group A,2026-07-27,dota2-stx-nemiga-2026-07-27,Nemiga Gaming,Team Syntax,Team Syntax,2:1 打满,是
DOTA,EPL Masters Group A,2026-07-28,dota2-pr1-nemiga-2026-07-28,Power Rangers,Nemiga Gaming,Power Rangers,2:1 打满,是
DOTA,EPL Masters Group B,2026-07-28,dota2-pckcp-kw1-2026-07-28,PuckChamp,PuckChamp,PuckChamp,2:0 横扫,是
DOTA,EPL Masters Group B,2026-07-28,dota2-nh-pckcp-2026-07-28,No Hoodwink,No Hoodwink,No Hoodwink,2:0 横扫,是
DOTA,Games of the Future Group A,2026-07-31,dota2-yes-xctn-2026-07-31,Yellow Submarine,Yellow Submarine,Yellow Submarine,2:0 横扫,是
DOTA,Games of the Future Group B,2026-07-31,dota2-re-midas3-2026-07-31,Rune Eaters,Rune Eaters,Rune Eaters,2:0 横扫,是
DOTA,Games of the Future Group A,2026-07-31,dota2-vg-amaru-2026-07-31,Amaru Gaming,Vici Gaming,Vici Gaming,2:1 打满,是
DOTA,Games of the Future Group C,2026-07-31,dota2-yb1-z10-2026-07-31,Zero Tenacity,Zero Tenacity,Zero Tenacity,2:0 横扫,是
DOTA,Games of the Future Group D,2026-07-31,dota2-xtreme-lgd-2026-07-31,Xtreme Gaming,LGD Gaming,Xtreme Gaming,2:1 打满,否（无赛前价存档）
DOTA,EPL Masters Group B,2026-07-29,dota2-rearis-z10-2026-07-29,Zero Tenacity,Zero Tenacity,Zero Tenacity,2:0 横扫,是
DOTA,EPL Masters Group A,2026-07-29,dota2-amaru-nemiga-2026-07-29,Nemiga Gaming,Amaru Gaming,Nemiga Gaming,2:1 打满,是
DOTA,Games of the Future Group C,2026-07-31,dota2-enjoy-glyph-2026-07-31,GLYPH,GLYPH,GLYPH,2:0 横扫,是
DOTA,Games of the Future Group B,2026-07-31,dota2-tr7-playti-2026-07-31,PlayTime,PlayTime,PlayTime,2:0 横扫,是
DOTA,Games of the Future Group D,2026-07-31,dota2-l1ga-rnx-2026-07-31,REKONIX,L1ga Team,REKONIX,2:1 打满,是
DOTA,EPL Masters Group B,2026-07-30,dota2-pckcp-z10-2026-07-30,Zero Tenacity,Zero Tenacity,Zero Tenacity,2:0 横扫,是
DOTA,EPL Masters Group B,2026-07-30,dota2-lvlup1-z10-2026-07-30,Level UP,Zero Tenacity,Level UP,2:1 打满,是
DOTA,EPL Masters Group A,2026-07-30,dota2-amaru-pr1-2026-07-30,Power Rangers,Power Rangers,Power Rangers,2:0 横扫,是
DOTA,BetBoom Streamers Battle Playoffs,2026-07-31,dota2-avi-ns4-2026-07-31,NS Team,NS Team,NS Team,2:0 横扫,是
DOTA,BetBoom Streamers Battle Playoffs,2026-07-31,dota2-tt1-vds-2026-07-31,VooDooSh Team,Travoman Team,Travoman Team,2:1 打满,是
DOTA,BetBoom Streamers Battle Playoffs,2026-07-31,dota2-ns4-st1-2026-07-31,Stray Team,NS Team,Stray Team,2:1 打满,是
DOTA,BetBoom Streamers Battle Playoffs,2026-07-31,dota2-tt1-dxk-2026-07-31,Travoman Team,Travoman Team,Travoman Team,2:0 横扫,是
DOTA,Games of the Future Group A,2026-08-01,dota2-xctn-amaru-2026-08-01,Execration,Amaru Gaming,Execration,2:1 打满,是
DOTA,Games of the Future Group B,2026-08-01,dota2-midas3-tr7-2026-08-01,Midas Club,Team Resilience,Team Resilience,2:1 打满,是
DOTA,Games of the Future Group A,2026-08-01,dota2-yes-vg-2026-08-01,Vici Gaming,Vici Gaming,Vici Gaming,2:0 横扫,是
DOTA,Games of the Future Group B,2026-08-01,dota2-re-playti-2026-08-01,Rune Eaters,Rune Eaters,Rune Eaters,2:0 横扫,是
DOTA,Games of the Future Group C,2026-08-01,dota2-enjoy-yb1-2026-08-01,Yakult Brothers,Enjoy,Yakult Brothers,2:1 打满,是
DOTA,Games of the Future Group C,2026-08-01,dota2-glyph-z10-2026-08-01,GLYPH,GLYPH,GLYPH,2:0 横扫,是
DOTA,BetBoom Streamers Battle Playoffs,2026-08-01,dota2-dxk-avi-2026-08-01,avice Team,avice Team,avice Team,2:0 横扫,是
DOTA,BetBoom Streamers Battle Playoffs,2026-08-01,dota2-ns4-vds-2026-08-01,VooDooSh Team,NS Team,NS Team,2:1 打满,是
DOTA,BetBoom Streamers Battle Playoffs,2026-08-01,dota2-st1-tt1-2026-08-01,Travoman Team,Travoman Team,Travoman Team,2:0 横扫,是
DOTA,Games of the Future Group D,2026-08-01,dota2-l1ga-lgd-2026-08-01,LGD Gaming,L1ga Team,LGD Gaming,2:1 打满,是
DOTA,Games of the Future Group D,2026-08-01,dota2-rnx-xtreme-2026-08-01,Xtreme Gaming,Xtreme Gaming,Xtreme Gaming,2:0 横扫,是
DOTA,Games of the Future Playoffs,2026-08-02,dota2-playti-xctn-2026-08-02,Execration,PlayTime,PlayTime,2:1 打满,是
DOTA,Games of the Future Playoffs,2026-08-02,dota2-yes-tr7-2026-08-02,Yellow Submarine,Team Resilience,Team Resilience,2:1 打满,是
DOTA,BetBoom Streamers Battle Playoffs,2026-08-01,dota2-avi-ns4-2026-08-01,avice Team,NS Team,NS Team,2:1 打满,是
DOTA,Games of the Future Playoffs,2026-08-02,dota2-rnx-yb1-2026-08-02,REKONIX,Yakult Brothers,Yakult Brothers,2:1 打满,是
DOTA,Games of the Future Playoffs,2026-08-02,dota2-z10-lgd-2026-08-02,LGD Gaming,LGD Gaming,LGD Gaming,2:0 横扫,否（无赛前价存档）
DOTA,BetBoom Streamers Battle Playoffs,2026-08-02,dota2-st1-ns4-2026-08-02,Stray Team,Stray Team,Stray Team,2:0 横扫,是
DOTA,Games of the Future Playoffs,2026-08-03,dota2-glyph-playti-2026-08-03,PlayTime,GLYPH,PlayTime,2:1 打满,是
DOTA,Games of the Future Playoffs,2026-08-03,dota2-xtreme-tr7-2026-08-03,Xtreme Gaming,Team Resilience,Team Resilience,2:1 打满,是
DOTA,1win Essence Playoffs,2026-08-03,dota2-lgd-1win-2026-08-03,1win,1win,1win,2:0 横扫,是
DOTA,Games of the Future Playoffs,2026-08-03,dota2-vg-yb1-2026-08-03,Vici Gaming,Yakult Brothers,Yakult Brothers,2:1 打满,是
DOTA,1win Essence Playoffs,2026-08-03,dota2-og-gl-2026-08-03,OG,OG,OG,2:0 横扫,是
DOTA,1win Essence Playoffs,2026-08-03,dota2-flc-bb4-2026-08-03,Team Falcons,Team Falcons,Team Falcons,2:0 横扫,是
DOTA,1win Essence Playoffs,2026-08-03,dota2-liquid-vg-2026-08-03,Team Liquid,Vici Gaming,Team Liquid,2:1 打满,是
DOTA,Games of the Future Playoffs,2026-08-03,dota2-re-lgd-2026-08-03,LGD Gaming,Rune Eaters,Rune Eaters,2:1 打满,是
DOTA,EPL Masters Group B,2026-08-06,dota2-lvlup1-rearis-2026-08-06,Level UP,Level UP,Level UP,2:0 横扫,是
DOTA,EPL Masters Group B,2026-08-06,dota2-rearis-nh-2026-08-06,No Hoodwink,RE.Arise,RE.Arise,2:1 打满,是
DOTA,EPL Masters Group B,2026-08-06,dota2-nh-lvlup1-2026-08-06,No Hoodwink,Level UP,Level UP,2:1 打满,是
DOTA,EPL Masters Group A,2026-08-06,dota2-ill-pr1-2026-08-06,Ilbirs eSports,Power Rangers,Power Rangers,2:1 打满,是
DOTA,Games of the Future Playoffs,2026-08-04,dota2-playti-tr7-2026-08-04,PlayTime,PlayTime,PlayTime,2:0 横扫,是
DOTA,1win Essence Playoffs,2026-08-04,dota2-bb4-og-2026-08-04,BetBoom Team,OG,BetBoom Team,2:1 打满,是
DOTA,1win Essence Playoffs,2026-08-04,dota2-1win-vg-2026-08-04,1win,1win,1win,2:0 横扫,是
DOTA,1win Essence Playoffs,2026-08-04,dota2-flc-liquid-2026-08-04,Team Falcons,Team Falcons,Team Falcons,2:0 横扫,是
DOTA,Games of the Future Playoffs,2026-08-04,dota2-yb1-re-2026-08-04,Yakult Brothers,Rune Eaters,Yakult Brothers,2:1 打满,是
DOTA,1win Essence Playoffs,2026-08-05,dota2-1win-bb4-2026-08-05,BetBoom Team,1win,1win,2:1 打满,是
DOTA,Games of the Future Playoffs,2026-08-05,dota2-tr7-re-2026-08-05,Team Resilience,Team Resilience,Team Resilience,2:0 横扫,是
DOTA,1win Essence Playoffs,2026-08-05,dota2-liquid-1win-2026-08-05,Team Liquid,Team Liquid,Team Liquid,2:0 横扫,是
DOTA,EPL Masters Group A,2026-08-07,dota2-pr1-jenz-2026-08-07,Power Rangers,Power Rangers,Power Rangers,2:0 横扫,是
DOTA,EPL Masters Group B,2026-08-07,dota2-nh-z10-2026-08-07,Zero Tenacity,Zero Tenacity,Zero Tenacity,2:0 横扫,是
DOTA,EPL Masters Group A,2026-08-07,dota2-ill-stx-2026-08-07,Ilbirs eSports,Ilbirs eSports,Ilbirs eSports,2:0 横扫,是
DOTA,EPL Masters Group A,2026-08-07,dota2-jenz-nemiga-2026-08-07,Nemiga Gaming,Nemiga Gaming,Nemiga Gaming,2:0 横扫,是
DOTA,Asgard Championship Playoffs,2026-08-07,dota2-rearis-spirit1-2026-08-07,Spirit Academy,Spirit Academy,Spirit Academy,2:0 横扫,是
DOTA,Asgard Championship Playoffs,2026-08-07,dota2-fts-lvlup1-2026-08-07,Level UP,FTS,Level UP,2:1 打满,是
DOTA,Asgard Championship Playoffs,2026-08-07,dota2-pckcp-lynx-2026-08-07,PuckChamp,Team Lynx,Team Lynx,2:1 打满,是
DOTA,Asgard Championship Playoffs,2026-08-08,dota2-ill-nh-2026-08-08,Ilbirs eSports,No Hoodwink,No Hoodwink,2:1 打满,是
DOTA,EPL Masters Group A,2026-08-08,dota2-pr1-stx-2026-08-08,Power Rangers,Power Rangers,Power Rangers,2:0 横扫,是
DOTA,EPL Masters Group A,2026-08-08,dota2-jenz-ill-2026-08-08,Ilbirs eSports,Ilbirs eSports,Ilbirs eSports,2:0 横扫,是
DOTA,Asgard Championship Playoffs,2026-08-08,dota2-lvlup1-lynx-2026-08-08,Level UP,Team Lynx,Level UP,2:1 打满,是
DOTA,Asgard Championship Playoffs,2026-08-08,dota2-fts-pckcp-2026-08-08,FTS,FTS,FTS,2:0 横扫,是
DOTA,Asgard Championship Playoffs,2026-08-08,dota2-spirit1-nh-2026-08-08,Spirit Academy,Spirit Academy,Spirit Academy,2:0 横扫,是
